generation,N_shifts,logPrior,logLik,eventRate,acceptRate
0,0,-59.4534,-290.062,1,1
1000,9,24.5924,-61.7861,8.13575,0.803
2000,15,68.9696,-28.176,7.93821,0.716
3000,13,54.692,2.71063,8.02404,0.691
4000,11,57.8941,67.7954,4.69052,0.714821
5000,4,24.0841,77.4219,1.04889,0.629
6000,2,15.8119,145.578,0.267162,0.537
7000,5,28.4067,191.346,5.36737,0.53
8000,2,16.4964,244.538,1.42922,0.488
9000,5,34.8387,267.028,1.52601,0.452
10000,9,59.0689,291.483,3.34212,0.419
11000,1,4.20878,298.557,0.146139,0.419144
12000,1,1.60151,298.314,0.429104,0.361
13000,0,6.14612,325.187,0.0311571,0.378333
14000,1,11.1274,306.021,0.956337,0.343
15000,0,5.37737,314.792,0.76314,0.371
16000,0,5.87629,319.212,0.249929,0.318
17000,0,5.1201,337,0.814667,0.297
18000,4,18.7204,306.965,3.18349,0.408422
19000,2,13.0308,311.209,1.01622,0.365
20000,1,3.79275,318.326,0.893463,0.383125
21000,2,13.4556,333.633,1.10573,0.3535
22000,1,7.73749,308.669,0.620021,0.373
23000,3,14.9591,326.221,4.19869,0.348
24000,3,17.0509,322.638,1.69334,0.38
25000,3,18.1042,328.348,0.537435,0.386
26000,0,2.14095,310.352,0.165246,0.343
27000,1,8.30679,330.314,0.289372,0.335
28000,4,19.7184,317.831,2.36522,0.382
29000,10,57.7476,295.018,2.28526,0.38
30000,4,15.1934,308.971,1.79807,0.3778
31000,4,20.214,331.067,1.9717,0.379
32000,6,31.6185,337.621,2.74945,0.389
33000,0,6.4233,320.145,0.121985,0.372241
34000,0,6.41519,327.599,0.131174,0.383
35000,2,9.39882,312.845,2.57622,0.388167
36000,3,18.4442,326.794,0.452538,0.368
37000,4,23.6456,320.558,2.59541,0.377
38000,3,18.4531,322.649,2.0541,0.363
39000,0,5.3211,327.936,0.684548,0.331955
40000,1,11.0129,325.851,1.59588,0.348
41000,4,24.8901,343.777,1.32486,0.363333
42000,5,23.8137,343.14,3.65625,0.3765
43000,0,6.10659,347.934,0.334405,0.331778
44000,1,9.99677,331.642,0.521201,0.32725
45000,0,5.30169,336.862,0.561096,0.31
46000,0,5.72819,339.424,0.199576,0.329
47000,2,15.9178,319.874,2.43886,0.328
48000,0,6.08221,346.762,0.488304,0.298
49000,8,44.4205,348.058,2.96118,0.343714
50000,4,22.5192,360.284,3.21536,0.357
51000,5,29.1849,358.407,1.83275,0.325
52000,3,17.3254,348.849,1.43389,0.285
53000,3,16.1924,337.858,1.84735,0.361
54000,4,23.3971,346.621,2.0624,0.326
55000,6,36.0042,336.345,2.69549,0.355
56000,0,6.66594,346.685,0.0653153,0.314125
57000,3,23.093,351.814,2.07051,0.327
58000,0,6.427,343.479,0.325147,0.293
59000,3,21.2099,345.082,3.33509,0.349
60000,2,16.6753,349.528,0.618688,0.311
61000,1,11.1485,341.263,0.530074,0.316
62000,0,6.22374,339.39,0.456171,0.297
63000,3,13.0882,327.782,3.65075,0.349375
64000,2,11.1683,332.595,1.52457,0.355
65000,3,14.9411,346.146,0.960759,0.332
66000,0,5.63586,354.459,0.596867,0.323474
67000,0,5.53818,350.798,0.661745,0.292
68000,12,68.4568,341.075,3.54073,0.366741
69000,9,45.7962,339.701,9.90354,0.336
70000,9,50.4388,358.196,4.40819,0.348
71000,6,35.5093,339.877,2.99605,0.332
72000,5,31.0531,342.518,0.888556,0.3542
73000,4,22.1342,340.109,3.19641,0.352
74000,0,5.9371,337.113,0.0118053,0.313
75000,0,5.76704,326.037,0.148455,0.32
76000,1,9.38587,331.368,1.05217,0.343
77000,4,19.3137,355.561,2.27827,0.350333
78000,6,31.5827,340.581,3.04788,0.326
79000,4,15.0674,346.422,1.75942,0.331
80000,4,19.9292,356.043,1.20553,0.32
81000,0,6.47413,333.736,0.164032,0.326737
82000,2,18.4704,326.312,0.356268,0.306
83000,0,6.50614,339.135,0.149019,0.34
84000,0,5.80845,350.063,0.887806,0.303
85000,4,21.073,355.811,1.87716,0.3364
86000,0,5.04692,332.694,1.116,0.3244
87000,0,5.75038,322.488,0.74269,0.320667
88000,0,5.8461,297.016,0.166293,0.3475
89000,0,5.62698,303.152,0.287104,0.409
90000,1,11.6413,320.925,0.78575,0.338
91000,4,20.7522,335.532,3.25753,0.324
92000,3,12.4928,341.35,2.24062,0.328
93000,1,4.81206,314.485,0.695918,0.373273
94000,1,8.72719,320.628,0.0936727,0.382
95000,1,8.19595,324.004,0.253569,0.336
96000,0,5.53316,337.784,0.558286,0.328
97000,0,5.76683,331.038,0.284464,0.338
98000,2,10.8881,320.897,0.724149,0.366333
99000,3,21.5924,322.886,0.405679,0.346571
100000,4,27.2217,320.554,1.24688,0.354
101000,7,40.4895,323.856,2.7883,0.349
102000,0,5.56463,318.352,0.502368,0.3364
103000,0,5.8149,326.011,0.280768,0.332
104000,3,21.8733,342.551,1.89556,0.33
105000,0,6.55168,352.722,0.116854,0.303
106000,1,10.7703,333.265,0.357704,0.339333
107000,1,11.9575,319.202,0.627662,0.342
108000,0,6.24354,326.789,0.407285,0.31
109000,2,17.6569,333.648,0.908934,0.314
110000,1,12.5907,327.539,0.435904,0.328
111000,2,15.7935,341.13,1.58712,0.328
112000,4,18.2874,338.756,5.50976,0.329
113000,7,39.6507,335.488,4.6595,0.32
114000,6,31.046,345.611,4.97521,0.332
115000,5,30.3353,343.712,1.41924,0.311
116000,1,9.61608,344.394,0.347025,0.317333
117000,0,6.47118,335.437,0.254521,0.306
118000,5,24.3909,320.506,3.07857,0.35625
119000,8,47.5235,348.259,5.67166,0.32675
120000,0,6.49474,335.906,0.226048,0.298
121000,0,5.12169,335.416,1.00497,0.3346
122000,3,20.738,345.133,2.24411,0.318333
123000,3,20.727,352.987,1.98237,0.302
124000,5,30.8834,349.45,4.228,0.313
125000,0,5.86716,335.095,0.215646,0.32925
126000,3,13.1234,322.828,2.10328,0.35275
127000,6,29.2694,335.753,5.21237,0.379
128000,3,13.9261,325.186,3.41453,0.362
129000,1,9.71829,352.181,1.39425,0.325556
130000,4,24.7609,320.646,5.21038,0.328
131000,1,12.3962,331.476,0.919756,0.388
132000,0,6.5252,336.983,0.0609068,0.302
133000,2,17.4658,328.252,0.655646,0.298
134000,1,12.824,332.281,0.0752687,0.325
135000,2,17.256,322.153,1.0766,0.324
136000,0,6.62116,336.143,0.0229988,0.309
137000,0,5.87179,317.598,0.195675,0.34225
138000,1,9.43693,332.303,1.89708,0.319
139000,1,12.3267,323.556,0.198568,0.327
140000,0,6.5407,323.485,0.0670701,0.296
141000,6,31.2466,349.854,4.78882,0.369385
142000,4,21.0827,353.531,3.14655,0.312
143000,4,24.4735,350.827,2.10028,0.302
144000,2,13.256,369.437,1.16691,0.317
145000,2,15.07,344.969,0.784553,0.316125
146000,2,13.7311,340.922,2.67638,0.309
147000,2,14.1929,344.773,1.90894,0.327
148000,3,20.7888,354.844,2.96476,0.308
149000,2,13.4011,348.989,2.87705,0.325
150000,3,21.403,336.499,2.48166,0.332
151000,0,6.23837,315.978,0.144729,0.314741
152000,0,6.31534,318.898,0.0800828,0.314
153000,1,11.9157,334.41,1.15075,0.313615
154000,3,16.8798,335.602,3.56439,0.34075
155000,2,2.96146,326.799,2.52323,0.352455
156000,2,4.96285,337.464,0.987888,0.355
157000,0,5.83769,334.073,0.358543,0.325667
158000,0,5.59513,337.333,1.09848,0.3216
159000,2,15.6104,326.829,2.56996,0.326
160000,3,16.6038,340.558,2.31615,0.33975
161000,3,20.2517,327.367,0.901224,0.341
162000,4,25.9654,321.657,2.05065,0.357
163000,0,6.60647,335.291,0.0501663,0.30175
164000,2,13.0487,334.69,1.83851,0.3575
165000,5,31.1293,341.649,2.11209,0.348
166000,4,23.0166,352.692,2.81134,0.348
167000,4,22.2881,334.551,4.4045,0.332
168000,9,51.9651,339.06,4.66513,0.345
169000,7,40.2069,321.222,5.46629,0.357
170000,0,6.39115,319.743,0.210483,0.3215
171000,0,6.21157,324.37,0.19309,0.332125
172000,4,24.8563,335.308,0.893727,0.3305
173000,4,24.9081,351.224,1.8983,0.344
174000,0,6.49857,342.218,0.170183,0.307
175000,1,5.94115,315.195,0.840769,0.368333
176000,1,3.97111,316.697,2.04804,0.37
177000,1,11.1989,349.284,1.10271,0.3175
178000,0,6.43106,345.176,0.304161,0.324
179000,0,6.35403,349.77,0.369729,0.289
180000,0,6.65111,329.605,0.0359347,0.309
181000,1,12.0842,347.464,0.920093,0.310571
182000,0,6.09942,316.634,0.378916,0.3222
183000,0,6.16117,323.12,0.434277,0.345
184000,1,12.148,317.182,1.29139,0.3115
185000,3,22.4864,345.601,0.642901,0.3325
186000,1,10.8196,323.806,1.34794,0.361
187000,2,14.9429,319.283,1.02381,0.329
188000,1,8.16465,336.833,0.794757,0.356917
189000,2,13.3009,342.389,0.85761,0.342
190000,1,9.92225,356.151,0.343051,0.326667
191000,1,8.96859,354.437,1.40466,0.315
192000,0,6.57446,348.262,0.072027,0.317909
193000,0,6.2397,355.167,0.510662,0.329333
194000,2,12.243,336.692,1.9641,0.3484
195000,0,6.04122,333.507,0.624818,0.287
196000,0,6.38884,323.79,0.311153,0.281333
197000,0,3.76697,331.704,0.102291,0.294667
198000,0,2.78922,335.962,1.1708,0.301
199000,4,30.8035,344.398,2.15858,0.302429
200000,0,4.38272,343.218,2.3469,0.317
201000,3,17.4215,338.195,5.1258,0.347
202000,1,12.298,359.604,0.442113,0.320333
203000,1,11.7337,357.182,1.19088,0.294625
204000,0,6.43886,359.949,0.234129,0.289
205000,1,11.5393,344.056,0.883031,0.297
206000,2,18.3008,338.038,0.884989,0.346
207000,0,6.26506,322.17,0.338873,0.312
208000,6,28.9721,357.212,3.39304,0.3584
209000,2,12.6294,352.054,0.549647,0.315
210000,2,15.7473,331.728,1.23162,0.344
211000,1,7.91806,337.307,0.762366,0.329
212000,1,9.16158,328.746,0.554386,0.317
213000,0,5.8151,333.599,0.825068,0.326417
214000,0,4.43303,331.731,0.0667727,0.307
215000,0,6.30899,327.563,0.240948,0.319625
216000,1,9.82731,336.691,1.15187,0.348
217000,0,6.69262,320.933,0.00954983,0.310727
218000,1,13.0052,336.869,0.184844,0.316
219000,2,12.3921,327.873,0.527999,0.331
220000,0,6.3625,331.384,0.292358,0.334
221000,1,11.2527,357.064,0.479519,0.326
222000,0,6.56761,329.242,0.0661656,0.3308
223000,0,6.13405,327.42,0.50022,0.301
224000,2,12.0698,317.256,3.15708,0.3587
225000,4,20.1291,350.447,3.3551,0.345
226000,1,9.86744,342.169,0.362899,0.32
227000,4,25.4166,344.366,3.81266,0.356
228000,2,15.9336,346.739,0.573115,0.365
229000,2,13.3501,350.819,1.55419,0.364
230000,0,5.91408,342.229,0.823972,0.311824
231000,0,6.61542,339.571,0.0799784,0.304
232000,1,12.9086,340.862,0.477123,0.281
233000,0,5.95133,337.904,0.674169,0.320182
234000,2,15.0472,332.597,0.664849,0.334
235000,2,15.6267,334.701,1.54641,0.331
236000,0,6.39476,328.546,0.155513,0.318
237000,1,11.0795,319.051,2.03484,0.314
238000,0,6.4643,323.7,0.108288,0.378
239000,3,21.5771,338.548,0.851857,0.32
240000,0,6.40846,344.987,0.324193,0.278
241000,1,12.7633,336.596,0.567809,0.308
242000,1,9.79871,301.881,0.567733,0.349077
243000,0,6.20112,322.642,0.369682,0.324
244000,1,11.8543,307.01,0.770767,0.311
245000,0,4.65218,310.056,0.173224,0.364333
246000,0,6.34529,332.192,0.205217,0.3115
247000,0,6.54539,335.852,0.0521811,0.285
248000,2,17.9794,342.655,1.41451,0.310812
249000,0,6.6405,336.71,0.056605,0.293
250000,1,10.6725,346.693,0.895971,0.32
251000,0,6.23225,354.427,0.446,0.293
252000,0,6.66884,344.468,0.00446831,0.312
253000,1,9.86149,346.933,2.33967,0.314583
254000,2,17.7583,345.384,1.46092,0.303
255000,2,16.091,353.411,2.65677,0.31775
256000,6,38.7647,348.814,2.7105,0.345
257000,0,6.3154,354.295,0.403496,0.310333
258000,0,6.11712,344.828,0.621433,0.27
259000,4,26.7012,332.153,0.592949,0.319333
260000,1,9.89522,338.396,0.696579,0.318
261000,5,35.9381,323.916,1.8731,0.359812
262000,3,22.976,326.301,2.95115,0.34625
263000,1,12.6255,342.525,0.433623,0.348
264000,4,20.6526,354.544,5.69192,0.331917
265000,3,23.8899,342.014,0.547167,0.34075
266000,5,32.3341,329.81,1.99988,0.364
267000,0,6.32084,344.196,0.370056,0.326
268000,0,6.37232,339.958,0.30613,0.299
269000,0,5.59754,327.453,1.10935,0.3
270000,5,30.9726,341.081,1.59965,0.36125
271000,6,35.1855,343.668,1.91436,0.321
272000,3,20.0751,353.23,1.15953,0.35
273000,0,6.60892,351.517,0.0937905,0.335077
274000,0,6.56451,347.531,0.164076,0.278
275000,5,34.308,325.771,1.88702,0.295
276000,0,6.61599,329.274,0.0796748,0.333
277000,0,5.2571,333.867,0.130336,0.3544
278000,0,6.65559,352.592,0.0986975,0.3085
279000,0,6.4719,339.515,0.271931,0.288
280000,1,6.43529,350.645,0.959072,0.278
281000,1,11.0537,350.298,0.824081,0.314333
282000,0,5.12394,325.293,0.834662,0.336
283000,0,6.08483,333.869,0.241711,0.313571
284000,0,5.71633,316.288,0.625075,0.333
285000,0,6.2589,352.067,0.290126,0.309
286000,0,6.23949,350.169,0.306839,0.28
287000,0,6.10286,344.366,0.432407,0.307
288000,0,5.69686,334.73,0.270278,0.32
289000,3,18.5573,298.486,3.68268,0.311222
290000,0,6.38025,320.477,0.288666,0.358
291000,0,6.54072,302.835,0.084758,0.346
292000,4,25.4407,323.74,1.83615,0.356067
293000,1,12.162,323.935,0.741377,0.325
294000,2,15.6649,325.468,1.93992,0.342
295000,0,6.2097,331.479,0.304583,0.333
296000,0,6.48027,344.212,0.0481628,0.312
297000,1,9.32204,349.926,3.27744,0.284
298000,0,6.04394,339.095,0.468206,0.337
299000,3,23.6035,288.104,0.629852,0.363714
300000,0,6.47786,349.228,0.197615,0.3135
301000,4,26.8503,324.823,2.0721,0.3725
302000,0,5.45904,332.65,0.623214,0.318929
303000,0,5.67021,325.616,0.397484,0.308
304000,0,6.03815,309.255,0.601664,0.2925
305000,3,21.7375,327.896,2.61412,0.318
306000,1,10.5842,325.632,0.843766,0.3524
307000,1,10.8032,336.321,1.03288,0.3385
308000,1,9.98302,340.18,3.05913,0.315667
309000,0,6.0945,342.279,0.645956,0.323333
310000,1,12.9677,325.891,0.503213,0.283
311000,2,19.0379,315.132,0.518959,0.311
312000,2,16.7896,348.3,1.84566,0.2985
313000,4,28.05,335.04,2.81692,0.3216
314000,1,10.4393,318.901,2.06697,0.342
315000,1,7.26336,340.494,0.64026,0.325
316000,1,10.1694,343.931,1.96931,0.32
317000,1,10.3935,346.73,0.652604,0.342455
318000,2,16.8516,340.799,1.17355,0.314571
319000,4,25.2789,327.814,3.16639,0.3495
320000,0,6.51753,336.963,0.177684,0.324667
321000,0,6.12132,336.053,0.519196,0.2864
322000,2,16.4606,352.942,2.3207,0.308
323000,3,21.409,348.078,1.44745,0.342
324000,0,6.60869,339.521,0.0445101,0.351
325000,0,4.38596,336.086,0.983508,0.337833
326000,1,10.6917,342.22,1.34587,0.335
327000,0,5.89215,344.214,0.365942,0.309444
328000,0,5.35591,326.806,0.139278,0.343
329000,4,25.3955,360.606,3.42551,0.292
330000,2,15.5887,366.463,0.688165,0.289
331000,1,9.66548,330.382,1.04043,0.335667
332000,3,21.3783,337.734,2.3192,0.335
333000,0,6.56184,346.848,0.182347,0.309
334000,1,11.0509,346.993,1.75346,0.308
335000,2,10.4751,327.112,2.5564,0.355
336000,3,21.7353,346.834,2.26983,0.322
337000,5,32.5907,348.857,2.11552,0.311154
338000,0,6.5989,341.077,0.105473,0.328
339000,0,4.95269,335.666,1.74347,0.272
340000,2,18.292,339.234,0.341377,0.31595
341000,0,5.78555,339.489,0.894969,0.332
342000,0,5.21101,326.371,1.44271,0.320667
343000,2,15.249,337.008,0.594475,0.298
344000,0,6.64563,340.125,0.0446885,0.268
345000,0,6.35468,342.778,0.327373,0.318
346000,3,23.266,346.07,0.64019,0.307
347000,4,27.4428,333.583,0.935343,0.328
348000,0,5.96659,322.65,0.699059,0.316
349000,1,10.7586,307.951,1.55384,0.36
350000,1,11.3681,317.169,0.865949,0.3
351000,1,9.58507,348.308,2.69712,0.311
352000,0,4.96414,348.492,1.66316,0.291
353000,2,16.58,345.617,1.67954,0.317
354000,1,12.362,334.286,0.739482,0.332
355000,1,11.4612,337.471,1.72797,0.319048
356000,1,9.06531,321.193,1.42953,0.35425
357000,3,19.5855,337.473,1.30571,0.35
358000,2,15.4402,349.47,0.862163,0.32225
359000,3,14.3242,356.343,3.5402,0.322
360000,5,30.7883,329.408,4.27492,0.333
361000,6,39.0248,332.149,2.873,0.348
362000,7,43.3195,311.752,2.86732,0.33
363000,2,18.3449,349.1,1.19535,0.326
364000,3,21.4394,336.886,1.06656,0.345429
365000,7,43.618,361.078,3.97443,0.350667
366000,7,44.0442,347.049,4.02032,0.325
367000,4,24.7844,354.503,1.71161,0.306
368000,5,34.8902,343.133,1.87608,0.351
369000,5,30.6318,343.636,2.76466,0.304
370000,5,30.8281,360.435,0.683433,0.324
371000,2,18.6877,344.625,0.291326,0.3201
372000,0,6.50484,344.33,0.124714,0.281
373000,0,6.52177,344.561,0.113331,0.322
374000,0,5.70936,347.327,0.951284,0.33
375000,0,6.45452,350.317,0.195226,0.296
376000,1,10.9304,349.516,1.72174,0.303
377000,0,6.15978,354,0.466538,0.335
378000,1,10.9019,346.129,2.44096,0.32
379000,1,12.4772,355.902,0.538658,0.302
380000,0,5.59938,317.97,0.036498,0.350562
381000,0,5.10929,314.944,0.261781,0.336
382000,1,8.60105,313.4,0.649684,0.338
383000,1,10.1572,347.795,1.69259,0.30325
384000,2,18.3945,335.57,1.06007,0.301
385000,3,18.3534,337.262,3.2579,0.322
386000,0,6.16461,322.863,0.42414,0.349
387000,0,5.27745,322.586,1.1131,0.335
388000,0,6.19079,332.811,0.197161,0.302
389000,3,17.7395,341.107,4.66782,0.336
390000,3,22.2817,351.453,2.45871,0.316
391000,3,21.7655,357.255,2.38316,0.322
392000,5,34.1045,343.366,2.8901,0.301
393000,3,19.6707,358.317,1.31611,0.316
394000,3,23.0487,354.153,2.09282,0.274
395000,5,34.3426,346.715,3.55246,0.324
396000,6,26.8711,347.683,3.13409,0.318
397000,0,5.96689,306.554,0.0974557,0.312382
398000,3,19.7156,319.043,1.44231,0.31
399000,0,5.85005,319.811,0.265405,0.303727
400000,1,8.77868,317.873,1.73427,0.358
401000,2,15.003,331.351,2.76314,0.349333
402000,0,5.31774,330.181,0.508453,0.335
403000,2,16.3909,348.461,1.24986,0.299
404000,3,19.2441,351.774,2.96775,0.31925
405000,1,8.6281,351.834,2.6298,0.31775
406000,2,15.9589,342.798,1.33984,0.286667
407000,2,16.6724,314.986,1.09083,0.358
408000,2,16.6745,333.211,1.06112,0.312
409000,1,6.27713,339.744,1.08409,0.323
410000,1,10.2662,332.812,1.67164,0.355
411000,1,11.6243,345.666,0.231035,0.326167
412000,1,11.6605,337.99,0.741652,0.309
413000,0,5.71631,315.549,0.152378,0.316667
414000,3,23.4244,321.21,1.78926,0.35
415000,1,11.3703,329.723,0.479796,0.344
416000,0,3.89834,340.221,2.54974,0.303
417000,3,23.354,341.182,1.18412,0.31
418000,1,11.5018,313.227,1.73633,0.305
419000,0,6.36873,321.88,0.296508,0.326222
420000,0,5.69351,326.469,0.973047,0.293
421000,2,14.6528,335.451,2.82842,0.338897
422000,0,5.15571,332.014,0.372538,0.384
423000,0,6.45156,316.428,0.179824,0.324
424000,0,5.98888,303.715,0.591171,0.346
425000,2,16.2286,314.098,1.65286,0.35
426000,0,5.66452,344.43,0.602768,0.331
427000,6,40.7605,338.903,3.51278,0.322267
428000,3,20.0207,342.729,1.20053,0.332167
429000,1,11.7957,339.188,0.493502,0.327455
430000,2,16.8543,355.159,1.26118,0.315
431000,1,11.322,344.553,1.43147,0.275
432000,1,7.21905,330.742,1.17703,0.3302
433000,1,9.31577,328.328,0.0874544,0.355
434000,0,6.25095,335.691,0.09906,0.331667
435000,0,6.34102,333.88,0.00084236,0.281
436000,1,9.88567,341.946,0.570295,0.285
437000,0,6.05228,316.948,0.586983,0.309
438000,0,6.43163,323.419,0.246933,0.327
439000,1,11.2677,344.227,0.661891,0.327
440000,0,5.3287,357.618,0.430341,0.30325
441000,0,4.76279,365.457,0.544294,0.267
442000,0,5.14509,345.138,0.155939,0.302
443000,1,11.2289,332.843,0.639537,0.314
444000,0,5.11284,327.284,0.0859175,0.3234
445000,0,6.25579,347.246,0.320251,0.3115
446000,0,6.29726,344.87,0.279822,0.275
447000,1,12.124,328.024,0.895919,0.295667
448000,4,26.1902,336.9,2.72431,0.333
449000,1,10.7372,352.526,0.67476,0.295
450000,2,15.2978,358.186,0.778054,0.29
451000,1,12.8276,352.33,0.348505,0.331
452000,0,3.72062,320.97,1.16812,0.348083
453000,0,5.89747,338.284,0.0394207,0.318444
454000,1,10.5349,328.593,1.58923,0.284
455000,1,11.8973,322.635,0.866694,0.318
456000,0,6.59136,350.296,0.120884,0.3335
457000,0,6.69436,356.68,0.0105496,0.295
458000,2,13.4124,332.228,0.9391,0.293
459000,6,37.4655,360.577,1.40521,0.34
460000,1,4.99084,357.923,0.833508,0.315
461000,0,6.08482,328.966,0.489749,0.335111
462000,0,6.32898,333.692,0.253334,0.311
463000,0,5.26323,346.979,0.490505,0.305471
464000,2,13.713,350.92,2.05449,0.31725
465000,1,8.34239,345.887,0.0935951,0.32
466000,2,15.8089,346.97,2.29311,0.31
467000,1,11.1544,344.733,1.05506,0.295
468000,1,7.71995,346.854,1.61745,0.286
469000,0,5.8288,333.632,0.238436,0.314
470000,0,6.23301,352.152,0.196857,0.302571
471000,0,5.20594,339.352,1.21819,0.318
472000,0,6.30426,347.974,0.0435779,0.316333
473000,0,6.72953,332.859,0.0142952,0.325
474000,1,11.8212,330.232,0.938631,0.309
475000,0,6.28875,340.681,0.184221,0.3045
476000,3,20.4007,359.26,1.23463,0.3405
477000,0,6.25951,328.91,0.443441,0.3211
478000,0,6.27873,340.816,0.45368,0.34
479000,1,12.4272,333.132,1.02605,0.295
480000,1,10.1396,329.372,1.9324,0.315
481000,0,6.28637,328.289,0.331949,0.325
482000,1,11.277,319.125,1.00807,0.389
483000,3,23.7889,330.986,1.55563,0.33625
484000,5,31.4834,309.998,2.00478,0.371
485000,0,3.59604,321.345,3.07751,0.361
486000,0,6.34272,329.327,0.353718,0.333
487000,1,10.8974,327.35,1.18345,0.333
488000,0,6.52194,335.785,0.158495,0.293
489000,0,5.07211,309.81,1.58592,0.341
490000,1,10.4493,336.04,2.22622,0.328667
491000,3,23.2725,340.769,1.49519,0.384
492000,0,6.49346,329.627,0.0513044,0.311
493000,1,11.1998,330.776,0.395243,0.302
494000,0,5.56928,340.764,0.93523,0.335188
495000,0,5.88681,333.248,0.608011,0.323
496000,3,21.3074,334.702,2.58935,0.319
497000,4,26.2166,329.872,3.26916,0.314952
498000,3,20.2595,325.15,1.74076,0.3246
499000,0,6.28927,326.896,0.163845,0.34
500000,0,5.96844,345.021,0.769005,0.320182
501000,2,14.2794,335.902,1.92521,0.3305
502000,2,16.6958,336.785,0.1443,0.299
503000,0,6.09015,318.527,0.345037,0.346143
504000,0,5.40403,319.904,1.04161,0.304
505000,0,5.18594,349.054,1.53124,0.3138
506000,0,6.11415,313.669,0.305272,0.326286
507000,1,8.77863,343.04,0.797799,0.3396
508000,1,10.552,333.498,0.713578,0.312
509000,3,22.4509,311.4,3.07405,0.33725
510000,4,25.1647,300.696,3.05244,0.34
511000,4,26.8775,324.103,1.63642,0.352714
512000,0,5.96149,340.213,0.470234,0.32525
513000,0,6.11364,328.015,0.280331,0.317
514000,1,12.2647,327.366,0.467987,0.348
515000,0,4.69628,332.318,1.71967,0.329
516000,0,5.15345,328.165,1.26729,0.324
517000,2,17.9665,324.951,0.575803,0.345
518000,1,8.89243,335.714,2.01764,0.325
519000,1,11.9651,330.459,0.712014,0.334375
520000,2,15.4478,337.234,1.51844,0.354
521000,1,8.82455,328.241,2.48465,0.3162
522000,2,15.9615,332.127,3.10111,0.347583
523000,3,20.7453,334.095,2.31528,0.315
524000,4,28.588,349.731,2.00582,0.338
525000,2,15.5539,338.953,3.02823,0.331
526000,1,11.3323,353.373,0.691314,0.312
527000,5,30.6909,356.141,4.03876,0.321
528000,5,31.127,344.12,1.94748,0.335
529000,6,34.7067,355.64,2.86318,0.325
530000,2,12.4027,357.482,0.754963,0.333
531000,0,5.99143,325.911,0.454449,0.332778
532000,2,17.7089,299.807,1.36193,0.331308
533000,2,16.7715,306.812,1.32674,0.365
534000,0,5.29317,304.83,0.898083,0.351
535000,0,6.40643,331.686,0.276598,0.317
536000,1,12.4822,340.033,0.789847,0.326
537000,0,6.3106,325.824,0.137652,0.325833
538000,0,5.68094,327.649,0.68758,0.3475
539000,0,5.87922,322.39,0.523034,0.323889
540000,0,5.91728,328.597,0.525869,0.299
541000,0,4.7678,322.24,1.63781,0.318
542000,1,7.78167,323.336,1.08317,0.333
543000,2,14.1026,317.113,0.193653,0.336
544000,0,5.52603,345.31,0.916662,0.299
545000,2,13.489,353.091,1.61046,0.319222
546000,0,4.66195,347.296,0.95676,0.301
547000,1,11.0214,330.228,1.40215,0.315
548000,3,16.1242,333.13,2.93836,0.3315
549000,0,4.26137,333.79,1.91119,0.322
550000,1,8.79151,334.44,1.6852,0.322
551000,3,18.1001,333.74,4.51078,0.318143
552000,3,20.0742,330.795,0.875294,0.346
553000,1,9.91304,325.09,1.46444,0.366
554000,3,21.5879,340.059,1.38829,0.304
555000,2,17.2137,327.188,1.62841,0.334
556000,2,16.852,318.842,0.691413,0.326
557000,1,12.8856,344.771,0.443286,0.298
558000,1,12.7658,342.229,0.815706,0.318
559000,0,6.54707,329.732,0.170929,0.302
560000,2,13.7097,321.819,1.22504,0.333833
561000,3,18.9148,323.785,2.146,0.325708
562000,3,18.0191,311.21,2.04399,0.37
563000,1,8.64761,318.754,1.7672,0.38
564000,0,5.54713,323.772,1.13911,0.3284
565000,3,15.8966,330.721,4.92376,0.37175
566000,3,17.1537,316.973,2.97386,0.3557
567000,1,9.22319,321.429,1.1491,0.337
568000,1,11.4898,318.565,0.935323,0.338
569000,3,17.4248,322.793,1.8349,0.35575
570000,0,4.79814,327.118,0.779762,0.346
571000,1,11.763,332.699,0.795643,0.353667
572000,2,16.6725,346.457,1.49046,0.349
573000,1,11.8795,330.615,0.491528,0.323
574000,2,13.5265,348.862,2.51966,0.312
575000,0,5.39805,314.944,0.0899613,0.351333
576000,0,5.6275,324.831,0.626792,0.3452
577000,1,11.5075,341.555,0.38404,0.326
578000,1,11.1856,340.743,1.37972,0.323
579000,1,10.0758,337.072,0.845457,0.3388
580000,1,10.6755,335.292,0.980333,0.322
581000,0,6.09401,323.023,0.466491,0.311
582000,1,10.6206,317.014,0.962651,0.346429
583000,4,23.5585,336.609,2.32596,0.3144
584000,3,23.6481,353.534,0.566547,0.326
585000,5,30.3089,342.102,1.27699,0.305
586000,4,22.0019,328.998,3.06476,0.343571
587000,1,11.6392,335.124,0.52916,0.345
588000,2,13.3611,326.997,3.36632,0.338
589000,1,11.465,309.926,0.438719,0.339
590000,2,16.6289,336.925,1.20005,0.3445
591000,2,17.8105,336.398,0.644518,0.336
592000,2,13.5569,354.583,3.84921,0.309
593000,0,5.76804,323.068,0.487855,0.307917
594000,1,12.2156,349.413,0.0902133,0.3185
595000,0,6.3141,340.459,0.164992,0.345
596000,0,6.18421,323.742,0.0474958,0.338857
597000,2,15.9459,345.363,1.21448,0.3085
598000,1,12.0431,330.387,1.02599,0.334
599000,0,5.39248,320.266,0.489111,0.343
600000,1,11.482,325.332,1.09963,0.349
601000,1,12.038,339.779,0.268258,0.331
602000,0,5.43105,342.918,0.722236,0.33
603000,1,9.48688,350.524,1.88171,0.312
604000,0,5.88259,349.675,0.25124,0.292
605000,0,5.93741,338.488,0.420607,0.317667
606000,1,9.98386,341.166,1.50038,0.339375
607000,1,12.3241,325.925,0.687411,0.336727
608000,0,5.60279,321.135,0.656571,0.34575
609000,0,5.46279,342.675,1.0478,0.3515
610000,0,6.16353,342.98,0.0943193,0.352
611000,0,4.97032,340.582,1.57633,0.3272
612000,1,12.1934,326.584,0.71163,0.339667
613000,0,5.96969,337.619,0.310155,0.325333
614000,1,11.7706,345.848,1.14532,0.328
615000,1,11.7565,325.559,0.815462,0.3401
616000,0,5.41142,336.552,0.313937,0.302
617000,0,5.71061,332.154,0.0200453,0.304
618000,0,2.9081,333.551,0.564962,0.264
619000,0,4.98827,336.805,1.27759,0.31
620000,0,4.92257,341.928,1.37563,0.272
621000,1,12.8308,326.846,0.216637,0.348
622000,1,11.008,349.424,1.15589,0.331
623000,1,10.2862,354.549,1.52285,0.309083
624000,1,12.7361,341.855,0.555484,0.303667
625000,0,6.27903,347.75,0.249956,0.3375
626000,1,10.3875,341.974,0.55963,0.304
627000,0,5.63033,341.33,1.02588,0.313667
628000,0,5.5636,340.417,1.12768,0.33
629000,1,13.3271,350.296,0.135896,0.303
630000,3,17.98,343.199,4.2065,0.33825
631000,0,6.21022,336.566,0.245574,0.307263
632000,0,6.55952,344.643,0.160128,0.291
633000,1,8.70441,340.233,1.33696,0.317
634000,2,15.5758,320.868,0.631214,0.35
635000,4,26.2411,339.112,2.43188,0.355
636000,3,25.5055,347.757,1.16999,0.3165
637000,6,39.5877,358.216,2.97852,0.331
638000,6,39.6776,345.626,2.87936,0.322
639000,2,17.4684,334.384,1.74993,0.339
640000,5,33.0757,337.347,3.07922,0.3438
641000,1,10.3886,314.3,0.665108,0.382
642000,0,5.55541,329.002,0.979897,0.334
643000,0,5.93672,343.557,0.683245,0.336
644000,0,6.55823,330.683,0.0447869,0.315
645000,1,8.67094,337.741,0.777046,0.305667
646000,0,5.95008,343.296,0.617704,0.318
647000,1,10.3402,324.84,2.14792,0.321
648000,0,5.99512,319.657,0.513456,0.323
649000,1,11.5082,348.828,0.660593,0.308
650000,1,5.98616,310.391,3.35941,0.3375
651000,0,6.30456,315.907,0.0696658,0.331
652000,2,17.5499,335.755,0.921193,0.317
653000,0,4.9761,311.761,1.40181,0.336727
654000,0,5.7653,348.309,0.251595,0.3052
655000,0,6.38686,342.364,0.177299,0.335273
656000,0,6.04417,325.41,0.423438,0.30725
657000,0,5.47476,344.461,0.67031,0.321333
658000,1,11.0914,334.491,0.67567,0.32
659000,0,5.82397,314.571,0.637098,0.345667
660000,0,6.35676,315.12,0.0461355,0.326429
661000,1,11.5774,319.623,0.522282,0.333667
662000,1,6.93137,330.646,1.82073,0.319
663000,1,11.4366,338.014,0.714178,0.329
664000,1,10.7751,318.719,0.954709,0.333222
665000,0,5.87878,330.664,0.709846,0.314
666000,1,6.09029,357.031,0.994098,0.302
667000,1,12.1273,360.58,0.696791,0.27
668000,0,5.18446,344.859,1.35736,0.313
669000,0,6.28948,330.265,0.191622,0.329
670000,2,17.532,352.482,1.4894,0.326
671000,0,5.92908,325.125,0.543948,0.328455
672000,1,9.72642,336.341,1.94526,0.331667
673000,3,21.7853,329.024,0.88537,0.314
674000,1,11.436,328.892,1.50581,0.317533
675000,0,6.11333,326.586,0.36255,0.3405
676000,0,6.12672,344.849,0.382571,0.304
677000,1,9.15839,344.746,0.0366488,0.325429
678000,1,10.7089,354.205,0.848752,0.32175
679000,3,22.3764,344.059,2.85233,0.298
680000,2,17.4513,337.254,1.43048,0.327
681000,2,13.8589,336.174,3.87559,0.3191
682000,0,6.13622,339.672,0.202183,0.304
683000,2,16.5385,322.326,0.656722,0.326333
684000,1,10.7433,335.408,0.67108,0.349
685000,1,12.1568,331.251,0.319268,0.312875
686000,0,4.51041,312.571,0.15306,0.346
687000,0,4.16889,324.798,0.50995,0.303
688000,0,6.65609,343.166,0.026084,0.308
689000,2,17.2155,336.598,1.47697,0.276
690000,2,15.3634,337.602,1.90379,0.3275
691000,1,12.2465,358.484,0.657235,0.313714
692000,2,15.5616,339.004,2.1238,0.3
693000,1,8.81864,319.29,3.80391,0.34
694000,0,5.61996,342.003,0.511844,0.332
695000,2,17.754,331.965,0.890957,0.327167
696000,0,6.17771,337.098,0.518366,0.299
697000,0,6.3964,350.694,0.179255,0.282
698000,0,6.46305,343.078,0.10223,0.286
699000,0,4.39529,341.149,1.28593,0.292
700000,0,6.19092,351.946,0.108191,0.258
701000,2,17.3754,338.16,0.66566,0.332
702000,2,13.1852,347.05,1.36198,0.335
703000,2,15.2955,345.576,0.414742,0.315
704000,4,21.6053,328.933,2.18626,0.352
705000,5,30.3449,342.063,3.5681,0.314
706000,0,5.73022,337.314,0.923307,0.310667
707000,0,5.96663,341.855,0.695737,0.345
708000,0,6.40738,339.29,0.290581,0.308
709000,0,5.95762,361.328,0.760444,0.305
710000,0,6.11878,345.902,0.585005,0.284
711000,5,24.988,321.556,3.62782,0.337667
712000,3,19.0249,324.633,0.447568,0.358
713000,4,25.106,336.751,1.90632,0.366
714000,6,31.2068,326.42,2.96486,0.354
715000,3,23.8505,330.9,0.844505,0.389
716000,2,12.1192,319.72,2.87777,0.356
717000,0,4.33166,323.721,1.08944,0.340229
718000,0,4.63062,314.335,0.700962,0.363
719000,3,18.6599,318.025,1.22942,0.354
720000,7,42.415,347.349,4.83397,0.353667
721000,8,49.133,348.991,2.27284,0.328
722000,4,21.0733,351.774,4.37086,0.367
723000,1,10.5334,327.794,0.217812,0.345286
724000,2,13.0587,330.903,0.482578,0.332333
725000,3,21.0024,345.809,0.639226,0.386
726000,4,19.9299,328.285,3.0073,0.361
727000,3,18.9503,336.663,2.27934,0.3412
728000,2,13.3664,342.609,2.02812,0.31
729000,4,19.3838,336.376,3.1591,0.366
730000,3,20.4731,338.707,2.12077,0.33
731000,5,29.1989,331.422,3.93529,0.334
732000,1,10.5886,352.259,0.273398,0.335714
733000,4,25.6954,330.643,3.65994,0.327
734000,3,20.0579,329.792,1.33689,0.362
735000,3,20.5144,347.654,1.28165,0.337
736000,5,33.8486,341.932,2.80686,0.342
737000,3,18.3697,322.548,2.56195,0.347667
738000,3,19.9796,341.557,1.68054,0.327
739000,4,26.5549,353.509,1.65852,0.336
740000,6,27.019,341.693,8.86306,0.35
741000,2,15.7334,316.005,0.329561,0.3432
742000,0,4.41503,317.379,0.800521,0.346938
743000,1,8.55169,334.267,0.769884,0.334
744000,1,12.0709,322.943,0.974423,0.322088
745000,0,6.49188,340.065,0.0154725,0.287
746000,1,8.75046,327.292,0.803738,0.335333
747000,0,3.58239,314.829,1.20353,0.335
748000,0,4.92488,293.399,0.0323322,0.378
749000,0,2.66394,331.44,1.25747,0.332556
750000,3,19.022,341.21,2.5424,0.325
751000,0,5.74154,347.026,0.123526,0.307
752000,5,33.4162,322.237,2.10757,0.3765
753000,3,17.7152,334.924,3.2963,0.32
754000,5,30.3378,362.487,2.50522,0.331667
755000,4,25.4125,325.358,2.53594,0.3665
756000,5,25.9259,308.56,2.43173,0.360333
757000,4,24.8544,317.821,2.97754,0.403
758000,1,8.70298,319.158,1.41575,0.368
759000,1,7.36999,325.612,0.583823,0.363
760000,1,6.56838,331.278,2.28955,0.318
761000,0,5.19847,322.595,0.198289,0.3383
762000,1,10.6009,342.35,0.351261,0.32
763000,1,9.26074,336.318,1.74855,0.333
764000,1,8.14481,347.803,3.83745,0.337
765000,1,10.5327,350.123,1.1851,0.323
766000,1,11.1596,345.677,2.12594,0.31075
767000,0,5.37285,347.143,1.32421,0.291
768000,0,5.31335,305.94,0.119043,0.346769
769000,2,17.5658,303.521,0.909172,0.37
770000,0,3.17799,312.918,0.363688,0.357
771000,2,14.086,326.561,0.784262,0.359
772000,3,15.9191,298.049,3.4258,0.376
773000,3,17.5244,304.277,1.38968,0.359
774000,0,5.17171,342.104,0.39548,0.3618
775000,2,16.7172,326.126,1.4099,0.32
776000,0,4.40319,329.144,1.00418,0.350909
777000,1,10.813,331.957,1.26219,0.362
778000,0,5.37358,328.471,0.215132,0.288
779000,0,4.85475,321.38,0.678954,0.335
780000,0,4.88936,313.475,0.661962,0.3435
781000,0,5.21138,318.727,0.320094,0.381
782000,1,11.6715,314.51,0.564143,0.356
783000,1,12.0152,329.553,0.345295,0.318312
784000,0,6.38983,318.62,0.151224,0.275
785000,0,6.58415,329.861,0.0250247,0.36
786000,1,11.7588,339.262,0.957114,0.331
787000,1,11.4374,320.419,0.378258,0.331
788000,0,4.26415,298.29,0.104714,0.350067
789000,1,12.3309,332.864,0.110536,0.295
790000,0,6.62858,328.173,0.0860808,0.328
791000,0,5.62046,321.394,0.0312613,0.33525
792000,2,11.5367,321.76,2.73583,0.326
793000,1,8.17437,328.083,1.68091,0.351231
794000,0,6.52401,326.223,0.183729,0.314
795000,1,8.59663,314.158,1.11767,0.352
796000,0,4.38547,315.653,0.249432,0.333
797000,1,10.6121,301.592,0.448334,0.361
798000,0,4.11176,307.889,0.542548,0.359
799000,1,9.85314,314.255,1.06383,0.336
800000,0,4.30135,333.853,0.438153,0.357
801000,1,8.94469,325.63,2.49172,0.329
802000,1,9.94607,328.511,1.34963,0.322
803000,0,5.77388,345.776,0.941051,0.306778
804000,3,19.4637,321.31,1.64733,0.341667
805000,3,18.697,355.449,1.07927,0.369
806000,3,19.4335,357.614,3.75712,0.326
807000,4,22.0262,360.054,2.08296,0.327
808000,2,16.0358,342.04,1.2397,0.327
809000,1,9.02777,348.761,2.37162,0.323
810000,1,10.7116,340.166,0.775208,0.319
811000,0,5.76536,333.956,0.782599,0.315
812000,0,4.44628,305.099,0.101654,0.3579
813000,4,27.8279,361.895,1.61055,0.344
814000,5,27.8221,345.045,3.02494,0.334
815000,9,49.8434,353.867,5.35104,0.328773
816000,1,6.64172,349.51,1.63663,0.3232
817000,4,27.2916,325.731,1.78622,0.366667
818000,6,36.5447,345.762,4.16653,0.331
819000,6,33.9417,345.019,3.66371,0.343
820000,3,20.2755,344.322,1.78518,0.339
821000,2,16.5015,319.85,0.588021,0.3505
822000,3,21.1429,342.362,3.5948,0.326
823000,1,11.2836,331.293,0.412761,0.329
824000,2,16.0518,331.817,1.45221,0.346
825000,0,5.72433,336.798,0.358637,0.31075
826000,2,15.1201,341.809,0.389421,0.295
827000,3,19.1948,322.426,2.35913,0.362
828000,0,6.24479,329.53,0.00596405,0.324
829000,0,5.89614,320.193,0.28023,0.321
830000,0,6.20737,327.666,0.019675,0.334
831000,1,10.0148,332.73,1.69158,0.3392
832000,2,10.4395,328.843,2.0231,0.36615
833000,3,19.3615,344.995,1.02533,0.3125
834000,7,41.5938,327.205,3.70238,0.3339
835000,1,12.6834,324.149,0.512522,0.3402
836000,1,12.2095,341.4,0.41907,0.346
837000,0,6.11791,353.181,0.249277,0.3
838000,0,5.21892,332.98,0.444826,0.32
839000,1,11.8314,336.692,0.68529,0.314
840000,0,5.89863,337.355,0.436271,0.294
841000,0,5.77879,317.436,0.0531422,0.332571
842000,0,6.60089,342.528,0.0464121,0.302
843000,5,28.5309,338.541,2.73485,0.311333
844000,1,9.6876,337.106,0.698719,0.368333
845000,1,9.1869,324.59,0.346899,0.332
846000,2,12.262,343.722,0.798543,0.354
847000,3,17.0005,346.333,1.61827,0.340167
848000,6,32.9985,355.408,2.88699,0.336
849000,4,21.7385,339.352,3.15804,0.342
850000,4,26.3757,318.465,0.98112,0.3545
851000,0,5.70416,323.974,0.402891,0.342
852000,2,16.1933,338.81,2.20015,0.315
853000,0,6.20124,324.732,0.235905,0.316
854000,4,23.7686,333.025,3.51663,0.353
855000,0,5.6283,326.423,1.1084,0.312077
856000,0,5.76895,331.842,0.491461,0.333462
857000,2,18.8549,349.109,0.476458,0.338333
858000,0,6.19136,335.149,0.0737226,0.322
859000,0,6.42627,341.226,0.303132,0.30175
860000,2,16.1117,328.893,2.66567,0.31
861000,1,9.44415,311.537,0.449527,0.351545
862000,0,3.47248,314.016,0.334993,0.347
863000,0,3.60761,322.807,0.297512,0.38
864000,0,3.55356,339.2,0.451732,0.274
865000,0,5.61437,330.975,0.108982,0.334
866000,0,5.54689,320.904,0.0301079,0.317
867000,0,4.47064,305.348,1.1158,0.324
868000,0,4.41149,318.669,0.957615,0.337
869000,0,5.23166,337.873,0.225845,0.363
870000,0,5.28828,323.994,0.0970554,0.345
871000,1,10.988,306.765,0.480498,0.346
872000,4,25.7523,314.575,3.09384,0.382
873000,3,22.2463,334.505,1.62796,0.387
874000,0,5.44907,323.525,0.637306,0.330125
875000,0,5.58388,317.665,0.515449,0.295
876000,4,27.9664,347.914,1.91001,0.330333
877000,0,3.80638,313.256,0.0402596,0.347615
878000,2,7.85232,319.271,2.06982,0.304
879000,1,9.58342,320.711,0.905921,0.365
880000,1,7.39059,330.407,2.27759,0.355
881000,3,19.5286,342.575,1.87975,0.3184
882000,4,26.686,351.468,2.46618,0.308
883000,5,34.5506,356.739,2.42235,0.335
884000,4,20.8579,343.493,5.94923,0.334
885000,6,34.4426,353.651,3.19986,0.341
886000,5,28.9555,365.07,3.61347,0.337
887000,0,6.14017,317.556,0.566615,0.320593
888000,0,5.23975,320.769,1.47594,0.294
889000,1,9.03787,315.54,0.256058,0.353556
890000,3,15.4308,344.379,2.38616,0.32475
891000,3,12.4468,325.143,3.15128,0.363
892000,2,15.1664,351.189,1.30343,0.344
893000,3,19.0305,341.708,2.03781,0.34
894000,5,30.0584,343.637,3.97832,0.318
895000,6,38.7377,344.681,2.31636,0.335
896000,5,24.4496,351.408,6.06952,0.324
897000,5,25.413,341.24,5.19075,0.304
898000,6,31.7577,361.214,2.79176,0.32
899000,6,33.9642,335.719,3.55143,0.3465
900000,4,23.6209,341.327,3.01597,0.372
901000,1,7.91495,336.249,1.98874,0.343
902000,1,8.1522,335.878,1.33595,0.361
903000,2,15.2452,341.509,1.49689,0.328
904000,1,10.407,332.517,0.568481,0.317875
905000,0,6.55352,323.286,0.130211,0.307
906000,0,5.70877,324.248,0.97131,0.319
907000,0,6.64584,322.081,0.0408242,0.317
908000,1,12.3746,321.811,1.04395,0.309
909000,0,6.18507,338.63,0.526301,0.316
910000,1,11.1184,352.514,0.434331,0.309
911000,2,17.2011,348.842,1.34246,0.3
912000,2,15.8064,357.693,1.42702,0.3225
913000,1,9.7387,341.511,0.464413,0.336
914000,2,16.0051,319.697,0.665728,0.351909
915000,2,13.7376,325.074,2.59768,0.387
916000,6,36.2528,332.805,1.69248,0.362
917000,3,17.9737,336.15,2.88695,0.367
918000,0,6.48563,327.305,0.233627,0.321857
919000,0,6.64677,320.139,0.0929282,0.323
920000,0,6.68422,337.352,0.00924276,0.306
921000,0,6.60634,347.423,0.114394,0.288
922000,0,6.16169,348.038,0.574562,0.291
923000,0,5.41518,325.846,1.02368,0.334875
924000,0,6.6575,330.36,0.0492294,0.311
925000,2,15.8521,335.663,2.43741,0.332583
926000,0,5.43779,322.998,0.37444,0.35
927000,2,16.6431,312.17,0.75307,0.364
928000,5,24.4764,327.254,6.18586,0.368
929000,5,27.9928,316.649,2.61301,0.376
930000,7,42.9255,309.561,4.24647,0.381
931000,3,19.0458,330.601,4.29944,0.394
932000,1,12.0657,331.847,0.381433,0.346875
933000,1,10.6832,322.364,0.0937932,0.305
934000,0,5.56618,328.963,1.13038,0.296
935000,0,6.69266,344.929,0.0470863,0.318
936000,0,6.7414,341.489,0.00992678,0.296
937000,1,10.7079,343.851,1.11502,0.31
938000,3,19.9279,324.432,1.81056,0.343286
939000,5,34.3854,324.784,2.29318,0.373
940000,3,19.4489,327.003,3.98355,0.34
941000,7,41.9366,333.489,3.51765,0.343
942000,3,17.4149,344.868,2.52788,0.325
943000,1,8.84494,346.598,1.57853,0.306
944000,3,22.896,337.605,0.917443,0.312
945000,7,39.1517,351.064,5.62729,0.352
946000,2,15.6704,353.505,0.586326,0.301
947000,5,24.6925,367.372,2.72997,0.302
948000,1,8.08513,353.776,0.921129,0.307
949000,4,25.9336,334.397,3.08284,0.314
950000,2,14.121,344.201,1.23572,0.334
951000,2,16.4901,356.478,1.16796,0.286
952000,3,23.2885,344.953,1.24538,0.311
953000,6,38.5072,348.785,2.30769,0.334
954000,2,16.021,352.059,2.78129,0.302
955000,0,5.59764,344.821,1.07455,0.295
956000,0,5.97445,341.224,0.171214,0.3332
957000,0,4.79017,358.128,1.39536,0.298
958000,2,17.3488,342.76,1.99627,0.31
959000,0,6.17917,334.958,0.030214,0.32
960000,1,10.5547,327.557,0.369883,0.339737
961000,0,6.5025,335.634,0.0153328,0.329737
962000,1,9.27156,345.753,1.72835,0.343333
963000,3,20.0564,351.964,1.10625,0.340667
964000,1,7.6263,339.135,3.55791,0.324
965000,3,20.8114,326.849,1.75222,0.333
966000,0,5.80306,330.841,0.0401112,0.333
967000,0,5.63804,320.827,0.100525,0.286
968000,0,5.60759,325.496,0.582431,0.326
969000,1,9.24132,340.628,1.83824,0.299857
970000,3,20.4624,324.919,3.30387,0.321
971000,0,5.94966,333.737,0.560437,0.3203
972000,1,12.1155,324.404,0.301344,0.353
973000,2,15.0381,346.454,1.23102,0.343
974000,3,20.2526,342.702,3.44873,0.328
975000,1,10.776,324.248,0.414388,0.343429
976000,2,16.919,325.893,0.652247,0.3434
977000,3,21.3916,342.688,2.72406,0.3575
978000,3,21.1058,356.766,3.89633,0.34125
979000,0,6.48019,329.078,0.207229,0.328958
980000,0,6.28535,346.097,0.440225,0.3
981000,0,6.74671,365.705,0.00331918,0.272
982000,1,10.328,334.419,1.50973,0.313
983000,2,16.5496,357.207,1.43953,0.3168
984000,1,10.6833,351.327,2.17481,0.323
985000,2,17.714,337.6,0.981874,0.334111
986000,0,5.84135,330.636,0.402346,0.327
987000,0,5.70228,328.416,0.318817,0.293
988000,2,13.6257,318.489,3.32176,0.368
989000,2,17.1505,323.626,0.481196,0.323
990000,6,40.5782,346.908,0.838441,0.334333
991000,1,11.5993,339.443,0.511806,0.338
992000,2,17.1336,348.933,0.959412,0.316636
993000,1,8.739,349.003,2.39632,0.31
994000,1,6.86983,340.898,3.20537,0.327
995000,1,8.66117,353.11,1.24485,0.318
996000,2,12.2528,331.069,2.78938,0.368143
997000,1,7.87374,349.928,0.502298,0.3095
998000,1,12.238,337.561,0.393277,0.322
999000,0,2.62527,335.154,3.62169,0.333375
1000000,0,5.23824,324.304,0.895228,0.313
1001000,0,4.66201,326.605,1.01876,0.342
1002000,0,6.32132,326.301,0.259815,0.32825
1003000,0,6.44217,333.571,0.13477,0.328
1004000,3,22.0433,348.979,2.02953,0.301
1005000,1,9.71355,329.361,0.106006,0.347
1006000,4,25.3861,338.472,1.5621,0.372
1007000,1,9.78966,301.974,1.12711,0.339
1008000,4,26.2975,335.224,1.43251,0.378
1009000,0,6.56625,340.036,0.0436163,0.3236
1010000,0,6.33488,346.232,0.278082,0.305
1011000,0,6.1163,343.229,0.590436,0.253
1012000,0,6.48004,345.052,0.219392,0.305
1013000,1,2.84099,328.376,3.6467,0.350059
1014000,4,23.9227,343.596,7.29485,0.332625
1015000,0,5.91753,336.877,0.585887,0.324
1016000,0,5.9863,331.754,0.545614,0.339
1017000,0,6.13553,358.735,0.383501,0.308
1018000,1,9.28268,330.054,1.99638,0.3436
1019000,2,16.5058,331.87,0.455646,0.354
1020000,2,14.6517,341.166,2.34784,0.345
1021000,1,10.6445,333.349,0.444287,0.345846
1022000,1,12.1799,319.272,0.548454,0.3243
1023000,1,8.19348,332.033,2.46203,0.3235
1024000,0,6.55185,342.278,0.159778,0.3125
1025000,0,5.6344,346.077,0.359009,0.2975
1026000,2,15.8875,365.652,0.22002,0.285
1027000,1,12.6699,336.191,0.144896,0.313286
1028000,5,32.3091,326.202,2.9424,0.333
1029000,2,16.4283,347.823,1.51231,0.291
1030000,0,6.51558,341.359,0.2088,0.3
1031000,0,5.25358,333.984,1.14485,0.323
1032000,0,6.23119,334.384,0.191658,0.3
1033000,0,5.41001,323.066,0.657401,0.335333
1034000,0,5.22847,336.949,1.48841,0.31675
1035000,1,11.993,319.41,1.17682,0.329667
1036000,2,18.3811,335.683,1.25557,0.336
1037000,2,17.7752,343.824,0.236212,0.327
1038000,1,11.9554,345.116,1.35923,0.34
1039000,1,12.9861,324.07,0.23253,0.339
1040000,2,16.1941,318.687,2.56735,0.336833
1041000,2,13.3165,331.789,2.49717,0.39
1042000,2,16.675,337.236,1.50097,0.353
1043000,1,12.7655,331.99,0.538517,0.346
1044000,6,41.46,334.227,2.599,0.371
1045000,5,33.4922,335.942,2.88995,0.332
1046000,7,47.3186,348.829,2.14206,0.346
1047000,2,18.0998,351.931,0.749513,0.324
1048000,1,12.3204,348.519,1.17085,0.295
1049000,0,5.5749,314.963,0.903404,0.350952
1050000,0,6.56062,341.751,0.00122014,0.282
1051000,1,12.3199,331.301,1.20537,0.316667
1052000,5,35.9138,349.281,2.28344,0.315
1053000,0,6.05318,335.967,0.204978,0.33695
1054000,3,23.2994,340.93,1.79288,0.3305
1055000,0,5.49811,327.915,0.591065,0.3095
1056000,2,12.352,328.576,2.59925,0.317
1057000,3,23.5208,343.09,1.64683,0.329667
1058000,2,16.6537,355.105,2.45039,0.321
1059000,2,17.7012,337.281,1.49603,0.308
1060000,2,15.967,324.932,3.28186,0.3105
1061000,2,17.9848,333.828,1.09169,0.342
1062000,3,23.0513,315.582,1.71377,0.344333
1063000,3,24.1825,336.828,1.75883,0.368
1064000,2,19.8413,341.201,0.434352,0.329
1065000,9,53.808,330.145,6.39404,0.352038
1066000,6,36.4973,350.613,4.0159,0.338
1067000,3,24.5339,354.435,0.924408,0.329
1068000,3,20.9973,343.917,3.13513,0.353
1069000,1,11.271,361.005,1.70871,0.3364
1070000,2,15.8193,357.195,1.51243,0.3615
1071000,1,12.4267,347.606,0.770336,0.333
1072000,2,16.8997,362.326,1.79256,0.3
1073000,1,13.0214,350.843,0.161778,0.344
1074000,1,11.658,358.244,0.923541,0.309
1075000,5,33.0928,337.551,2.94172,0.337737
1076000,0,6.09037,306.788,0.0213201,0.338
1077000,0,4.47143,329.422,1.69395,0.333
1078000,3,23.1701,333.619,1.90966,0.320556
1079000,2,18.4778,343.457,0.546981,0.346
1080000,2,17.7511,320.247,1.47223,0.331667
1081000,0,5.63003,316.255,0.140055,0.376
1082000,1,9.0068,325.597,1.41797,0.327381
1083000,1,9.35006,319.506,1.53867,0.348
1084000,1,9.2304,310.785,1.00371,0.3332
1085000,1,11.672,331.259,0.795454,0.352
1086000,5,31.2161,322.646,2.50992,0.339333
1087000,0,6.03416,354.938,0.586987,0.32
1088000,0,5.86926,326.057,0.608697,0.342
1089000,0,5.27403,310.543,0.377081,0.348625
1090000,0,6.27803,332.047,0.141438,0.3265
1091000,0,6.19272,333.591,0.210862,0.302
1092000,0,5.80201,331.298,0.532658,0.29
1093000,0,5.99598,344.159,0.464603,0.272
1094000,0,5.82249,327.471,0.473324,0.322
1095000,0,6.04072,301.395,0.196908,0.36
1096000,1,10.0286,321.865,2.42406,0.357
1097000,1,12.7056,326.094,0.0665033,0.353
1098000,0,5.92705,323.753,0.365031,0.325
1099000,0,6.22852,324.498,0.293048,0.331
1100000,1,11.7537,329.177,0.853007,0.350545
1101000,0,5.49061,300.167,0.308631,0.344
1102000,1,10.9439,314.275,1.30509,0.342
1103000,0,6.22172,333.322,0.357327,0.341
1104000,0,6.58235,343.964,0.0813113,0.293
1105000,0,4.7209,328.503,1.00883,0.324
1106000,1,11.1767,345.771,2.00877,0.322593
1107000,1,10.9982,337.387,0.525552,0.322
1108000,3,23.314,329.532,2.40388,0.3268
1109000,1,10.3328,341.915,1.24875,0.336
1110000,0,5.74934,315.329,0.795112,0.321
1111000,0,6.34245,319.282,0.155251,0.313857
1112000,2,16.2473,337.053,0.94724,0.298
1113000,2,16.4426,340.092,0.322268,0.322
1114000,0,6.50457,333.249,0.0813626,0.314
1115000,0,6.24137,320.117,0.279847,0.3406
1116000,2,12.9788,335.67,2.24177,0.354
1117000,3,23.0086,336.281,1.61284,0.334
1118000,1,12.0061,343.894,0.844465,0.295
1119000,2,15.6428,333.098,1.33154,0.309
1120000,0,6.0583,324.669,0.510599,0.342
1121000,0,6.23193,344.447,0.157545,0.309214
1122000,4,26.9807,337.935,2.41632,0.332
1123000,0,6.10573,337.561,0.563006,0.31
1124000,0,6.13009,328.232,0.503388,0.332
1125000,0,6.50891,322.539,0.123832,0.321909
1126000,1,11.2014,312.293,0.965041,0.345095
1127000,3,20.2139,308.44,2.4724,0.339
1128000,1,10.4004,329.497,1.26669,0.365
1129000,0,6.55251,322.937,0.0595946,0.344375
1130000,1,12.8076,341.556,0.463105,0.355
1131000,2,15.8428,345.554,1.83177,0.337
1132000,3,17.5449,337.568,4.61479,0.341143
1133000,5,27.2208,352.174,2.4295,0.34
1134000,1,10.8883,334.883,0.544304,0.326667
1135000,1,9.5899,335.513,1.05122,0.346
1136000,2,14.4004,347.127,2.32424,0.31
1137000,4,29.0916,351.942,2.48835,0.33
1138000,2,15.1624,329.235,0.612262,0.32
1139000,0,5.00028,332.408,1.35042,0.333
1140000,0,6.54177,343.316,0.109573,0.324667
1141000,0,6.49295,327.391,0.109799,0.29
1142000,1,12.5895,350.78,0.232092,0.33
1143000,0,5.33241,336.996,1.35539,0.324
1144000,1,13.2514,348.955,0.018004,0.298
1145000,0,6.56812,349.86,0.13417,0.269
1146000,0,5.59172,335.152,0.651159,0.323611
1147000,0,6.13784,348.059,0.107862,0.286
1148000,2,15.8679,337.892,2.0449,0.29
1149000,1,9.68053,354.112,1.34192,0.304526
1150000,0,4.76406,353.289,1.95836,0.284
1151000,0,6.04504,337.961,0.662074,0.318
1152000,0,6.27243,367.15,0.0816606,0.3042
1153000,1,10.8479,358.302,1.11401,0.287
1154000,1,8.2684,346.864,2.0748,0.287
1155000,0,6.54097,321.154,0.165253,0.295
1156000,0,6.24957,331.592,0.152831,0.321643
1157000,5,34.1018,328.195,2.5997,0.31
1158000,1,12.3262,347.246,0.397976,0.299667
1159000,0,5.89595,340.852,0.652198,0.293
1160000,0,6.2578,347.806,0.262746,0.308
1161000,2,16.4518,335.843,0.944389,0.31
1162000,1,9.87496,331.99,1.26494,0.321
1163000,2,17.6329,336.053,1.02326,0.318
1164000,3,19.5959,340.408,1.79147,0.342
1165000,1,10.5018,337.718,0.311622,0.33325
1166000,0,6.25397,349.264,0.11652,0.331417
1167000,2,18.5613,330.395,0.797356,0.317
1168000,5,34.5885,330.021,1.75645,0.367
1169000,0,5.66691,335.169,0.943722,0.313333
1170000,3,17.1092,333.327,2.4949,0.344333
1171000,2,15.1648,348.004,0.857311,0.326333
1172000,2,18.1378,339.355,0.76255,0.304333
1173000,0,6.50287,322.438,0.103906,0.323
1174000,0,6.28706,319.172,0.282417,0.334
1175000,5,30.5307,357.301,3.83379,0.32025
1176000,7,33.6582,336.347,8.92522,0.348833
1177000,2,17.042,350.02,1.22242,0.34
1178000,2,14.7542,370.768,2.05893,0.317
1179000,2,12.9311,351.038,1.98378,0.321
1180000,3,18.6023,346.579,1.69719,0.318
1181000,4,26.3857,360.113,1.14403,0.322
1182000,2,16.0498,352.302,0.431032,0.354
1183000,0,4.68937,299.101,1.16996,0.338389
1184000,0,6.39209,332.67,0.252384,0.315556
1185000,0,6.3831,325.929,0.280953,0.334
1186000,1,9.15565,341.704,0.957379,0.347
1187000,1,10.0464,343.389,1.76099,0.364
1188000,2,15.2864,334.122,1.755,0.341
1189000,0,5.18742,329.746,0.975293,0.346667
1190000,0,5.8795,325.881,0.229155,0.312
1191000,0,6.03722,316.072,0.0257471,0.329
1192000,2,13.1996,326.082,3.19072,0.335722
1193000,0,6.25602,315.35,0.22406,0.344
1194000,2,16.0103,327.916,1.54633,0.343
1195000,2,15.3241,348.355,3.40097,0.34
1196000,0,6.06032,328.521,0.092208,0.334
1197000,0,6.21061,328.473,0.0229072,0.331
1198000,0,5.03844,327.391,1.10754,0.317
1199000,2,17.6101,329.182,0.435626,0.324714
1200000,1,11.493,321.371,1.22757,0.355
1201000,0,5.69897,337.742,0.0669975,0.320385
1202000,0,3.37456,324.098,1.93648,0.348
1203000,2,12.4262,323.22,0.666139,0.339
1204000,4,21.2484,349.368,5.3334,0.334556
1205000,1,9.86467,337.956,1.37159,0.3268
1206000,2,15.9815,348.709,2.47537,0.318
1207000,2,16.6278,338.204,0.492892,0.343
1208000,1,10.7195,324.816,0.963048,0.334429
1209000,0,5.64679,340.835,0.0657872,0.351
1210000,2,17.0397,339.685,1.47527,0.312
1211000,0,4.98118,339.972,0.60683,0.314
1212000,1,10.3206,313.363,0.911463,0.335
1213000,0,5.33339,324.567,0.227362,0.351
1214000,0,5.40264,318.63,0.0483358,0.315
1215000,0,5.03247,316.306,0.211014,0.339
1216000,0,6.519,347.39,0.153708,0.311182
1217000,1,11.3092,332.762,0.60454,0.302
1218000,0,5.66486,336.404,0.429466,0.328182
1219000,0,6.63901,330.244,0.0223512,0.3015
1220000,0,5.75183,333.6,0.0160561,0.331824
1221000,0,5.81665,341.62,0.0367882,0.32
1222000,0,5.97914,335.157,0.152129,0.30975
1223000,0,5.92871,346.675,0.159737,0.336
1224000,1,11.2993,335.188,0.600974,0.324
1225000,0,6.19263,340.37,0.0374345,0.305
1226000,2,17.3831,334.19,0.368326,0.31
1227000,0,6.29958,340.418,0.387865,0.29375
1228000,0,5.19108,331.93,0.563768,0.32
1229000,0,5.91455,343.554,0.837322,0.3065
1230000,0,6.68585,346.618,0.0584184,0.283
1231000,0,5.93519,329.217,0.0561715,0.333333
1232000,0,5.4247,320.056,0.401946,0.323
1233000,1,11.093,337.608,0.139439,0.336944
1234000,5,30.6627,351.925,2.1702,0.34
1235000,0,4.1016,350.405,1.28273,0.341
1236000,0,5.7571,326.039,0.25284,0.35075
1237000,3,21.6604,346.02,1.63155,0.317909
1238000,0,6.3295,335.97,0.018027,0.298
1239000,0,6.28342,330.131,0.121119,0.262
1240000,0,5.95467,333.266,0.240098,0.3188
1241000,0,6.05172,328.631,0.0786036,0.287
1242000,0,5.75831,350.934,0.435805,0.324
1243000,2,17.1486,347.888,0.199433,0.305
1244000,2,18.352,345.009,0.712948,0.329
1245000,1,10.3172,350.36,1.03963,0.319
1246000,1,11.7174,329.219,1.30711,0.313312
1247000,0,6.54932,334.928,0.135638,0.324
1248000,2,12.9711,340.045,2.06878,0.326667
1249000,4,22.4404,339.542,5.08058,0.348
1250000,2,14.8787,338.639,0.748037,0.321455
1251000,0,5.48697,337.088,0.83073,0.332
1252000,1,11.1736,327.831,0.458547,0.342
1253000,0,6.10947,331.639,0.0564116,0.306
1254000,1,11.7176,331.312,1.15679,0.314
1255000,0,5.57501,318.523,0.578801,0.292
1256000,0,6.15015,331.218,0.141332,0.336
1257000,1,12.7961,343.865,0.25508,0.316
1258000,0,5.28372,348.358,1.02517,0.285
1259000,3,19.839,322.843,1.59676,0.332667
1260000,1,11.7132,334.793,0.30108,0.337
1261000,1,10.7423,331.892,0.634732,0.332833
1262000,0,6.57403,333.399,0.0323709,0.303
1263000,2,16.439,344.371,0.195637,0.266
1264000,3,23.7065,341.685,0.997164,0.321
1265000,1,11.5471,347.456,1.53539,0.347
1266000,1,12.2272,360.618,0.184985,0.324
1267000,2,16.3117,359.648,2.18462,0.261
1268000,0,6.11484,340.884,0.403085,0.285
1269000,5,27.1354,359.154,5.49659,0.324
1270000,2,16.6066,351.719,2.03244,0.342
1271000,0,4.3382,335.443,1.8981,0.3196
1272000,5,29.2817,333.19,5.35873,0.333
1273000,0,6.05538,332.49,0.000531879,0.332
1274000,1,7.00218,344.861,1.60197,0.291
1275000,1,11.6535,338.036,0.892228,0.323
1276000,0,5.91312,336.722,0.264027,0.329
1277000,0,6.11585,349.162,0.15723,0.305
1278000,0,6.49397,348.278,0.201635,0.314375
1279000,2,16.5667,339.381,1.77017,0.321
1280000,0,6.37942,338.782,0.31574,0.322
1281000,1,8.19921,319.732,2.03795,0.274
1282000,2,14.7335,345.082,1.65509,0.345
1283000,3,20.8627,340.496,1.75683,0.339
1284000,6,33.468,333.719,3.25576,0.316
1285000,6,30.2518,336.278,4.06967,0.334
1286000,4,24.6669,333.212,1.03155,0.356
1287000,3,19.402,331.203,2.14147,0.343
1288000,0,5.67218,316.747,0.737138,0.332296
1289000,0,6.27896,331.218,0.117793,0.335
1290000,0,5.44025,322.115,0.502609,0.329625
1291000,1,10.2405,337.569,0.373913,0.302
1292000,3,21.302,345.584,1.05568,0.332182
1293000,3,22.9955,352.283,0.885738,0.318
1294000,1,9.72279,347.286,1.86404,0.313
1295000,0,6.02289,347.773,0.569667,0.312
1296000,0,6.60724,334.091,0.100991,0.315286
1297000,0,6.64237,337.846,0.0632681,0.293
1298000,0,6.31897,354.328,0.424717,0.322
1299000,0,5.42158,336.284,0.609535,0.31175
1300000,0,5.96958,321.026,0.00332122,0.34
1301000,0,5.99903,340.387,0.0351404,0.281
1302000,0,5.5967,331.71,0.911728,0.327133
1303000,2,16.3898,318.145,1.67551,0.332
1304000,4,31.3274,341.271,1.40086,0.352
1305000,5,31.7964,333.254,2.53497,0.34275
1306000,0,3.77874,337.726,2.7305,0.363
1307000,0,4.80093,327.228,1.6697,0.297
1308000,0,5.58252,337.919,0.50273,0.357333
1309000,0,5.55108,315.519,0.428884,0.331
1310000,0,6.25389,334.528,0.264346,0.331333
1311000,3,18.2444,346.383,2.45607,0.31075
1312000,0,6.44278,357.835,0.207609,0.278
1313000,1,11.9225,336.253,1.0504,0.305
1314000,0,5.93666,326.446,0.0284225,0.327
1315000,1,9.50383,333.234,1.23401,0.317
1316000,2,15.8296,323.064,2.63714,0.338333
1317000,1,10.672,314.731,0.774444,0.342
1318000,0,5.3312,312.594,1.07818,0.349
1319000,0,6.2501,326.732,0.0955408,0.335
1320000,1,9.72884,332.228,1.98367,0.334
1321000,3,23.1351,355.996,1.60044,0.321
1322000,1,11.3836,341.467,0.418416,0.323333
1323000,1,10.8302,339.309,2.22614,0.322
1324000,0,5.91718,336.845,0.598351,0.293333
1325000,0,6.42184,322.466,0.0583431,0.326
1326000,0,6.38488,326.93,0.117272,0.33
1327000,0,5.10637,334.181,1.40562,0.32
1328000,2,17.4331,330.186,0.711956,0.319308
1329000,6,34.6211,324.551,3.80962,0.338
1330000,1,10.9204,324.71,0.296109,0.324
1331000,1,11.2034,327.213,0.657707,0.345
1332000,2,17.3458,304.507,1.2613,0.3408
1333000,0,5.48432,306.503,0.883659,0.351
1334000,0,5.81025,318.549,0.184395,0.3538
1335000,1,10.9801,337.217,1.95156,0.3515
1336000,1,10.0791,334.485,1.8031,0.3464
1337000,0,6.41306,329.852,0.110974,0.327
1338000,1,11.6772,296.248,0.727244,0.359
1339000,1,10.9372,315.486,1.42692,0.392
1340000,0,6.32666,341.764,0.217313,0.3
1341000,0,5.23571,327.231,1.23679,0.333333
1342000,3,22.1059,314.419,0.695187,0.3375
1343000,1,11.7655,310.585,0.237329,0.366
1344000,1,12.1953,318.544,0.195657,0.362
1345000,0,4.90617,306.99,0.824038,0.315
1346000,2,16.713,304.757,1.04038,0.379
1347000,1,11.5825,323.858,1.1078,0.327102
1348000,0,5.56385,332.852,1.088,0.322
1349000,4,27.0408,347.466,2.89499,0.357
1350000,4,27.228,342.103,1.22738,0.338
1351000,0,5.95339,325.756,0.506282,0.345
1352000,2,17.6357,334.121,0.849416,0.316
1353000,0,5.48374,314.856,0.246262,0.340429
1354000,2,15.5695,322.673,1.46001,0.346
1355000,1,12.7384,349.872,0.368696,0.334533
1356000,0,6.42015,347.484,7.48292e-05,0.3155
1357000,0,6.47372,355.221,0.0171307,0.241
1358000,0,6.37274,348.497,0.0475351,0.263
1359000,0,6.63859,338.977,0.018984,0.327111
1360000,0,6.51057,336.647,0.15851,0.272
1361000,0,6.62912,333.016,0.010835,0.293
1362000,0,6.14162,334.952,0.519906,0.287
1363000,0,5.94432,328.095,0.60178,0.3055
1364000,1,9.54695,318.478,0.796143,0.3296
1365000,0,6.45689,337.224,0.168539,0.320667
1366000,0,6.40404,325.389,0.103119,0.303
1367000,0,6.10913,328.954,0.141738,0.328444
1368000,4,26.0764,309.639,2.54567,0.35975
1369000,3,16.4489,324.071,2.77142,0.388
1370000,0,4.6006,314.446,0.385717,0.332
1371000,0,5.08982,325.569,1.38085,0.334
1372000,1,11.0852,344.218,0.748816,0.3406
1373000,2,14.1002,327.492,1.55459,0.341333
1374000,1,9.7915,324.535,0.429355,0.327667
1375000,1,12.2778,336.603,0.528178,0.342
1376000,0,6.11964,346.692,0.396594,0.326
1377000,1,9.52524,364.988,2.12732,0.305
1378000,0,6.10219,322.824,0.0849616,0.331
1379000,1,10.0756,333.72,0.797632,0.334437
1380000,0,4.80953,340.267,0.029803,0.343857
1381000,0,4.68877,341.17,0.0102129,0.249
1382000,5,33.5688,334.006,2.42486,0.34
1383000,4,27.3106,338.303,1.8462,0.344
1384000,3,23.0255,329.881,1.17319,0.359833
1385000,0,5.9781,338.145,0.241827,0.342
1386000,0,4.73563,340.822,1.76165,0.314778
1387000,0,6.07411,319.799,0.0549889,0.3325
1388000,0,6.23328,331.153,0.217926,0.3305
1389000,0,5.31221,337.212,0.837701,0.326
1390000,2,15.6941,321.837,0.552469,0.362286
1391000,1,8.04596,330.168,2.45473,0.361
1392000,1,10.1421,330.547,0.661582,0.304
1393000,0,5.70711,321.608,0.507034,0.3255
1394000,1,11.822,342.03,0.43896,0.3056
1395000,0,1.94626,327.707,4.5435,0.319143
1396000,0,4.09967,318.314,2.36689,0.329
1397000,0,6.17747,315.495,0.307775,0.341
1398000,0,6.29621,312.841,0.152843,0.337
1399000,0,6.21018,316.572,0.184854,0.332333
1400000,0,5.74907,332.429,0.711199,0.331
1401000,0,6.12,330.516,0.265715,0.326
1402000,0,6.04264,349.929,0.412985,0.278
1403000,0,6.26373,338.982,0.150048,0.264
1404000,2,14.4678,331.461,0.76579,0.317
1405000,0,4.34354,328.418,0.111241,0.345231
1406000,1,8.24355,321.991,0.799213,0.333
1407000,2,16.4323,323.894,1.23454,0.352
1408000,5,33.4473,326.553,2.28186,0.371
1409000,4,25.99,325.844,1.33962,0.331727
1410000,1,11.1781,331.404,1.47988,0.348
1411000,1,12.0834,337.024,0.758197,0.303286
1412000,1,12.3535,328.415,0.685983,0.303
1413000,4,25.9678,334.059,1.64455,0.325263
1414000,1,7.40975,342.179,0.585544,0.364
1415000,0,6.07727,320.097,0.315275,0.317
1416000,0,5.94854,335.967,0.4907,0.285
1417000,0,6.36702,339.067,0.0930244,0.292
1418000,0,6.33222,347.613,0.129158,0.314
1419000,0,6.5003,346.521,0.121785,0.295
1420000,0,5.45222,321.759,0.98021,0.3072
1421000,4,24.4718,320.953,1.72739,0.329
1422000,4,26.9136,328.429,1.85184,0.36
1423000,1,9.44124,330.069,0.225073,0.321
1424000,0,6.17091,340.794,0.456934,0.326
1425000,3,23.2998,341.705,1.42874,0.303
1426000,0,5.71239,348.779,0.86608,0.323
1427000,4,24.952,339.578,4.02489,0.317111
1428000,0,6.02523,369.308,0.706643,0.273
1429000,0,6.37788,335.931,0.311642,0.27
1430000,1,12.4736,333.131,0.955202,0.277
1431000,1,8.73131,328.255,0.852907,0.355174
1432000,1,10.8587,330.643,1.65319,0.315
1433000,0,5.70321,337.889,0.998457,0.319
1434000,0,6.38049,333.522,0.262641,0.314
1435000,2,17.1174,320.799,1.34545,0.332
1436000,2,13.5535,326.945,1.73085,0.33
1437000,1,10.4027,342.478,1.35347,0.318667
1438000,3,19.88,343.726,0.68799,0.311
1439000,0,6.57353,319.604,0.0414346,0.311333
1440000,0,5.67315,314.964,0.0727778,0.31375
1441000,2,17.1634,330.712,1.72597,0.3165
1442000,7,44.5097,335.443,3.12004,0.321
1443000,1,11.6234,336.616,0.384589,0.3046
1444000,1,11.5464,329.9,0.528561,0.3295
1445000,0,5.84338,329.522,0.866894,0.291
1446000,2,13.4381,331.082,1.01605,0.346
1447000,0,4.90044,338.888,0.725719,0.342
1448000,1,9.6011,338.433,1.72693,0.31875
1449000,2,17.0923,360.901,0.858693,0.291
1450000,0,6.41428,352.841,0.287661,0.311
1451000,1,7.50406,344.778,0.839872,0.321
1452000,0,6.50159,323.501,0.101188,0.323
1453000,0,6.15348,348.536,0.558718,0.275
1454000,0,6.65485,339.887,0.00124161,0.308
1455000,1,12.3941,341.379,1.10074,0.309071
1456000,1,11.6133,330.123,0.765913,0.312
1457000,1,13.0099,342.408,0.529928,0.328
1458000,0,5.89977,342.972,0.820683,0.306
1459000,0,3.43264,340.318,2.40425,0.332167
1460000,0,5.50724,315.38,0.203951,0.346
1461000,0,6.1464,333.128,0.286553,0.313571
1462000,2,14.0896,358.533,1.62263,0.3115
1463000,4,29.4661,338.56,1.33297,0.309462
1464000,1,11.6783,334.938,1.59766,0.323
1465000,0,3.09341,339.544,3.623,0.32525
1466000,0,6.41952,331.971,0.30298,0.283
1467000,2,14.3069,340.856,1.55354,0.3004
1468000,2,13.5465,352.76,2.89953,0.31
1469000,0,4.32396,335.63,0.202791,0.312
1470000,0,3.06938,331.793,0.636348,0.34
1471000,0,4.68,337.541,0.438163,0.299
1472000,1,10.1322,348.909,0.0911956,0.289
1473000,3,18.1243,336.375,0.215822,0.3138
1474000,1,9.94642,328.683,0.222319,0.324214
1475000,1,6.67934,323.295,2.33474,0.368
1476000,1,10.968,321.39,0.342784,0.357
1477000,2,13.5319,310.311,3.10587,0.348
1478000,0,6.20594,344.943,0.0667379,0.3212
1479000,0,5.02196,322.321,0.0812684,0.324857
1480000,0,6.13757,324.37,0.120282,0.304
1481000,0,5.90612,331.107,0.0733823,0.318
1482000,0,6.24434,333.318,0.0363484,0.2945
1483000,0,5.95522,330.212,0.0832116,0.343
1484000,0,4.56954,358.192,1.60964,0.285
1485000,0,5.89301,331.712,0.0110135,0.292667
1486000,1,9.91406,342.476,1.9332,0.311
1487000,2,16.5596,329.673,0.823027,0.302
1488000,0,5.53523,324.082,0.443123,0.319
1489000,1,8.79833,328.583,1.70397,0.334
1490000,0,6.00272,309.787,0.0936964,0.33
1491000,0,6.12368,331.381,0.603943,0.31568
1492000,0,6.10454,327.453,0.0348417,0.3265
1493000,1,12.1766,324.775,0.327958,0.313
1494000,1,9.91351,331.185,0.0815487,0.342
1495000,0,6.68326,330.336,0.0200641,0.304
1496000,0,5.81567,318.121,0.366497,0.3245
1497000,1,8.26121,334.344,1.12731,0.325
1498000,0,6.09992,313.269,0.01588,0.346
1499000,1,9.78824,333.214,2.00787,0.312
1500000,2,17.389,344.346,0.51562,0.302789
1501000,0,6.55198,307.911,0.129199,0.320429
1502000,0,5.75228,315.536,0.907191,0.304
1503000,1,10.697,339.069,1.24494,0.3215
1504000,0,5.795,336.183,0.387116,0.344
1505000,0,5.92879,336.285,0.232387,0.319
1506000,2,17.0097,340.107,1.9192,0.32575
1507000,1,9.207,338.593,2.49767,0.319833
1508000,0,6.06888,326.331,0.692204,0.301
1509000,5,32.2185,341.556,3.37601,0.33
1510000,0,5.22759,346.948,1.4872,0.315
1511000,0,3.74612,337.215,2.22128,0.306167
1512000,0,5.67241,318.661,0.272247,0.307
1513000,1,11.5107,332.763,1.26826,0.308
1514000,0,5.39688,349.725,0.34549,0.334
1515000,4,28.4357,328.56,2.09791,0.317857
1516000,0,6.47959,324.518,0.176853,0.305
1517000,0,6.35734,325.769,0.235932,0.311
1518000,2,16.7162,341.315,0.697332,0.324
1519000,5,29.77,337.594,1.33968,0.35
1520000,4,24.2676,328.874,1.43601,0.35
1521000,3,21.3335,351.649,1.11085,0.310429
1522000,1,10.0627,330.918,0.526288,0.3495
1523000,1,9.36482,343.762,0.260719,0.347
1524000,2,15.1018,327.318,3.0107,0.352667
1525000,1,11.2817,346.508,0.38248,0.352
1526000,1,10.4004,353.747,0.347595,0.326
1527000,2,13.4295,354.56,1.54677,0.315
1528000,2,12.5274,360.325,2.3537,0.335
1529000,2,15.6436,301.241,1.14177,0.331
1530000,1,10.6773,339.592,0.450737,0.312
1531000,2,19.1768,311.755,0.825415,0.372
1532000,0,6.14002,314.536,0.238836,0.364
1533000,2,16.1062,328.52,1.25633,0.361
1534000,2,17.2999,347.406,1.12479,0.31925
1535000,0,4.28514,313.228,1.1167,0.332583
1536000,1,11.2809,330.695,0.466232,0.321667
1537000,0,4.92814,314.397,0.432929,0.3705
1538000,0,4.99031,314.161,0.491812,0.382
1539000,2,17.3784,330.001,1.97373,0.351333
1540000,0,6.20552,333.561,0.215146,0.271
1541000,2,16.8763,346.164,1.37327,0.305
1542000,5,32.2584,342.619,5.12031,0.332
1543000,3,23.9962,339.427,1.5765,0.369
1544000,1,10.3874,346.124,0.649406,0.3393
1545000,0,6.61382,348,0.109803,0.316
1546000,1,10.8405,317.716,0.912573,0.322
1547000,4,24.6611,332.378,1.65215,0.3515
1548000,1,9.21919,330.335,1.43731,0.358
1549000,3,22.1845,343.415,0.470729,0.329
1550000,1,10.9053,327.187,1.73418,0.323
1551000,2,16.3591,327.609,1.79292,0.315
1552000,3,21.5543,333.347,2.09166,0.341
1553000,5,30.8139,335.789,3.36016,0.359
1554000,1,11.39,324.188,1.03557,0.311
1555000,8,45.8251,335.792,3.90789,0.34031
1556000,1,11.2083,321.064,1.48178,0.3298
1557000,0,5.90111,335.195,0.784249,0.307
1558000,1,10.7387,320.368,1.52021,0.3275
1559000,3,17.5269,314.183,3.54018,0.34475
1560000,2,17.9455,323.878,1.02577,0.3155
1561000,2,15.5238,321.719,2.98169,0.346
1562000,0,6.16867,307.897,0.160735,0.353
1563000,0,6.13466,327.998,0.561414,0.312833
1564000,1,12.4943,332.603,0.802135,0.324
1565000,2,14.7113,339.711,1.85132,0.339333
1566000,3,20.545,320.979,2.53071,0.291
1567000,1,12.9773,331.993,0.267396,0.310667
1568000,2,15.043,324.5,1.05899,0.348
1569000,0,5.74399,324.109,0.299134,0.337323
1570000,0,5.81639,329.97,0.228534,0.313667
1571000,0,4.41133,324.454,1.59944,0.3515
1572000,0,5.87105,328.178,0.247149,0.335
1573000,3,20.3568,318.381,1.71085,0.366
1574000,2,14.141,330.972,1.99322,0.34075
1575000,1,12.2406,345.213,0.412938,0.3365
1576000,1,12.3824,346.587,0.571119,0.3265
1577000,1,12.1447,325.307,0.967092,0.315
1578000,0,6.6222,319.705,0.0553938,0.333
1579000,2,16.8262,323.185,1.034,0.333
1580000,2,16.033,314.595,1.61922,0.331333
1581000,0,5.59793,319.822,0.26487,0.359
1582000,2,16.1541,326.774,0.856004,0.319667
1583000,1,10.7635,316.594,0.925981,0.3545
1584000,0,5.42995,318.626,1.08623,0.332
1585000,2,17.0625,333.278,1.82371,0.325
1586000,2,14.1677,331.254,0.70084,0.324
1587000,3,19.1525,324.074,3.08825,0.344579
1588000,0,4.90399,336.092,0.826127,0.3256
1589000,0,5.26201,312.341,0.273549,0.342
1590000,0,5.39158,321.372,0.265923,0.317
1591000,0,5.72057,349.147,0.838405,0.330286
1592000,1,10.3475,334.788,1.89776,0.294
1593000,0,6.3792,329.937,0.176271,0.278
1594000,1,11.2916,335.854,0.357185,0.34975
1595000,5,34.9732,336.998,1.03743,0.362
1596000,1,8.15203,349.976,3.3364,0.334
1597000,2,16.919,326.031,0.587766,0.333
1598000,1,9.39908,331.995,2.02204,0.339
1599000,0,4.84248,326.009,1.15702,0.32525
1600000,0,5.93594,321.626,0.0448752,0.353
1601000,1,11.3795,327.399,1.05603,0.311
1602000,2,13.5342,339.616,4.02124,0.315889
1603000,3,19.9205,335.841,3.02669,0.331059
1604000,5,31.7897,337.043,2.96418,0.323
1605000,5,31.5868,340.353,3.58917,0.36
1606000,2,15.0042,347.844,0.536739,0.331
1607000,1,10.1251,347.871,0.598843,0.327
1608000,4,25.5139,322.588,1.43901,0.34
1609000,0,6.11628,317.736,0.0153287,0.328
1610000,0,4.57846,324.717,1.66316,0.313
1611000,0,5.58153,328.033,0.634216,0.328
1612000,0,5.35162,321,0.861381,0.315
1613000,0,5.94289,326.864,0.252039,0.313
1614000,0,5.94431,340.194,0.285528,0.324
1615000,2,17.2658,340.229,0.617738,0.342
1616000,2,17.0252,345.965,1.29454,0.347944
1617000,2,14.3917,333.167,1.07209,0.3055
1618000,1,12.031,324.987,0.780033,0.378
1619000,2,19.2523,326.682,0.484123,0.333
1620000,0,5.47775,332.107,0.358313,0.33125
1621000,0,5.56266,312.058,0.255971,0.329
1622000,3,21.7768,316.181,1.85647,0.331
1623000,6,31.067,341.045,4.78856,0.3395
1624000,3,23.3358,341.044,0.607809,0.352
1625000,4,24.6596,354.21,1.86162,0.328
1626000,5,26.6507,345.795,3.62441,0.316
1627000,5,26.1303,322.707,4.15385,0.31
1628000,4,23.9148,317.844,6.13373,0.358
1629000,3,19.9871,324.92,1.94386,0.332
1630000,2,13.1026,330.476,2.33636,0.384
1631000,0,6.22541,322.436,0.0379139,0.319966
1632000,0,5.88365,335.985,0.397761,0.284
1633000,1,12.346,346.134,0.407371,0.298333
1634000,1,11.5923,337.075,0.859293,0.314
1635000,1,11.6375,326.63,0.831083,0.302333
1636000,1,11.341,324.442,0.456328,0.328
1637000,2,16.2314,325.403,1.37796,0.302
1638000,0,6.43016,309.222,0.0655697,0.317892
1639000,0,6.15991,322.655,0.326562,0.323
1640000,0,5.61281,324.613,0.883549,0.363
1641000,5,30.2483,334.351,3.11789,0.350923
1642000,4,20.5488,341.746,2.5576,0.335
1643000,5,27.3475,347.372,4.9627,0.336
1644000,3,21.997,345.679,1.80821,0.369
1645000,1,10.4599,346.425,1.1374,0.301625
1646000,7,38.9578,348.195,7.15913,0.3335
1647000,3,19.7502,370.06,0.853918,0.329
1648000,5,34.9337,346.127,1.97013,0.322
1649000,1,11.99,336.713,0.443145,0.36
1650000,0,3.75537,347.126,0.89311,0.3124
1651000,0,6.30966,340.506,0.417024,0.312
1652000,0,6.47141,324.062,0.247858,0.302
1653000,2,15.6316,308.65,1.9123,0.318
1654000,0,4.59849,314.712,0.873448,0.349
1655000,1,11.6982,327.003,0.712863,0.327952
1656000,0,5.97319,321.753,0.496705,0.335
1657000,1,8.32724,340.995,0.2471,0.308667
1658000,0,5.47707,349.722,0.138188,0.289
1659000,0,4.86435,335.17,1.07078,0.317286
1660000,0,5.74606,336.833,0.137928,0.31
1661000,0,3.09153,325.633,0.309511,0.298333
1662000,0,6.33063,345.968,0.235315,0.2975
1663000,0,6.10802,337.508,0.413509,0.306
1664000,0,6.38764,326.36,0.287635,0.29275
1665000,3,18.4795,338.552,0.994466,0.303
1666000,0,6.17686,333.584,0.418035,0.343
1667000,1,10.0976,336.723,1.17146,0.323
1668000,0,5.35688,346.948,1.25124,0.322
1669000,0,6.36235,340.405,0.139069,0.321333
1670000,0,5.64808,359.294,0.995384,0.311
1671000,0,6.20616,354.279,0.328689,0.3085
1672000,1,9.01992,318.176,1.60027,0.32
1673000,0,6.01662,344.739,0.037775,0.333375
1674000,2,12.7888,323.526,1.91394,0.293
1675000,1,11.3944,339.115,0.727528,0.355
1676000,2,16.8394,322.257,1.04152,0.285
1677000,4,25.8479,340.242,3.03637,0.367
1678000,10,54.8538,345.246,3.78478,0.358
1679000,7,38.7869,354.529,3.2702,0.328
1680000,2,14.5629,333.302,0.840539,0.321
1681000,1,11.4242,328.388,1.17203,0.322444
1682000,0,6.19198,311.364,0.359493,0.318
1683000,0,6.27615,332.36,0.0951811,0.328667
1684000,0,5.87014,328.39,0.446546,0.318
1685000,0,6.51782,329.739,0.12419,0.32125
1686000,0,6.2837,320.241,0.242483,0.344667
1687000,0,6.26929,325.523,0.305158,0.294
1688000,4,28.1609,327.508,2.46299,0.309333
1689000,0,6.21018,337.179,0.0306344,0.3128
1690000,1,11.9937,337.483,0.72233,0.345
1691000,1,11.0967,328.057,1.73331,0.339
1692000,0,6.19884,334.478,0.0716256,0.335
1693000,0,6.58009,330.451,0.138703,0.3268
1694000,0,6.36762,304.902,0.0193364,0.308
1695000,3,19.1557,341.882,4.07421,0.334077
1696000,2,17.7204,308.408,1.26114,0.316667
1697000,0,6.28375,342.329,0.400216,0.303
1698000,1,9.48206,342.322,1.63902,0.298
1699000,0,6.60551,351.216,0.0925767,0.33
1700000,4,28.8821,341.355,1.41418,0.2978
1701000,0,5.62355,342.144,0.967961,0.3265
1702000,0,6.43592,358.049,0.188774,0.318
1703000,1,10.8722,350.305,1.34376,0.314
1704000,0,6.44305,345.021,0.164059,0.325
1705000,1,12.3238,337.691,0.325091,0.3095
1706000,0,5.766,350.454,0.847986,0.299
1707000,2,16.6044,343.44,1.60467,0.311
1708000,0,5.99162,330.65,0.544944,0.316
1709000,1,12.4769,311.997,0.362693,0.326
1710000,0,6.61692,335.64,0.0582044,0.3178
1711000,1,11.7532,337.766,0.614422,0.336
1712000,2,16.809,339.528,1.04946,0.300667
1713000,0,6.50805,342.655,0.0103806,0.288
1714000,0,6.12421,336.048,0.311714,0.325
1715000,1,11.5183,334.379,0.473469,0.319524
1716000,0,5.99907,328.453,0.41509,0.322
1717000,0,5.84041,341.824,0.899706,0.300333
1718000,1,10.7937,330.784,1.3986,0.302
1719000,1,10.8229,338.057,1.01904,0.316
1720000,1,10.7641,329.545,0.598819,0.3175
1721000,2,16.9783,327.136,1.89633,0.333
1722000,0,6.15009,329.936,0.50891,0.298
1723000,2,17.9561,339.097,0.676838,0.305
1724000,2,16.9974,341.641,0.840642,0.3181
1725000,1,11.0524,336.897,1.20375,0.329
1726000,6,38.3674,335.167,2.04068,0.312333
1727000,3,23.3054,343.252,2.11594,0.312
1728000,5,33.0816,349.334,3.98969,0.349
1729000,4,21.2371,331.739,5.58197,0.357
1730000,2,17.2292,321.018,1.07257,0.3274
1731000,0,6.32968,327.547,0.326477,0.3495
1732000,2,17.4953,320.096,0.672899,0.338769
1733000,3,21.3893,337.839,2.62472,0.363
1734000,0,5.99095,322.698,0.374949,0.348
1735000,1,11.0793,329.911,1.47541,0.331235
1736000,0,6.02629,323.477,0.357276,0.3385
1737000,3,22.6395,319.011,1.19223,0.328
1738000,2,17.181,330.762,1.53304,0.332
1739000,0,5.71219,335.33,0.712637,0.302
1740000,2,16.2564,352.734,2.81551,0.325
1741000,3,20.9883,350.405,1.8387,0.329
1742000,4,24.9574,359.47,3.22303,0.325
1743000,0,6.24337,337.992,0.0907836,0.293
1744000,1,10.7818,341.707,0.510125,0.3319
1745000,1,11.2694,344.288,0.39067,0.3275
1746000,2,17.1926,353.06,2.01192,0.325
1747000,1,12.1213,339.813,0.345892,0.319437
1748000,0,6.2549,346.682,0.0973334,0.307
1749000,0,4.82399,345.152,1.72435,0.297667
1750000,2,12.8954,351.72,1.4537,0.303667
1751000,5,31.0571,342.714,2.88763,0.317
1752000,0,6.15848,339.24,0.369609,0.33
1753000,0,6.26924,335.181,0.188895,0.335
1754000,4,27.9125,342.218,2.13709,0.306
1755000,4,24.2694,324.204,2.27647,0.338
1756000,1,7.87819,329.77,1.47009,0.338
1757000,0,6.19886,341.252,0.259282,0.315
1758000,3,23.0919,336.571,1.17877,0.318625
1759000,1,11.6827,339.726,0.479065,0.341
1760000,0,6.40319,342.061,0.00859325,0.327
1761000,0,6.40265,347.541,0.0500441,0.286
1762000,0,6.17458,363.038,0.301839,0.29
1763000,1,9.38705,331.068,2.19687,0.317
1764000,0,6.24696,344.415,0.186745,0.325
1765000,0,5.72184,336.881,0.578522,0.286
1766000,0,6.18066,332.246,0.119023,0.318
1767000,1,9.19988,353.073,1.78686,0.312
1768000,1,12.5185,346.179,0.536905,0.304
1769000,0,5.91327,340.805,0.417925,0.315
1770000,1,12.5057,331.922,0.0676123,0.329667
1771000,0,6.58125,312.143,0.0617591,0.325143
1772000,0,6.65023,317.474,0.0381455,0.326625
1773000,1,9.42551,337.404,1.30649,0.34
1774000,0,6.58966,337.958,0.114453,0.295
1775000,0,6.43853,327.942,0.245478,0.287
1776000,0,6.38545,357.572,0.0471098,0.322286
1777000,3,24.0619,351.638,1.33958,0.293
1778000,2,15.772,352.744,1.79431,0.307667
1779000,3,19.1248,352.521,4.87383,0.315
1780000,1,12.3927,350.053,0.811036,0.335
1781000,0,6.46842,329.934,0.131957,0.308909
1782000,0,5.91691,347.42,0.753841,0.312
1783000,3,23.5789,331.184,1.19033,0.340667
1784000,0,6.15008,326.257,0.522945,0.362
1785000,1,11.9788,334.275,0.274805,0.325357
1786000,0,6.37305,332.532,0.324075,0.3055
1787000,0,6.36759,339.894,0.313084,0.28
1788000,1,11.8595,337.908,0.408765,0.304
1789000,1,7.97844,326.589,2.46714,0.3255
1790000,0,5.88492,320.894,0.478503,0.322
1791000,0,5.88272,326.569,0.204547,0.323357
1792000,0,6.60646,333.518,0.0209375,0.32625
1793000,0,4.98074,333.445,1.19567,0.327333
1794000,0,5.45216,345.413,0.77831,0.360667
1795000,1,8.40678,338.529,1.96381,0.32
1796000,1,10.6951,332.717,0.677326,0.343
1797000,0,6.48855,326.725,0.00877309,0.3196
1798000,4,26.0865,334.989,1.7481,0.3284
1799000,1,9.73826,328.113,0.539684,0.306667
1800000,3,21.5607,322.415,1.07661,0.307
1801000,4,29.7203,328.186,0.609279,0.304429
1802000,0,4.39735,323.286,1.71838,0.325
1803000,3,19.9598,349.913,4.9279,0.347
1804000,3,19.6325,353.646,1.68985,0.336
1805000,0,6.55277,311.814,0.00860702,0.325625
1806000,0,5.93231,318.8,0.149588,0.352
1807000,0,5.74719,332.941,0.0839309,0.327111
1808000,0,5.47,341.747,0.409584,0.294
1809000,0,6.18643,332.369,0.37691,0.323
1810000,0,5.97636,326.562,0.161881,0.3295
1811000,0,5.85585,342.926,0.273163,0.306
1812000,0,5.68742,350.671,0.487281,0.31
1813000,3,21.4478,348.81,3.01275,0.31
1814000,3,21.1328,362.948,1.31798,0.31
1815000,0,5.03598,311.558,0.766378,0.325714
1816000,4,24.0383,333.748,2.08876,0.316
1817000,3,21.8804,343.674,1.07482,0.333
1818000,3,19.6521,349.484,1.38074,0.321
1819000,3,21.0432,354.166,0.903583,0.31
1820000,0,4.95804,343.251,0.92659,0.3364
1821000,2,14.9534,349.463,1.93193,0.333
1822000,3,20.5573,335.109,1.49857,0.34
1823000,1,13.1307,337.209,0.121906,0.330706
1824000,1,11.0138,330.273,0.779359,0.327
1825000,0,6.23342,328.09,0.0706078,0.32625
1826000,1,11.0741,335.93,0.856613,0.33975
1827000,2,16.8056,336.641,0.840021,0.3245
1828000,0,4.52669,328.116,1.82744,0.342
1829000,2,18.5335,307.032,0.347817,0.336
1830000,1,12.1989,309.783,0.256727,0.36
1831000,0,5.62152,303.098,0.350642,0.3416
1832000,0,5.71057,336.165,0.531739,0.32975
1833000,2,16.6076,333.901,2.23121,0.336
1834000,3,18.0785,334.442,2.58703,0.347
1835000,3,23.7312,331.616,0.478256,0.3396
1836000,2,17.5343,336.408,0.694915,0.348
1837000,1,8.81234,329.606,1.15529,0.345
1838000,0,4.87164,328.461,1.50242,0.345368
1839000,0,4.87413,328.404,1.52616,0.322
1840000,0,6.13249,341.598,0.299031,0.303
1841000,0,5.9055,323.403,0.0603592,0.334286
1842000,1,8.23009,330.109,0.678037,0.346
1843000,1,9.09984,339.893,0.526841,0.369
1844000,0,5.51374,333.031,0.849541,0.31375
1845000,2,14.9028,346.019,1.74074,0.322
1846000,7,43.5486,350.281,2.35121,0.294
1847000,6,29.3509,349.279,5.2269,0.313
1848000,3,20.6846,325.253,1.72488,0.342
1849000,4,21.3994,327.854,4.21106,0.361
1850000,1,11.14,337.188,0.651151,0.323846
1851000,0,6.21008,322.528,0.438465,0.308
1852000,1,10.0253,329.88,1.37632,0.334286
1853000,0,5.75473,331.145,0.153806,0.335
1854000,0,5.56267,348.818,0.508723,0.294
1855000,1,9.67158,330.355,1.86703,0.317
1856000,0,5.96567,337.943,0.0801889,0.332
1857000,2,14.4302,326.101,2.35271,0.326
1858000,3,20.1093,329.994,1.87645,0.361
1859000,1,10.3565,327.134,0.89609,0.311067
1860000,2,17.6476,327.218,0.806768,0.295
1861000,2,16.5451,319.889,2.11729,0.323
1862000,1,9.56157,337.336,2.17745,0.321385
1863000,3,21.3665,322.603,1.72975,0.338
1864000,1,12.7125,324.939,0.253375,0.336
1865000,0,6.00492,321.841,0.189733,0.296
1866000,0,5.41668,321.597,1.24021,0.3234
1867000,0,5.86344,324.146,0.631189,0.328167
1868000,0,6.361,349.569,0.173478,0.32
1869000,7,36.4391,359.55,4.9038,0.349
1870000,0,5.37207,344.178,0.877385,0.3308
1871000,3,21.5967,311.662,1.96401,0.3288
1872000,5,30.0899,349.291,3.76499,0.315
1873000,3,21.0208,330.309,1.66152,0.351
1874000,3,18.0259,340.413,1.89253,0.33
1875000,0,6.02377,336.378,0.483568,0.345
1876000,1,11.946,336.891,1.19824,0.305
1877000,0,5.80957,336.32,0.734637,0.31
1878000,0,6.28839,322.919,0.185092,0.33
1879000,0,5.96579,336.555,0.172854,0.328667
1880000,1,8.54196,345.227,1.45801,0.303
1881000,0,5.82972,325.953,0.357246,0.316
1882000,0,5.84438,337.678,0.340805,0.291
1883000,0,5.85403,349.381,0.34825,0.328
1884000,0,6.29399,332.359,0.0694515,0.335385
1885000,1,11.0859,320.698,0.517434,0.322429
1886000,2,17.0995,331.626,0.473184,0.311
1887000,1,12.3638,338.773,0.484194,0.315
1888000,2,18.5067,336.297,0.339414,0.332
1889000,0,5.77343,312.633,0.308932,0.341
1890000,1,12.4847,315.31,0.310904,0.3246
1891000,0,6.06408,318.332,0.427097,0.375
1892000,6,33.6184,332.17,4.59887,0.348
1893000,0,6.47512,352.428,0.17012,0.3034
1894000,1,11.4936,340.887,0.653616,0.3325
1895000,0,5.99354,322.617,0.438256,0.312
1896000,0,6.2833,341.412,0.200183,0.313
1897000,0,6.21966,327.993,0.0984148,0.334154
1898000,2,16.452,324.831,0.972001,0.328
1899000,2,16.7034,333.972,2.44877,0.347
1900000,0,6.16698,327.632,0.357961,0.321
1901000,2,6.51935,311.492,3.58978,0.362
1902000,0,6.25577,323.894,0.261851,0.385
1903000,0,6.31736,318.886,0.162299,0.362
1904000,1,11.2374,323.94,0.212544,0.349667
1905000,1,9.90107,320.378,0.499611,0.362
1906000,1,9.91352,327.028,0.945812,0.315846
1907000,3,21.9997,344.647,1.63701,0.343
1908000,0,5.79565,341.772,0.648054,0.293
1909000,1,11.1055,334.192,1.51114,0.344
1910000,0,5.34556,336.754,1.091,0.333
1911000,0,6.5954,321.83,0.0341823,0.339083
1912000,0,6.41738,324.926,0.0342035,0.334
1913000,0,6.04462,333.138,0.145852,0.274
1914000,0,6.37237,340.881,0.066009,0.316
1915000,0,4.16416,346.445,1.14376,0.288
1916000,1,11.3312,359.912,0.777994,0.308
1917000,0,5.0869,345.909,0.230181,0.328
1918000,1,10.358,333.16,2.05365,0.324571
1919000,2,15.7096,345.443,1.08384,0.339
1920000,0,5.16538,349.651,1.49596,0.313471
1921000,0,6.62346,338.914,0.121333,0.297
1922000,0,6.10915,355.391,0.639106,0.282
1923000,4,22.9079,346.251,3.62388,0.334
1924000,5,31.664,375.763,1.9148,0.306714
1925000,2,15.9831,346.425,0.93052,0.289
1926000,1,12.0995,309.147,0.388118,0.342667
1927000,2,17.8728,336.267,0.367997,0.3225
1928000,1,12.4892,343.168,0.348026,0.304
1929000,0,6.39396,348.228,0.220284,0.34
1930000,1,9.24308,341.053,0.333036,0.31
1931000,0,5.40771,341.799,0.84625,0.3216
1932000,0,6.07986,336.53,0.276925,0.282
1933000,0,5.64985,346.919,0.667575,0.318
1934000,1,10.6873,337.53,1.19144,0.331
1935000,1,9.24912,351.804,1.3936,0.328083
1936000,6,35.6553,332.24,2.06485,0.349
1937000,3,20.9529,326.099,3.28964,0.32575
1938000,6,35.7669,338.448,2.28676,0.337875
1939000,5,30.8603,335.521,3.11906,0.365
1940000,1,12.9722,339.186,0.291351,0.338
1941000,1,12.9211,327.463,0.547759,0.311
1942000,0,6.36984,324.75,0.180392,0.341625
1943000,0,5.81435,328.299,0.645765,0.319
1944000,1,10.5372,329.925,1.80378,0.328333
1945000,0,6.35804,344.419,0.352811,0.3275
1946000,0,6.22788,351.326,0.474191,0.268
1947000,0,5.51251,337.162,0.993281,0.31175
1948000,2,18.3448,344.697,0.957046,0.3
1949000,0,6.59942,336.618,0.0503244,0.3268
1950000,3,18.499,344.579,2.24916,0.3155
1951000,0,5.68164,345.132,0.867928,0.348
1952000,0,4.29622,332.605,2.45236,0.3115
1953000,1,7.61611,327.361,0.893268,0.311
1954000,0,5.98345,313.379,0.68851,0.312
1955000,0,6.58427,329.371,0.141506,0.32
1956000,1,8.25628,325.625,0.620654,0.33
1957000,1,7.81666,341.419,4.99371,0.307125
1958000,0,6.06034,345.983,0.653138,0.3125
1959000,0,5.96504,318.974,0.516242,0.3175
1960000,2,15.1348,337.317,1.26286,0.302
1961000,1,10.4091,323.564,0.649995,0.348
1962000,5,32.1399,329.61,4.48852,0.377
1963000,1,10.849,336.642,1.91352,0.322
1964000,1,11.0487,343.37,0.172211,0.2965
1965000,3,20.5683,353.793,2.4713,0.279
1966000,1,11.8653,345.999,0.677298,0.306
1967000,3,17.9144,349.296,3.26938,0.3239
1968000,8,45.9314,356.97,3.32546,0.316
1969000,0,3.55913,314.216,3.09891,0.3175
1970000,0,6.50716,328.183,0.195215,0.308583
1971000,1,12.4787,345.236,0.483131,0.269
1972000,3,25.0908,332.789,0.928651,0.308
1973000,2,16.3969,338.883,2.50816,0.339
1974000,0,5.91223,334.114,0.34066,0.321125
1975000,0,6.10756,350.417,0.593272,0.322
1976000,1,13.0163,329.38,0.492256,0.325
1977000,1,11.2833,347.341,1.85398,0.329
1978000,0,6.51206,333.588,0.0179321,0.308
1979000,1,10.1048,340.951,0.411912,0.317667
1980000,1,12.1216,340.423,0.797558,0.34
1981000,0,6.67217,333.193,0.0599456,0.257
1982000,7,41.9116,334.62,2.15558,0.33025
1983000,10,55.7106,343.444,5.97878,0.341
1984000,2,12.4169,337.375,2.21787,0.329625
1985000,0,6.38024,342.038,0.374596,0.329909
1986000,1,11.8974,343.401,0.921,0.292
1987000,0,4.54759,342.019,2.09941,0.3305
1988000,6,40.6137,353.191,2.98355,0.332
1989000,3,24.3339,352.501,1.41183,0.337
1990000,0,5.56877,340.68,1.15368,0.3235
1991000,1,10.5497,340.928,1.1901,0.3165
1992000,3,23.4741,341.997,1.67762,0.323667
1993000,0,5.66101,325.151,0.767219,0.3165
1994000,0,6.23533,342.448,0.402752,0.3115
1995000,3,21.2004,354.468,1.42579,0.329333
1996000,0,6.47518,334.356,0.265084,0.313
1997000,1,11.3801,344.445,0.319016,0.336077
1998000,1,12.2253,342.795,1.05572,0.3154
1999000,0,6.32891,338.765,0.0897022,0.295
2000000,0,6.45032,339.129,0.206997,0.326
2001000,0,6.32276,327.239,0.301617,0.301
2002000,0,5.46615,338.808,1.28999,0.305833
2003000,2,17.8822,350.707,1.38876,0.338
2004000,2,17.544,340.164,1.19338,0.3175
2005000,5,27.5485,331.534,3.65599,0.321
2006000,2,15.3247,339.806,2.15996,0.317
2007000,6,39.4139,352.798,2.02137,0.354
2008000,4,24.236,344.92,2.27204,0.332
2009000,4,25.5253,351.825,4.06891,0.33
2010000,0,6.05616,311.351,0.566672,0.340444
2011000,1,10.5693,358.042,1.30642,0.309
2012000,1,9.5256,344.247,1.70445,0.302
2013000,4,26.8947,339.415,1.97511,0.3219
2014000,0,5.35744,335.658,0.805112,0.320467
2015000,1,8.36959,332.136,1.21306,0.346
2016000,2,16.559,338.744,1.7445,0.332
2017000,0,6.26909,334.286,0.219405,0.2986
2018000,0,6.6401,334.12,0.033195,0.3322
2019000,1,11.6421,339.411,0.841006,0.333333
2020000,0,6.31345,352.723,0.185883,0.317
2021000,0,6.68787,341.499,0.0189985,0.319667
2022000,0,6.53935,334.064,0.123926,0.329167
2023000,0,6.41805,331.645,0.193933,0.317
2024000,0,5.41542,312.458,1.21359,0.321
2025000,1,12.3978,328.193,0.752921,0.302
2026000,5,31.1097,320.936,2.66403,0.323
2027000,4,28.1357,306.154,2.94812,0.373
2028000,4,25.8276,319.295,2.8816,0.369
2029000,0,5.63685,342.144,1.10804,0.306333
2030000,0,3.73081,321.771,2.48587,0.341727
2031000,3,14.5575,332.981,2.93501,0.3135
2032000,5,22.7481,356.443,5.39303,0.335
2033000,3,22.3978,353.176,0.970275,0.297
2034000,0,5.32168,330.275,1.25923,0.339667
2035000,4,26.7915,338.164,2.28872,0.314143
2036000,2,14.0409,327.451,1.05134,0.341
2037000,0,6.13196,331.693,0.146318,0.333857
2038000,1,12.1505,333.198,0.480522,0.297
2039000,1,10.6497,336.731,1.8548,0.3122
2040000,0,6.16074,331.392,0.56467,0.298857
2041000,2,17.6249,339.751,0.900915,0.339
2042000,0,6.05187,325.396,0.49931,0.349
2043000,2,12.6918,328.406,1.86329,0.301
2044000,0,5.67556,338.232,0.936704,0.3
2045000,1,10.3153,331.534,1.51989,0.345
2046000,0,5.86122,331.688,0.740835,0.296
2047000,0,5.79606,340.128,0.87396,0.330091
2048000,1,12.2313,320.906,0.857447,0.3145
2049000,0,5.51317,318.477,1.02026,0.329
2050000,1,12.0623,318.242,0.603252,0.358
2051000,3,22.6706,320.772,1.00639,0.31475
2052000,2,17.3928,332.614,0.987452,0.348
2053000,7,42.798,315.14,4.31062,0.346
2054000,1,12.0065,346.343,0.777782,0.298308
2055000,2,13.0758,329.269,2.20921,0.3525
2056000,0,5.41779,322.745,1.21299,0.345
2057000,0,5.48284,318.463,1.15176,0.33
2058000,0,6.38636,329.774,0.255623,0.283
2059000,0,5.87473,315.713,0.266482,0.339476
2060000,0,5.79242,309.615,0.507499,0.348
2061000,0,6.55591,329.241,0.0151446,0.321818
2062000,0,6.20148,343.746,0.384344,0.358
2063000,1,11.1461,328.996,2.14772,0.316111
2064000,0,5.08143,344.883,1.37051,0.323
2065000,0,6.12745,343.033,0.44949,0.309667
2066000,0,5.70137,345.017,0.913371,0.322
2067000,0,5.67805,350.642,0.922008,0.339
2068000,3,18.8122,321.827,1.98673,0.351875
2069000,1,11.0799,319.201,1.28641,0.358
2070000,0,6.32672,315.768,0.19453,0.32125
2071000,0,5.68663,331.043,0.86598,0.333714
2072000,1,10.9278,337.973,0.59718,0.347
2073000,0,6.58145,345.238,0.143844,0.294
2074000,2,14.2983,332.808,2.5904,0.3468
2075000,1,13.0989,350.555,0.280629,0.294
2076000,0,6.60055,333.701,0.0757923,0.273
2077000,0,6.60055,340.927,0.112445,0.282
2078000,0,6.53802,333.687,0.159715,0.29
2079000,0,6.3511,330.035,0.179942,0.305
2080000,0,4.19623,319.844,2.28029,0.327
2081000,0,3.19973,349.454,1.95803,0.305091
2082000,1,11.2702,341.917,1.27648,0.262
2083000,0,5.23518,327.161,0.111061,0.315
2084000,0,5.1625,345.791,0.213217,0.273
2085000,2,17.836,332.315,0.813411,0.316
2086000,4,24.9444,341.823,3.55855,0.289
2087000,1,9.69843,349.56,0.220884,0.334
2088000,2,14.1697,334.712,2.17212,0.313
2089000,4,24.24,332.243,2.69849,0.325455
2090000,1,10.4008,335.283,0.605124,0.3223
2091000,0,6.61919,349.909,0.0580196,0.303
2092000,2,16.8058,350.382,1.73619,0.313
2093000,0,6.2248,354.763,0.351308,0.325
2094000,1,11.4374,353.4,0.677844,0.305
2095000,3,23.0546,339.93,0.643347,0.318
2096000,1,12.1157,343.873,0.806764,0.333
2097000,2,17.729,350.711,1.17167,0.295
2098000,0,6.34694,351.779,0.21659,0.334
2099000,0,6.34565,337.075,0.205132,0.3348
2100000,0,5.92943,332.155,0.538139,0.302
2101000,0,4.86152,321.68,1.63098,0.345
2102000,0,6.2447,325.272,0.277535,0.305
2103000,0,4.8332,341.648,1.71857,0.357
2104000,2,17.2255,339.667,0.491505,0.337
2105000,0,5.73255,322.001,0.336531,0.315296
2106000,0,5.34457,330.648,0.995763,0.316125
2107000,0,5.84883,324.067,0.401845,0.335
2108000,3,22.8112,310.366,2.54062,0.314
2109000,2,14.4855,331.484,1.51334,0.371
2110000,0,6.25032,340.266,0.151518,0.3222
2111000,0,5.62046,318.866,0.788839,0.304
2112000,0,6.28341,333.247,0.215944,0.311167
2113000,0,6.41076,329.51,0.178212,0.335667
2114000,0,5.55877,335.992,0.980298,0.337
2115000,0,5.94998,336.641,0.583754,0.296
2116000,1,13.1741,344.391,0.17783,0.31
2117000,0,6.31937,346.633,0.226925,0.304
2118000,2,17.0589,345.643,0.532251,0.309
2119000,1,12.7321,336.713,0.102443,0.267
2120000,0,6.53847,347.19,0.000530006,0.302
2121000,0,4.57351,325.875,1.86263,0.272
2122000,0,6.53105,325.829,0.183142,0.3219
2123000,1,11.556,329.266,0.370391,0.320429
2124000,1,10.1316,355.689,1.80455,0.315462
2125000,1,12.4244,349.789,0.295612,0.298
2126000,1,11.6207,343.645,1.08427,0.356
2127000,0,5.76856,355.035,0.833873,0.306667
2128000,0,6.48743,345.57,0.237872,0.304
2129000,1,11.3189,334.939,0.387156,0.312833
2130000,3,21.7002,347.346,1.52227,0.308
2131000,2,15.7862,353.436,0.752348,0.318
2132000,3,22.5745,347.828,2.74209,0.314
2133000,3,23.1382,352.925,1.51764,0.3
2134000,1,9.91185,350.233,0.254861,0.309
2135000,1,9.78829,348.631,1.53586,0.312889
2136000,0,6.51319,343.343,0.219617,0.302625
2137000,2,15.158,351.011,1.32954,0.329
2138000,3,22.816,345.07,2.03617,0.332
2139000,5,31.9355,357.181,2.15724,0.318
2140000,0,5.87272,336.123,0.672888,0.343
2141000,2,15.4777,310.845,2.65795,0.3366
2142000,0,6.33206,309.169,0.165459,0.365
2143000,0,6.37377,326.927,0.263759,0.313
2144000,1,11.3341,333.051,1.99482,0.299
2145000,0,5.99628,317.371,0.00599439,0.332556
2146000,0,5.72126,329.334,0.25899,0.306
2147000,1,10.8284,328.715,0.388246,0.365
2148000,3,20.1529,328.528,1.09557,0.332
2149000,0,5.7155,326.058,0.257701,0.327
2150000,3,20.2307,335.641,1.9823,0.326375
2151000,1,12.2484,337.451,0.729806,0.337
2152000,1,10.9952,334.287,0.0796577,0.319
2153000,0,6.51944,340.103,0.10156,0.32
2154000,0,6.5105,325.165,0.0594866,0.336929
2155000,0,6.69612,339.553,0.00741181,0.2945
2156000,0,6.07727,343.4,0.641031,0.32
2157000,0,6.26002,335.056,0.0153238,0.332125
2158000,1,9.65306,314.144,0.695908,0.3335
2159000,3,18.2591,315.089,3.02425,0.335
2160000,0,6.48427,328.14,0.193712,0.374
2161000,0,6.43243,324.328,0.272974,0.313
2162000,1,8.69625,339.301,2.39092,0.3155
2163000,1,12.1052,327.332,0.749383,0.344
2164000,0,6.30864,340.537,0.148822,0.335429
2165000,0,6.50837,327.365,0.171059,0.334
2166000,2,15.9076,342.403,1.3383,0.3086
2167000,3,22.4185,350.205,1.57202,0.322
2168000,1,12.4882,360.614,0.0683163,0.272
2169000,4,27.7972,332.934,2.59118,0.3046
2170000,0,6.07258,325.705,0.267752,0.3514
2171000,1,7.36028,329.458,0.764544,0.320667
2172000,1,8.89429,345.144,0.836804,0.33
2173000,0,5.4615,345.091,1.24543,0.33
2174000,3,21.8888,334.784,1.63228,0.307
2175000,1,13.1626,333.328,0.201432,0.33
2176000,3,20.7592,350.212,2.81916,0.311375
2177000,2,16.0232,335.405,0.904632,0.3305
2178000,4,24.3606,356.433,3.07531,0.32
2179000,1,9.69175,334.641,2.05189,0.319333
2180000,0,6.22971,334.652,0.254178,0.316
2181000,3,15.2426,353.811,3.38852,0.323
2182000,3,16.5066,358.772,4.98231,0.294
2183000,4,21.0474,365.531,6.75537,0.312
2184000,9,43.5899,360.044,8.36079,0.335
2185000,0,6.02719,352.8,0.346642,0.298
2186000,0,4.9188,343.454,0.314047,0.271
2187000,1,5.60683,353.78,0.545383,0.318
2188000,5,35.0245,358.907,2.20504,0.32325
2189000,1,11.4171,345.178,0.415613,0.301
2190000,2,11.244,326.364,2.0332,0.3405
2191000,1,8.36016,344.125,0.638934,0.310875
2192000,3,21.4806,366.552,1.90355,0.343
2193000,1,12.6195,372.354,0.472187,0.292
2194000,0,6.18803,316.484,0.522125,0.3235
2195000,0,6.64384,326.299,0.0725436,0.311
2196000,0,6.67731,323.244,0.0221843,0.311714
2197000,3,23.5585,354.748,0.604395,0.338571
2198000,3,23.2462,327.626,1.29745,0.3034
2199000,3,21.0394,343.357,2.32315,0.334
2200000,7,38.5613,349.839,2.85215,0.323
2201000,4,28.3539,357.802,2.68145,0.327
2202000,0,6.38354,347.582,0.345906,0.309429
2203000,0,6.4834,344.05,0.243384,0.302
2204000,3,22.7834,343.967,0.764199,0.300333
2205000,4,27.1895,353.638,1.63602,0.308
2206000,2,16.767,365.215,2.57409,0.282
2207000,3,23.6893,349.685,1.49498,0.32
2208000,1,11.8897,349.822,0.387616,0.313
2209000,2,18.7462,335.943,0.123987,0.335
2210000,2,17.6188,320.994,1.12745,0.339
2211000,1,11.537,327.981,0.979584,0.345
2212000,5,35.7278,352.248,2.33588,0.313
2213000,3,22.4459,348.305,2.07847,0.3269
2214000,1,12.5598,339.147,0.211122,0.364
2215000,0,6.10825,356.26,0.646354,0.298
2216000,4,23.9841,353.817,2.71388,0.322
2217000,2,15.832,350.147,2.49236,0.338
2218000,3,21.5254,347.933,1.17423,0.327
2219000,0,5.4896,333.22,1.02754,0.334429
2220000,0,5.97514,310.56,0.682071,0.346
2221000,1,9.19992,318.757,2.49944,0.336875
2222000,0,5.50272,333.271,1.1776,0.343
2223000,0,5.93858,331.35,0.748293,0.278
2224000,0,6.41334,327.868,0.270683,0.268
2225000,0,6.60565,352.127,0.0709176,0.320429
2226000,0,6.66125,351.889,0.00114591,0.26
2227000,0,5.92575,347.812,0.688301,0.271
2228000,0,6.40584,335.752,0.18502,0.305
2229000,1,10.9617,336.658,1.59537,0.2984
2230000,1,8.67433,348.85,0.821454,0.315
2231000,1,12.5599,328.228,0.677996,0.358
2232000,5,29.2294,338.484,3.73678,0.334556
2233000,1,11.3684,321.498,1.099,0.314
2234000,1,11.5682,329.408,0.439359,0.348
2235000,1,10.8253,332.944,1.28716,0.294
2236000,0,6.14225,292.241,0.1622,0.299
2237000,0,6.10565,326.199,0.260718,0.332
2238000,1,11.8689,330.106,0.273745,0.3
2239000,0,4.89665,324.751,1.46106,0.33
2240000,2,15.9998,329.333,1.94968,0.319
2241000,0,5.91012,324.192,0.452843,0.327
2242000,0,6.60048,331.067,0.023688,0.323
2243000,1,9.96003,346.385,0.641726,0.322
2244000,5,30.9699,354.899,2.00343,0.33
2245000,3,22.8371,344.619,1.60034,0.315353
2246000,1,9.43988,352.849,1.29062,0.329
2247000,2,17.302,349.765,0.213877,0.347
2248000,0,5.98299,356.901,0.595598,0.271
2249000,5,31.1303,327.931,1.79103,0.3306
2250000,1,10.9789,352.78,0.103643,0.346
2251000,1,11.5461,348.31,0.60186,0.295
2252000,2,16.8571,319.145,1.73524,0.349
2253000,1,11.1788,336.919,0.705759,0.3192
2254000,0,6.25105,313.541,0.196365,0.323818
2255000,3,21.1142,343.697,2.88399,0.33
2256000,1,12.5688,343.759,0.375643,0.319
2257000,0,6.24203,348.096,0.499911,0.324
2258000,1,9.84597,363.81,0.147551,0.265
2259000,2,17.8521,343.965,1.46512,0.344833
2260000,2,16.0533,356.017,2.08076,0.289
2261000,4,29.164,339.581,0.843216,0.332143
2262000,3,20.7767,341.942,1.59006,0.322
2263000,2,18.9339,355.745,0.409802,0.322
2264000,2,15.1745,342.283,1.37799,0.29375
2265000,1,12.4527,357.803,0.924325,0.32
2266000,2,16.662,352.678,3.39233,0.302
2267000,0,6.45075,328.465,0.220776,0.297667
2268000,0,6.27584,332.595,0.436039,0.304
2269000,0,6.26981,335.395,0.4787,0.319
2270000,2,18.0548,379.311,1.05128,0.3145
2271000,4,29.0437,364.734,1.24474,0.301
2272000,6,36.2746,364.742,3.39834,0.29
2273000,4,27.4032,359.57,2.02592,0.297
2274000,4,25.6133,372.702,3.79724,0.274
2275000,2,17.6496,376.467,0.916704,0.308
2276000,1,13.2391,323.367,0.1219,0.307143
2277000,0,6.19578,336.378,0.464584,0.3215
2278000,0,6.44327,320.335,0.172526,0.292
2279000,0,6.23617,328.264,0.400085,0.369
2280000,0,4.81849,329.884,1.79088,0.307
2281000,0,5.81023,325.682,0.639736,0.321778
2282000,0,5.81458,316.142,0.861352,0.320833
2283000,2,17.0992,335.97,1.01068,0.358
2284000,0,6.3339,326.143,0.379147,0.319
2285000,0,6.14383,332.298,0.573473,0.307
2286000,0,5.43859,330.267,1.2873,0.283
2287000,4,24.091,349.86,2.10522,0.342143
2288000,0,5.76298,318.482,0.942059,0.3305
2289000,3,21.1747,339.493,3.09031,0.314
2290000,4,26.038,344.725,1.84186,0.314
2291000,0,5.89626,325.954,0.666634,0.327
2292000,0,5.92703,313.731,0.644022,0.33
2293000,1,11.5912,319.607,0.550052,0.296
2294000,2,14.794,348.663,4.96286,0.309167
2295000,0,6.55927,350.114,0.156771,0.278
2296000,1,10.8307,345.217,0.733858,0.275
2297000,0,6.60051,334.088,0.115288,0.29
2298000,0,6.49798,338.173,0.231911,0.361
2299000,0,6.56337,342.081,0.0618913,0.317708
2300000,0,5.30213,337.301,1.30359,0.293
2301000,3,23.5523,332.283,2.00917,0.344
2302000,0,5.31153,334.776,1.05198,0.334778
2303000,1,11.5091,327.515,0.510229,0.339136
2304000,1,12.4724,318.065,0.706397,0.325333
2305000,2,16.7754,323.368,1.49883,0.322286
2306000,0,6.20591,304.659,0.345919,0.352
2307000,0,5.83323,334.224,0.738234,0.326
2308000,2,17.2725,336.257,1.98085,0.339
2309000,2,17.2128,334.912,1.02483,0.336
2310000,0,5.693,326.061,0.415564,0.328857
2311000,2,13.6077,327.072,0.687642,0.344222
2312000,0,6.31727,346.818,0.0867302,0.319
2313000,4,27.0128,326.462,2.67207,0.316667
2314000,0,6.32981,342.919,0.00724383,0.329
2315000,0,6.17477,347.597,0.201438,0.289
2316000,2,16.3746,337.465,3.49028,0.316
2317000,2,16.6768,324.972,0.540337,0.30425
2318000,2,15.2186,343.306,0.650415,0.327
2319000,6,31.3828,338.551,4.31103,0.346
2320000,6,35.9821,348.767,4.20632,0.346
2321000,2,15.014,341.391,1.5598,0.315
2322000,2,17.7982,333.801,0.620058,0.329667
2323000,2,14.6667,351.162,4.36196,0.345
2324000,2,17.5951,346.329,1.81479,0.38
2325000,0,3.54457,355.057,2.75243,0.322
2326000,2,17.5624,316.26,0.415726,0.3336
2327000,2,16.1291,330.825,0.115214,0.347
2328000,7,41.6629,340.647,2.28986,0.319
2329000,4,20.5393,343.464,2.609,0.357
2330000,1,12.0621,339.388,0.649811,0.333
2331000,1,12.3086,317.471,0.587845,0.318474
2332000,0,5.31334,339.729,1.00442,0.337
2333000,0,6.36544,313.145,0.205115,0.3225
2334000,3,16.583,290.152,1.83559,0.3635
2335000,2,19.3856,340.264,0.473106,0.3396
2336000,1,10.6575,325.763,0.235822,0.307
2337000,2,16.8892,334.686,1.28067,0.34
2338000,0,6.47393,342.884,0.156544,0.301
2339000,2,17.7383,311.366,0.186116,0.3494
2340000,0,5.94189,330.57,0.155369,0.32675
2341000,3,21.6376,332.606,1.56063,0.32
2342000,0,5.74279,329.928,0.296076,0.322176
2343000,1,11.3765,336.154,1.04258,0.344
2344000,1,12.3736,324.644,0.45098,0.317333
2345000,2,16.4492,323.072,0.650244,0.3705
2346000,7,44.9538,329.56,1.98995,0.387
2347000,1,9.41131,330.196,2.04889,0.338
2348000,2,12.955,339.422,1.40233,0.334
2349000,4,24.664,359.088,3.32166,0.335
2350000,4,25.7004,350.534,1.69336,0.345
2351000,0,6.34436,314.866,0.0865594,0.33025
2352000,4,23.5901,338.223,4.29774,0.3405
2353000,6,33.4655,338.43,1.64481,0.34
2354000,0,5.76137,318.882,0.806088,0.3341
2355000,3,22.8921,308.902,1.28058,0.358
2356000,1,6.55457,310.942,1.48429,0.366
2357000,0,5.26269,315.536,1.28769,0.353
2358000,0,5.98628,319.736,0.596948,0.343
2359000,1,9.19575,305.663,0.933811,0.364
2360000,0,5.80476,328.235,0.114871,0.339375
2361000,0,5.0764,335.911,0.77093,0.3195
2362000,0,5.87798,346.04,0.367389,0.346667
2363000,1,11.4206,333.102,1.3023,0.337
2364000,2,15.8437,323.965,2.1681,0.347
2365000,2,13.7527,335.896,1.56325,0.339
2366000,0,5.59651,342.879,0.875223,0.325
2367000,0,5.98254,332.293,0.491872,0.319
2368000,0,5.78398,332.907,0.943647,0.3259
2369000,2,16.2729,311.679,0.58122,0.324714
2370000,2,12.0321,314.802,2.0224,0.316
2371000,0,5.67791,312.048,0.970703,0.358
2372000,3,19.5793,313.362,1.96256,0.325
2373000,0,6.10453,321.722,0.600125,0.302
2374000,0,6.43516,300.86,0.193701,0.324
2375000,1,9.19465,317.295,1.20725,0.338214
2376000,0,6.43298,307.746,0.231247,0.321833
2377000,0,5.33138,358.736,1.18498,0.3202
2378000,0,6.35481,333.461,0.11014,0.309
2379000,1,11.3251,357.39,0.478544,0.269
2380000,1,11.2199,345.607,0.729129,0.296
2381000,2,16.6555,344.661,2.30515,0.321571
2382000,0,6.44637,350.716,0.180494,0.315
2383000,1,12.1623,342.865,1.0633,0.305
2384000,0,6.52142,333.556,0.0682366,0.306333
2385000,0,6.51117,347.514,0.00341675,0.315
2386000,0,6.19955,338.224,0.374914,0.267
2387000,0,5.95387,332.113,0.553357,0.311
2388000,0,6.21161,324.061,0.330909,0.296
2389000,0,4.37996,323.324,2.07179,0.338
2390000,1,8.7151,334.525,0.142851,0.332867
2391000,1,11.7457,310.841,0.926088,0.31575
2392000,0,5.31445,338.68,1.20182,0.333333
2393000,0,6.27552,337.288,0.25331,0.325
2394000,1,11.6298,336.242,1.20279,0.338
2395000,5,31.3956,340.997,2.99341,0.302
2396000,0,6.23504,331.754,0.0207686,0.317312
2397000,2,15.2355,328.541,2.33754,0.315
2398000,2,15.2066,341.274,1.29929,0.327667
2399000,0,5.11311,309.547,0.295195,0.341111
2400000,0,5.64389,325.96,0.471123,0.362333
2401000,0,5.14597,329.517,0.135724,0.388
2402000,1,10.2186,323.954,0.489535,0.321
2403000,1,11.0901,326.272,1.08625,0.328
2404000,0,6.16935,316.09,0.447796,0.335
2405000,1,12.1012,323.474,0.394592,0.338
2406000,5,33.3699,344.856,2.32341,0.302
2407000,2,17.4771,327.776,0.474589,0.332
2408000,0,6.43695,320.967,0.166291,0.331
2409000,0,6.65168,326.98,0.00501037,0.329
2410000,1,12.102,338.965,0.624688,0.3222
2411000,0,6.50422,314.907,0.0729929,0.3191
2412000,1,11.2399,335.82,0.677099,0.32
2413000,0,5.62799,311.454,0.955275,0.335
2414000,1,11.5582,352.934,0.265787,0.318
2415000,2,15.6184,356.557,0.648864,0.35
2416000,0,5.96361,341.713,0.216449,0.332462
2417000,0,6.02845,314.473,0.107798,0.317
2418000,0,5.79969,315.913,0.322542,0.31
2419000,0,5.51106,341.264,0.49535,0.281
2420000,1,12.1485,333.167,0.391685,0.330222
2421000,2,18.0086,322.702,0.862383,0.327
2422000,2,17.5845,338.99,1.57524,0.318889
2423000,1,12.0013,330.771,0.811413,0.33475
2424000,1,11.1664,348.95,1.3585,0.326778
2425000,1,11.6423,347.038,0.744784,0.337
2426000,4,28.3637,326.412,1.28795,0.3386
2427000,0,6.31973,335.733,0.180725,0.3
2428000,0,5.96401,335.602,0.163524,0.324
2429000,0,5.90078,341.422,0.0374144,0.271
2430000,0,5.83942,341.608,0.188909,0.342
2431000,0,5.79512,325.743,0.124587,0.297
2432000,0,5.22628,332.323,0.720006,0.334
2433000,1,8.4463,325.188,3.34936,0.31
2434000,1,10.1298,354.348,1.19132,0.314
2435000,1,10.9751,337.131,2.10799,0.32325
2436000,0,5.25081,343.853,0.293718,0.317308
2437000,0,6.12728,328.741,0.231689,0.306
2438000,1,10.4807,313.086,1.00295,0.33325
2439000,0,5.29573,309.021,0.725266,0.337
2440000,3,23.5342,341.116,0.845132,0.355
2441000,0,5.83829,332.049,0.310929,0.344
2442000,1,9.40129,348.531,0.756626,0.305
2443000,0,6.15598,340.425,0.0350123,0.288
2444000,2,17.1431,350.502,2.14379,0.318
2445000,1,11.4649,346.362,0.730361,0.355
2446000,0,5.41427,340.05,0.570543,0.296
2447000,1,11.8331,342.678,0.682008,0.33476
2448000,1,9.56286,348.332,0.669914,0.338583
2449000,0,6.28738,338.586,0.0523676,0.288
2450000,0,5.73125,338.72,0.594309,0.294
2451000,3,20.7864,354.518,1.87719,0.3068
2452000,3,22.4535,318.658,1.63585,0.339933
2453000,3,20.3624,357.305,1.45179,0.3185
2454000,5,31.0808,348.099,2.55628,0.347
2455000,0,5.89705,328.45,0.679137,0.323875
2456000,0,5.5771,324.959,0.93842,0.31525
2457000,4,21.4164,353.075,0.903959,0.336
2458000,2,14.9249,337.074,1.18027,0.336
2459000,4,24.897,337.343,1.80187,0.376
2460000,4,23.2245,350.802,3.77027,0.316
2461000,4,23.0311,348.407,5.15299,0.338
2462000,1,10.5866,349.642,0.666714,0.34
2463000,0,5.43089,351.571,0.782623,0.284
2464000,2,17.5822,353.717,1.20714,0.313
2465000,0,5.28193,329.929,1.13634,0.316267
2466000,1,11.487,324.688,0.769571,0.307
2467000,2,18.4213,343.747,1.28336,0.336
2468000,5,30.0921,350.139,1.62118,0.314
2469000,3,20.5032,349.62,1.35778,0.336
2470000,4,23.1561,331.105,3.94169,0.333
2471000,0,6.40823,318.359,0.0730042,0.321133
2472000,1,12.1514,337.74,0.53195,0.309059
2473000,2,15.709,351.007,1.82073,0.29
2474000,3,24.4043,338.309,2.06574,0.331
2475000,2,15.6386,339.781,1.64196,0.33475
2476000,0,6.10012,347.318,0.336929,0.318
2477000,0,6.15948,333.422,0.225621,0.317
2478000,0,6.27503,336.875,0.0960142,0.306
2479000,0,5.42763,333.548,0.959284,0.362
2480000,1,10.9161,332.374,1.94544,0.308
2481000,2,14.9306,309.145,3.02724,0.338
2482000,4,27.3422,324.097,2.27915,0.394
2483000,2,13.2935,331.232,2.74662,0.327692
2484000,4,27.5019,332.788,0.686532,0.33095
2485000,0,6.12868,322.293,0.484613,0.315364
2486000,1,9.79719,331.044,1.54874,0.33975
2487000,2,17.0673,329.669,1.28931,0.31975
2488000,0,5.58978,334.268,0.798627,0.32
2489000,0,5.23965,343.068,1.17642,0.324
2490000,0,6.43068,342.9,0.0127831,0.294
2491000,0,4.87482,348.365,1.56236,0.295
2492000,5,32.4632,318.428,1.57832,0.321
2493000,4,25.155,323.601,3.0619,0.3215
2494000,3,17.0108,296.42,2.43386,0.323
2495000,0,6.23512,329.807,0.470885,0.35
2496000,0,6.50391,326.179,0.187377,0.333
2497000,2,17.2113,340.136,0.458828,0.338
2498000,1,12.1936,354.459,1.23105,0.319429
2499000,0,6.23045,340.619,0.338243,0.295
2500000,0,5.6008,348.527,0.273792,0.321333
2501000,3,22.2091,327.719,1.61846,0.323
2502000,1,12.2912,322.382,0.577184,0.359
2503000,2,14.853,317.464,0.293958,0.316
2504000,0,4.60861,334.722,1.68894,0.346
2505000,3,22.147,333.532,3.52022,0.334
2506000,3,22.4853,346.978,0.881786,0.3056
2507000,2,17.8868,342.485,1.77517,0.33
2508000,1,8.8143,336.681,1.34401,0.346
2509000,0,6.38325,346.563,0.138433,0.306
2510000,1,12.2479,340.409,0.103304,0.316
2511000,4,21.0109,331.649,1.37245,0.326333
2512000,4,28.7326,341.419,2.25494,0.339231
2513000,0,4.59961,317.415,1.08697,0.349077
2514000,0,5.59731,312.983,0.0897616,0.39
2515000,2,14.4538,325.931,1.58529,0.327
2516000,2,16.0044,340.252,1.55709,0.342
2517000,0,5.86,337.416,0.737924,0.311143
2518000,2,14.4955,339.954,2.0045,0.3255
2519000,1,12.8819,359.395,0.428574,0.2975
2520000,2,16.1717,339.725,0.51988,0.3475
2521000,0,6.09585,339.87,0.175,0.3319
2522000,1,12.1633,338.046,0.169054,0.3298
2523000,0,6.23962,343.723,0.176686,0.30475
2524000,0,5.70159,329.265,0.442285,0.3105
2525000,0,6.01699,344.013,0.412086,0.2955
2526000,2,14.8389,340.968,1.46488,0.284
2527000,1,12.0099,345.701,1.18006,0.316
2528000,0,6.32729,340.123,0.308593,0.279
2529000,0,6.61888,342.599,0.00854224,0.329
2530000,2,14.6088,335.907,2.54178,0.303
2531000,2,17.8341,328.496,0.809225,0.322
2532000,1,8.47423,347.748,2.46708,0.307
2533000,0,5.77763,357.196,0.402823,0.277
2534000,1,11.3906,332.277,0.67432,0.325429
2535000,0,5.16393,336.888,0.548276,0.355
2536000,0,6.03281,320.054,0.122033,0.344067
2537000,2,17.7005,325.387,0.783199,0.337
2538000,0,5.46067,324.702,0.695519,0.371
2539000,0,6.09983,356.414,0.190655,0.302
2540000,0,4.74071,329.544,1.43218,0.331
2541000,0,6.1926,334.254,0.0245147,0.299
2542000,3,19.1596,339.09,2.8644,0.343
2543000,1,11.6657,355.217,0.0792726,0.30775
2544000,1,11.9792,353.323,0.547365,0.319
2545000,0,6.29229,333.272,0.405742,0.29
2546000,2,17.6555,348.578,0.382087,0.342
2547000,0,6.71339,343.975,0.0123194,0.306
2548000,0,5.4735,322.299,0.333552,0.325692
2549000,0,5.53138,324.915,0.143968,0.319
2550000,0,5.05666,336.076,1.17092,0.323
2551000,4,22.8041,328.392,3.48836,0.332111
2552000,0,4.94363,330.412,1.00022,0.319333
2553000,1,10.5987,342.081,0.807044,0.322
2554000,3,21.4313,336.824,2.6054,0.292143
2555000,0,5.02981,347.514,1.6413,0.321
2556000,1,10.667,349.666,1.02536,0.323
2557000,2,15.1739,341.435,1.20646,0.349
2558000,0,6.28547,344.209,0.41332,0.315333
2559000,2,13.0246,342.523,1.22185,0.345667
2560000,0,5.61778,332.103,0.285806,0.297
2561000,0,4.88616,340.945,0.183795,0.303
2562000,2,17.2889,335.828,1.12833,0.307
2563000,1,11.515,324.003,0.961328,0.3265
2564000,1,11.4655,321.219,1.14215,0.328
2565000,0,5.04178,325.076,0.654666,0.329
2566000,0,5.23488,331.381,0.496155,0.309
2567000,0,5.4668,316.059,0.652015,0.334667
2568000,0,3.39827,335.736,2.31037,0.3365
2569000,2,16.0802,348.105,1.24224,0.347
2570000,3,19.3101,329.466,1.66816,0.331
2571000,0,5.0243,340.324,0.844749,0.323
2572000,0,4.73909,336.343,1.06987,0.335
2573000,1,8.50111,320.19,1.40855,0.351
2574000,3,17.9214,340.808,3.02203,0.307667
2575000,0,5.91411,321.509,0.223412,0.327125
2576000,0,5.92138,321.448,0.27615,0.326333
2577000,0,5.31568,323.19,0.769487,0.299
2578000,0,5.90333,338.532,0.364891,0.352
2579000,1,12.2566,315.913,0.496415,0.327
2580000,1,8.74505,344.586,2.45384,0.291
2581000,2,14.1583,330.771,1.40147,0.303143
2582000,0,5.70776,347.263,0.299546,0.294
2583000,0,6.26477,351.276,0.10269,0.273
2584000,0,5.93723,349.316,0.443985,0.276
2585000,1,11.2092,362.79,0.834936,0.3
2586000,0,6.30207,325.038,0.173988,0.3225
2587000,2,17.0081,342.678,2.33255,0.326143
2588000,2,11.9268,328.59,1.89597,0.3405
2589000,1,11.6822,323.746,0.920097,0.329
2590000,2,12.2853,333.665,4.27227,0.335
2591000,1,11.5673,315.171,1.34194,0.294833
2592000,0,5.69997,321.435,0.012587,0.336526
2593000,5,32.4176,313.582,1.47634,0.364
2594000,2,17.5721,339.444,1.51867,0.33
2595000,0,5.08833,340.369,1.60596,0.31625
2596000,1,9.63703,333.696,0.204097,0.349667
2597000,1,10.569,328.24,0.510507,0.329
2598000,1,10.1322,338.463,0.211567,0.313
2599000,0,4.55543,345.897,1.87617,0.327
2600000,0,6.71495,343.797,0.00922149,0.2994
2601000,2,17.0433,320.891,0.567506,0.299
2602000,0,6.26274,319.173,0.136226,0.315
2603000,0,5.95094,320.807,0.442235,0.361
2604000,0,4.16234,317.366,0.753871,0.342
2605000,0,5.95755,321.268,0.449242,0.3215
2606000,5,29.842,346.511,2.17146,0.3525
2607000,3,22.3853,335.993,1.28008,0.345
2608000,1,6.82437,350.287,1.672,0.301875
2609000,1,1.45148,345.426,0.911148,0.308
2610000,0,6.27776,331.197,0.382813,0.305
2611000,3,18.0296,319.564,3.00188,0.337333
2612000,0,5.02047,340.187,1.37845,0.325857
2613000,0,5.66635,307.082,0.40237,0.3385
2614000,2,18.1604,312.966,0.224944,0.347
2615000,3,23.4623,334.192,2.00426,0.301
2616000,1,12.7663,317.099,0.348163,0.34
2617000,3,19.5968,322.366,3.17999,0.313143
2618000,5,35.1375,342.278,4.33662,0.349
2619000,1,12.5457,345.015,0.921651,0.31
2620000,1,12.0688,322.282,0.624677,0.3255
2621000,0,5.15455,310.45,0.890965,0.317
2622000,1,11.7873,331.536,1.77565,0.343333
2623000,1,11.3146,306.195,0.756004,0.355
2624000,2,17.9372,296.813,1.61562,0.347
2625000,0,6.09304,303.647,0.155029,0.33925
2626000,2,17.6435,333.737,2.05452,0.337
2627000,0,6.67979,347.633,0.0436942,0.329
2628000,2,19.3365,347.774,0.156744,0.325
2629000,3,21.8433,348.905,2.34722,0.317
2630000,3,23.0692,364.33,2.75717,0.32
2631000,1,11.5713,364.399,1.9409,0.297
2632000,1,11.7654,338.768,1.241,0.317
2633000,2,17.5166,335.562,0.903866,0.339778
2634000,0,4.54581,324.206,0.0383778,0.352704
2635000,2,15.1291,321.948,1.64675,0.35
2636000,2,16.1612,338.32,0.333949,0.364
2637000,6,33.7801,329.262,3.96429,0.325167
2638000,5,30.899,338.407,2.23049,0.369
2639000,8,45.7179,339.504,4.60616,0.327
2640000,4,26.7185,371.195,1.97149,0.305
2641000,4,26.0083,366.682,2.87447,0.277
2642000,4,25.467,365.97,3.37985,0.323
2643000,4,26.1414,361.428,1.39857,0.317
2644000,5,32.2811,344.832,2.20554,0.34225
2645000,4,28.2818,350.853,1.66252,0.327
2646000,3,23.4202,348.322,2.22758,0.324667
2647000,0,6.15019,332.503,0.397505,0.323429
2648000,0,6.44512,340.484,0.3022,0.315625
2649000,1,12.1395,333.39,0.329959,0.317
2650000,0,6.15116,340.278,0.583741,0.29
2651000,1,11.8837,314.212,0.372191,0.314
2652000,2,17.0038,335.733,1.80688,0.347
2653000,2,12.9946,325.125,1.48438,0.353
2654000,1,12.5025,342.858,1.03688,0.33825
2655000,2,17.2377,357.669,2.21824,0.331
2656000,6,40.9642,365.226,2.88325,0.333
2657000,5,31.4952,359.128,3.70353,0.31
2658000,1,11.8242,367.785,0.723074,0.284
2659000,6,37.5336,326.753,2.92382,0.350857
2660000,5,26.9431,321.505,1.7748,0.393
2661000,1,11.2325,312.941,0.585342,0.350429
2662000,0,6.13441,325.653,0.14231,0.354
2663000,8,45.3373,373.988,6.0883,0.3176
2664000,3,17.8989,377.936,2.1038,0.282
2665000,5,31.1742,375.8,2.96524,0.282
2666000,5,28.728,377.088,3.13028,0.31
2667000,1,11.6543,373.3,0.916524,0.284
2668000,0,6.1198,327.959,0.516737,0.3332
2669000,3,21.5186,355.87,2.86162,0.3085
2670000,0,4.61383,339.11,2.03876,0.313
2671000,1,9.51686,344.163,1.8532,0.294
2672000,1,9.5202,324.307,0.515128,0.3399
2673000,3,18.8296,356.772,1.2728,0.314
2674000,0,6.03142,347.835,0.61915,0.33
2675000,1,11.6899,331.041,0.144003,0.329
2676000,2,17.3548,355.91,0.782844,0.315
2677000,1,10.6611,351.1,0.385878,0.309
2678000,2,14.0745,341.106,2.48272,0.32
2679000,0,5.25447,340.381,1.27195,0.307
2680000,0,5.23749,337.772,0.315367,0.32705
2681000,1,10.5813,343.6,0.255125,0.294
2682000,0,5.25331,320.759,1.07737,0.318364
2683000,0,6.29397,339.928,0.119326,0.286
2684000,0,6.29486,341.837,0.0226534,0.329333
2685000,0,6.21715,337.014,0.122382,0.277
2686000,1,10.8829,327.615,1.15618,0.331
2687000,0,6.08711,334.615,0.187922,0.335
2688000,1,11.3964,319.852,0.484183,0.313
2689000,0,5.25641,337.51,0.223225,0.32325
2690000,3,20.6824,354.541,0.957498,0.33
2691000,2,14.9797,349.136,0.860958,0.328
2692000,3,23.802,321.616,1.59791,0.351
2693000,6,30.847,330.159,5.04511,0.376
2694000,4,30.2325,355.141,0.858011,0.326455
2695000,5,30.4508,356.976,3.93123,0.327
2696000,4,26.9978,368.539,2.38355,0.324
2697000,3,19.8244,357.119,4.81327,0.311
2698000,2,16.9692,337.536,1.8807,0.3372
2699000,0,5.92714,322.573,0.457646,0.349
2700000,3,21.6809,334.356,2.91902,0.330364
2701000,2,17.2487,345.891,1.52503,0.326
2702000,3,19.5993,346.398,0.43676,0.333
2703000,3,18.9356,339.772,1.8272,0.311
2704000,3,16.7345,353.239,1.69302,0.319
2705000,6,35.3837,352.287,3.08838,0.316
2706000,2,13.6558,354.098,1.7702,0.306
2707000,0,6.03047,335.421,0.181466,0.3189
2708000,2,17.9246,338.727,0.692178,0.333
2709000,3,20.4539,354.681,1.95465,0.336
2710000,1,11.3271,354.086,0.769882,0.32
2711000,3,23.3598,351.668,0.68633,0.337
2712000,1,11.1048,348.438,0.130603,0.336
2713000,2,15.4162,338.387,0.51444,0.315
2714000,2,17.7052,346.033,1.805,0.344
2715000,4,23.8485,349.002,4.59528,0.329143
2716000,0,5.52438,326.089,0.804986,0.330541
2717000,0,6.17409,327.041,0.146886,0.291
2718000,1,10.5101,321.275,0.807384,0.31275
2719000,0,6.67315,336.811,0.0738532,0.3238
2720000,0,5.76187,334.192,0.930182,0.315
2721000,0,6.36443,336.78,0.382308,0.281
2722000,1,11.9445,333.79,0.628954,0.2958
2723000,2,15.967,334.632,1.55152,0.3254
2724000,4,24.6747,321.511,1.80221,0.377
2725000,2,16.4439,329.961,0.432006,0.341
2726000,0,6.61038,333.182,0.0997221,0.3314
2727000,0,6.34009,333.006,0.376949,0.313
2728000,1,10.8964,331.515,0.913754,0.328333
2729000,0,5.93677,326.174,0.059485,0.34025
2730000,0,6.34458,328.346,0.0309491,0.3235
2731000,2,16.9532,321.511,1.6032,0.298
2732000,3,24.2706,311.179,0.588997,0.359
2733000,1,11.3356,320.684,0.758002,0.3155
2734000,2,17.3339,313.812,1.22947,0.348
2735000,0,5.84278,310.928,0.605899,0.356
2736000,0,6.32645,318.221,0.135254,0.35
2737000,0,6.0792,336.834,0.407801,0.337
2738000,1,11.9994,329.829,0.458457,0.348
2739000,1,11.4614,354.337,0.826107,0.305
2740000,1,11.0096,346.014,1.42317,0.319538
2741000,0,6.44757,351.175,0.291763,0.279
2742000,0,5.77125,338.466,0.721451,0.319333
2743000,3,23.1369,347.492,1.62995,0.324
2744000,3,22.6069,321.311,1.32374,0.328517
2745000,2,16.7856,323.29,1.19937,0.36
2746000,0,6.17183,343.494,0.260322,0.338857
2747000,0,5.8372,336.894,0.589671,0.271
2748000,0,6.49054,341.178,0.236624,0.3
2749000,0,5.35976,350.641,1.36646,0.284
2750000,1,11.3715,345.685,0.881082,0.299
2751000,1,11.5698,337.087,1.47232,0.334
2752000,0,6.16282,332.638,0.453805,0.328857
2753000,1,10.8204,340.185,0.508752,0.3225
2754000,2,15.0674,335.066,1.99215,0.310833
2755000,0,6.25717,347.419,0.484426,0.328333
2756000,1,12.0367,353.928,1.12181,0.304
2757000,1,10.1213,344.543,2.17523,0.312
2758000,1,11.9813,336.56,0.255905,0.35
2759000,1,12.0996,321.06,0.981711,0.297
2760000,1,12.6653,309.555,0.242652,0.348
2761000,0,6.24233,342.031,0.451312,0.309125
2762000,0,6.14216,330.756,0.5183,0.318875
2763000,0,6.57205,319.85,0.0871259,0.322667
2764000,0,6.61447,341.441,0.104447,0.345
2765000,0,6.52016,335.767,0.16783,0.335
2766000,0,6.42212,316.028,0.296036,0.323
2767000,1,12.0597,340.268,0.835687,0.329
2768000,0,6.63911,343.225,0.0575202,0.323
2769000,0,6.41569,324.848,0.262524,0.326
2770000,0,6.43163,325.09,0.253788,0.323
2771000,0,6.55575,325.723,0.0797381,0.325
2772000,0,5.4958,327.518,1.17948,0.311
2773000,3,14.4884,320.998,1.78716,0.311333
2774000,2,16.9711,326.389,1.97913,0.297
2775000,1,11.5785,327.93,0.491395,0.337857
2776000,5,35.3447,331.97,1.30208,0.353
2777000,2,16.3251,334.932,2.41768,0.368
2778000,1,12.4796,332.585,0.63073,0.330038
2779000,6,36.9531,332.048,2.74423,0.351
2780000,0,6.50184,341.244,0.163545,0.362
2781000,0,6.65243,339.485,0.00766722,0.288
2782000,1,11.5559,323.645,1.09182,0.3316
2783000,0,6.64344,317.643,0.0416711,0.327
2784000,2,15.5328,319.465,1.95336,0.347
2785000,0,6.45211,320.147,0.281885,0.317
2786000,0,6.34768,319.18,0.189964,0.3218
2787000,0,5.25866,328.777,1.31326,0.346
2788000,1,10.653,339.947,1.30496,0.341
2789000,3,22.3841,343.896,1.10586,0.331
2790000,0,5.33982,321.728,0.663815,0.325308
2791000,1,12.127,325.466,0.121684,0.321
2792000,1,11.4827,340.567,0.842468,0.307667
2793000,0,6.54018,329.505,0.157328,0.311
2794000,1,11.2349,320.102,0.169244,0.321
2795000,1,11.4301,337.182,0.576889,0.3269
2796000,1,11.5526,336.257,0.568927,0.276
2797000,1,10.1982,319.806,0.449977,0.330833
2798000,1,10.3228,328.647,0.398791,0.372
2799000,3,19.2623,324.444,1.16983,0.367
2800000,0,6.66178,323.569,0.0444936,0.35325
2801000,0,5.36574,321.511,0.716136,0.333
2802000,0,6.34004,321.896,0.114405,0.319679
2803000,0,6.01518,343.85,0.470877,0.286
2804000,5,30.2508,339.489,3.01054,0.31775
2805000,1,7.66123,327.558,2.16555,0.334
2806000,1,12.3569,343.221,0.528115,0.339
2807000,1,12.6547,340.448,0.773387,0.359
2808000,0,6.70543,338.7,0.0273845,0.261
2809000,2,17.1745,341.629,1.72227,0.336667
2810000,1,9.45771,333.328,1.39777,0.333444
2811000,1,11.051,338.955,1.32782,0.371
2812000,0,6.61642,324.229,0.0758629,0.32175
2813000,1,9.63732,308.855,1.4094,0.327
2814000,1,11.6341,329.748,1.04982,0.329909
2815000,0,5.86936,311.651,0.315687,0.3365
2816000,0,5.96252,323.65,0.0543217,0.3484
2817000,1,12.1318,329.614,0.629615,0.332
2818000,4,20.867,351.992,4.32377,0.332
2819000,2,16.4074,356.685,0.955875,0.336
2820000,1,10.6093,336.421,0.85924,0.3288
2821000,1,10.557,331.831,2.63345,0.334
2822000,1,10.6086,324.67,2.1128,0.3287
2823000,3,20.3713,342.365,2.48232,0.329
2824000,2,15.7632,330.849,0.282622,0.334
2825000,0,5.99791,334.642,0.0373891,0.332222
2826000,2,15.0498,346.17,2.29726,0.314
2827000,4,25.9567,344.437,2.21476,0.32
2828000,9,51.6206,346.253,5.35164,0.32
2829000,2,16.1113,351.809,0.797508,0.331
2830000,0,4.56651,355.432,1.53251,0.339
2831000,7,47.3824,352.487,1.966,0.3308
2832000,2,16.3942,320.372,1.02339,0.342
2833000,2,16.5488,341.354,0.882444,0.345
2834000,4,22.8895,330.82,2.36078,0.312
2835000,0,5.89751,313.808,0.083484,0.331667
2836000,0,5.91735,337.074,0.104082,0.308
2837000,3,21.3515,342.249,1.26803,0.336
2838000,1,10.7865,326.512,0.807102,0.319
2839000,0,6.2481,343.305,0.235243,0.328
2840000,0,6.38578,357.287,0.114284,0.272
2841000,5,27.6554,329.014,3.78184,0.327909
2842000,4,25.2832,318.195,2.76181,0.31225
2843000,1,9.88898,310.701,1.03477,0.338
2844000,0,6.54861,362.553,0.0631891,0.31075
2845000,1,10.9085,340.073,0.301037,0.319
2846000,1,10.9333,337.713,1.37424,0.3412
2847000,1,12.5406,346.777,0.390655,0.342
2848000,0,4.66673,345.707,1.673,0.254
2849000,0,6.32061,355.088,0.0329165,0.297
2850000,1,12.4563,364.116,0.396125,0.256
2851000,2,16.8756,344.1,1.59324,0.327
2852000,0,5.85228,341.203,0.490914,0.335667
2853000,0,6.15015,336.967,0.163715,0.302
2854000,0,5.68482,337.067,0.47239,0.308333
2855000,2,13.7056,318.776,2.20603,0.343
2856000,3,17.4488,321.874,1.9731,0.319364
2857000,0,6.38402,319.991,0.141671,0.333
2858000,2,16.4911,349.36,1.8289,0.3408
2859000,0,5.63739,325.12,0.531657,0.33075
2860000,4,28.9526,321.123,1.96586,0.342
2861000,1,11.9217,332.478,0.348502,0.319
2862000,0,5.50044,331.799,0.775781,0.26
2863000,0,5.48564,325.101,0.743544,0.339
2864000,0,6.55586,322.417,0.0794567,0.326571
2865000,0,5.24392,324.291,0.841417,0.335031
2866000,3,19.4465,329.215,1.63475,0.378
2867000,0,5.96701,319.39,0.0417826,0.313
2868000,2,18.534,327.121,0.851874,0.336625
2869000,0,6.29406,331.837,0.0341053,0.313167
2870000,2,18.5352,329.265,0.761732,0.329
2871000,1,9.52547,326.319,0.876552,0.336
2872000,0,6.50729,349.953,0.191877,0.30875
2873000,1,11.9597,335.02,1.25144,0.283
2874000,0,5.95576,311.616,0.210062,0.3144
2875000,0,5.15247,319.019,1.04265,0.337
2876000,0,4.59268,318.564,1.56794,0.3236
2877000,0,5.52592,340.377,0.59895,0.316
2878000,1,7.46372,333.816,4.5059,0.338
2879000,1,11.3861,342.92,0.157446,0.338
2880000,1,8.66052,346.201,3.2625,0.3474
2881000,2,18.2854,350.465,0.695555,0.316
2882000,3,18.0179,351.429,2.0157,0.309
2883000,6,35.4585,343.175,4.70546,0.301
2884000,0,5.94663,336.157,0.295067,0.3248
2885000,3,21.0041,361.528,3.23184,0.323824
2886000,0,6.21573,329.454,0.52374,0.315154
2887000,3,21.4215,333.026,1.39329,0.3225
2888000,1,8.9962,352.027,1.99909,0.323
2889000,0,5.72477,322.531,0.463346,0.3108
2890000,0,5.83016,331.04,0.676108,0.323857
2891000,0,6.4018,323.986,0.0957824,0.311
2892000,0,6.30007,332.622,0.386915,0.301667
2893000,0,6.05288,319.137,0.149992,0.33625
2894000,1,11.0947,325.474,0.556872,0.35
2895000,0,5.89444,330.861,0.236311,0.316
2896000,4,24.8354,352.868,2.89463,0.328
2897000,1,11.9009,347.804,0.498405,0.334
2898000,0,6.05802,308.501,0.0819423,0.356
2899000,3,20.5149,342.926,2.78669,0.342375
2900000,3,23.0729,332.446,1.92394,0.350333
2901000,0,5.52263,322.395,0.511789,0.323
2902000,3,19.3547,331.69,2.28932,0.3575
2903000,5,32.7947,336.699,1.76277,0.337
2904000,2,14.9853,338.33,4.25651,0.319
2905000,0,6.18067,332.049,0.371666,0.321462
2906000,2,16.0741,331.358,0.931271,0.348
2907000,2,16.1568,324.367,0.965033,0.3424
2908000,5,30.9317,321.197,4.91124,0.357
2909000,5,35.0354,337.681,2.59177,0.369
2910000,4,27.3613,331.237,1.67891,0.345
2911000,2,17.4025,342.616,0.563294,0.335
2912000,2,17.8272,337.821,0.539916,0.33
2913000,1,12.8792,356.014,0.296545,0.307444
2914000,4,29.6413,345.334,0.716513,0.334
2915000,6,34.5694,339.286,3.34227,0.366
2916000,2,17.2725,326.697,0.701301,0.32
2917000,4,26.2118,320.05,3.5121,0.3426
2918000,6,34.1679,318.676,5.83095,0.348
2919000,6,35.0721,336.768,2.95686,0.371
2920000,3,20.9603,333.634,1.80985,0.325
2921000,6,36.4626,343.441,6.34465,0.354
2922000,0,6.39476,341.136,0.31493,0.317563
2923000,0,6.20008,333.044,0.476544,0.3
2924000,0,5.68907,329.512,0.386212,0.331609
2925000,2,16.162,337.649,0.939554,0.33125
2926000,1,10.0454,309.864,0.499917,0.323
2927000,0,6.1238,344.456,0.369926,0.2845
2928000,0,4.98117,324.168,1.43875,0.325
2929000,0,6.41075,322.934,0.0274372,0.344
2930000,1,8.98327,312.082,2.72622,0.333
2931000,0,5.87993,326.61,0.532862,0.352
2932000,0,5.9874,315.669,0.190653,0.3355
2933000,1,11.7568,345.665,1.44831,0.333
2934000,2,19.197,333.486,0.300114,0.345
2935000,0,5.7362,349.518,1.00347,0.3165
2936000,1,10.0737,318.505,1.48887,0.355
2937000,0,6.01941,308.118,0.121713,0.313
2938000,0,5.79157,333.463,0.413797,0.342
2939000,1,8.47974,319.07,3.61245,0.354
2940000,0,5.86148,322.326,0.285372,0.343
2941000,2,13.0736,327.912,2.87518,0.345
2942000,2,14.3957,328.139,1.36398,0.361
2943000,0,5.82903,325.634,0.15309,0.31
2944000,1,11.2242,329.463,0.399828,0.334
2945000,0,5.88911,325.991,0.0364126,0.332
2946000,0,5.55198,336.081,0.528165,0.329
2947000,0,5.79591,353.965,0.248704,0.289
2948000,2,16.2213,337.388,1.78872,0.337
2949000,1,9.52927,342.801,2.33895,0.329
2950000,1,11.1037,341.025,0.208035,0.313
2951000,1,9.8871,349.522,0.694845,0.325
2952000,1,10.5719,331.722,0.463923,0.33
2953000,1,10.9517,316.032,1.80039,0.349
2954000,0,5.81367,328.833,0.0912992,0.338
2955000,1,8.72055,345.166,0.529195,0.307
2956000,0,5.91431,335.563,0.141036,0.329
2957000,0,6.57517,308.181,0.0649836,0.316739
2958000,1,11.39,341.733,1.4715,0.325667
2959000,0,6.39897,337.491,0.0872219,0.313
2960000,0,6.17813,346.92,0.254932,0.271
2961000,1,10.9751,335.105,0.620227,0.315808
2962000,1,10.9227,343.859,1.64653,0.3245
2963000,1,11.6226,339.45,0.664366,0.324
2964000,0,5.27814,349.849,1.24618,0.33
2965000,0,2.53658,347.72,1.42338,0.31425
2966000,0,6.32524,349.096,0.189435,0.322
2967000,1,9.84999,342.64,1.96894,0.304
2968000,0,5.45064,340.422,0.254939,0.307
2969000,0,5.92166,319.607,0.520393,0.33
2970000,1,11.8741,345.15,0.831387,0.327429
2971000,1,12.055,317.928,0.851996,0.3495
2972000,0,6.20726,341.611,0.437694,0.3214
2973000,0,5.96291,332.23,0.733782,0.296
2974000,0,6.58899,340.645,0.121955,0.296
2975000,1,11.1029,337.542,2.1501,0.34
2976000,0,6.64082,352.415,0.0282754,0.301
2977000,0,5.16831,326.983,0.933047,0.327429
2978000,2,16.8029,324.861,1.2955,0.3017
2979000,3,23.4839,341.824,1.9948,0.344
2980000,0,6.51722,364.081,0.187438,0.287
2981000,2,17.0401,337.875,0.720624,0.3226
2982000,3,24.4534,343.811,1.2908,0.334
2983000,8,41.4107,343.477,2.34308,0.326833
2984000,2,17.8925,344.71,1.29659,0.362
2985000,2,16.7995,348.026,0.857198,0.327
2986000,1,11.3912,353.013,1.47223,0.3252
2987000,0,6.6259,347.799,0.0722224,0.292
2988000,0,6.17877,354.967,0.485351,0.284
2989000,2,16.0755,336.376,0.121563,0.319286
2990000,1,11.3188,349.734,0.819005,0.343
2991000,0,6.08761,329.749,0.0125046,0.3145
2992000,0,6.36152,315.761,0.0252107,0.2845
2993000,0,6.31912,339.763,0.0791899,0.297
2994000,0,6.18353,332.742,0.232018,0.315
2995000,1,11.9383,339.603,0.718631,0.345
2996000,1,9.11421,335.214,0.92198,0.313
2997000,2,16.6965,312.436,2.84554,0.362
2998000,0,6.38245,328.314,0.0941339,0.326167
2999000,1,12.3229,336.3,0.73931,0.301545
3000000,1,12.1456,331.423,0.711617,0.3205
3001000,0,6.17473,330.587,0.27901,0.312
3002000,0,6.39854,327.082,0.0619851,0.327
3003000,2,12.4692,351.687,0.14189,0.330333
3004000,1,9.68628,350.63,0.279517,0.312
3005000,1,12.6298,324.825,0.502096,0.311333
3006000,0,6.21385,330.348,0.364613,0.319
3007000,0,6.24329,328.366,0.216583,0.291
3008000,0,6.28969,317.095,0.246766,0.353
3009000,0,5.6549,333.827,0.689365,0.322429
3010000,0,4.99075,306.989,1.345,0.346
3011000,0,6.36581,339.451,0.0810328,0.323
3012000,2,13.5714,341.907,3.1212,0.33425
3013000,0,6.11866,314.563,0.124742,0.34
3014000,0,6.01052,331.257,0.271422,0.329
3015000,0,5.92866,322.461,0.404191,0.297
3016000,0,6.26537,328.955,0.0518144,0.326
3017000,1,10.6047,347.035,1.40686,0.332
3018000,4,26.3778,352.848,3.93108,0.351
3019000,0,4.07196,318.374,0.948319,0.347107
3020000,0,4.73059,321.921,0.163791,0.323
3021000,0,6.4648,326.859,0.0189733,0.318111
3022000,0,5.57357,331.714,0.952099,0.313
3023000,2,14.5159,321.612,1.70324,0.340667
3024000,0,3.95308,323.797,1.52972,0.346
3025000,1,10.5248,336.266,0.687627,0.321286
3026000,0,4.8512,334.158,1.66829,0.3425
3027000,1,12.754,331.013,0.235673,0.314
3028000,1,8.53874,325.035,0.752406,0.334
3029000,2,17.4099,342.26,1.04015,0.3315
3030000,1,12.0133,329.331,1.19081,0.346
3031000,2,15.2602,340.771,1.72003,0.345143
3032000,1,9.30629,338.272,1.78072,0.348
3033000,1,11.3938,320.149,1.68227,0.321227
3034000,0,6.54975,320.864,0.158099,0.309
3035000,0,6.30661,329.653,0.39291,0.319
3036000,1,9.53078,339.415,1.53227,0.351
3037000,0,5.23458,318.581,0.00502508,0.339
3038000,1,9.72239,311.042,2.88253,0.354333
3039000,1,9.897,321.277,1.02092,0.3625
3040000,1,11.9597,341.122,0.513957,0.322
3041000,3,15.5043,358.662,3.65785,0.334
3042000,3,21.5572,366.762,1.01241,0.319
3043000,2,15.5539,349.683,2.19836,0.331
3044000,0,5.46369,334.642,1.2248,0.318667
3045000,1,8.32547,343.098,0.925316,0.309
3046000,4,28.4603,295.283,0.642903,0.354714
3047000,2,12.6345,314.733,2.15357,0.379
3048000,4,23.6152,340.504,2.28281,0.3388
3049000,0,4.88363,322.744,1.74826,0.32125
3050000,1,10.2137,325.465,2.62087,0.36
3051000,0,4.4981,336.831,2.03357,0.323
3052000,0,4.73297,325.236,0.104218,0.379
3053000,3,22.0586,309.557,1.52114,0.341
3054000,1,10.7669,320.485,1.69523,0.352167
3055000,0,6.63229,336.882,0.018847,0.3214
3056000,0,5.45704,323.958,1.14292,0.326
3057000,0,5.07831,334.212,1.58835,0.331
3058000,0,6.33988,332.022,0.0557674,0.3435
3059000,0,6.38498,333.714,0.0131991,0.307
3060000,0,6.22398,323.624,0.438223,0.3
3061000,0,6.41444,344.337,0.0614321,0.336
3062000,5,33.7282,312.995,2.82954,0.354778
3063000,0,5.0242,336.1,1.62114,0.2915
3064000,5,32.2869,340.173,3.68056,0.328
3065000,5,29.7835,346.063,3.17634,0.324
3066000,1,9.42492,339.323,0.290618,0.3215
3067000,1,9.63735,310.526,0.308786,0.3542
3068000,2,17.3474,348.289,1.45196,0.318333
3069000,1,12.4788,348.963,0.318259,0.314
3070000,0,6.36952,340.775,0.336178,0.2995
3071000,0,6.47315,349.704,0.273016,0.297
3072000,2,17.9373,339.832,1.79168,0.33
3073000,1,11.9759,347.249,0.192569,0.316286
3074000,3,22.6408,338.86,1.25003,0.3028
3075000,0,6.09348,337.707,0.639809,0.306
3076000,0,5.39285,340.177,1.32093,0.29
3077000,0,6.18822,318.42,0.491647,0.3116
3078000,2,17.9351,334.917,1.00369,0.3045
3079000,1,10.551,341.638,1.29874,0.289
3080000,0,6.65235,326.526,0.0452009,0.333333
3081000,1,10.8135,337.568,1.90209,0.3505
3082000,3,22.663,340.858,1.33976,0.363
3083000,1,11.2848,347.373,1.83182,0.318
3084000,0,6.08951,344.126,0.639655,0.348
3085000,1,9.68747,357.858,2.5703,0.303
3086000,0,6.70806,344.285,0.0388981,0.359
3087000,2,15.965,348.63,2.32247,0.307
3088000,0,6.00854,337.22,0.413146,0.31225
3089000,0,6.08546,326.48,0.163219,0.346409
3090000,1,9.95607,348.204,1.08978,0.300333
3091000,2,13.5691,347.356,1.35199,0.3225
3092000,0,5.70295,326.119,0.0228721,0.31725
3093000,1,10.4702,328.562,0.741757,0.339
3094000,1,8.46673,328.353,2.67442,0.316
3095000,7,42.3476,371.484,3.35697,0.3078
3096000,5,30.6346,392.504,3.09194,0.31
3097000,5,30.6634,377.063,3.59861,0.291
3098000,1,7.73609,354.379,2.54258,0.278
3099000,0,5.4413,325.376,0.589929,0.3372
3100000,4,26.909,327.126,2.8959,0.302
3101000,5,31.7584,326.072,2.3847,0.388
3102000,3,23.5001,340.168,1.90225,0.326
3103000,4,28.6076,356.644,1.00064,0.341417
3104000,3,18.8076,310.998,2.26046,0.3324
3105000,4,25.6469,350.711,3.34316,0.342333
3106000,12,64.6482,334.658,8.82996,0.347
3107000,6,33.9257,349.014,3.0891,0.33
3108000,2,16.1802,361.676,1.55906,0.316
3109000,3,19.8947,353.207,2.09411,0.295
3110000,0,6.24879,332.704,0.0215664,0.312
3111000,0,6.49851,342.007,0.24187,0.327158
3112000,0,6.16842,324.54,0.0288462,0.325
3113000,1,12.0907,343.658,1.14632,0.307
3114000,0,6.04209,341.473,0.685492,0.295
3115000,0,6.16781,342.176,0.585075,0.296
3116000,0,6.38577,328.678,0.29896,0.308
3117000,1,11.5062,350.794,0.201166,0.322833
3118000,0,5.9675,351.312,0.784473,0.288
3119000,2,17.2609,355.21,1.44576,0.279
3120000,1,8.86425,338.824,0.688806,0.316
3121000,0,5.4603,341.583,1.27313,0.357
3122000,0,5.71001,350.578,0.356087,0.326316
3123000,0,5.71847,346.383,0.344178,0.302
3124000,0,5.39635,331.786,0.629667,0.283
3125000,0,5.98617,347.163,0.0811237,0.268
3126000,1,12.2265,329.615,0.301169,0.312
3127000,0,5.89766,346.296,0.042271,0.335
3128000,0,4.90749,340.042,1.06017,0.315
3129000,1,10.9285,330.192,0.923243,0.31
3130000,0,5.04267,358.888,0.45689,0.312
3131000,0,4.97549,331.909,0.461282,0.322
3132000,3,20.9523,347.165,1.39885,0.310688
3133000,2,16.9896,329.13,1.99101,0.347
3134000,2,16.5774,324.008,1.05917,0.342
3135000,1,11.3184,340.407,0.733557,0.318
3136000,0,6.16359,345.823,0.239397,0.286
3137000,1,6.01444,332.242,2.5687,0.304
3138000,4,22.2846,336.142,2.34499,0.331
3139000,1,9.77063,327.405,0.915395,0.334514
3140000,2,13.5212,335.43,1.5696,0.368
3141000,3,22.0514,341.984,1.1101,0.351
3142000,3,21.5981,321.741,1.61143,0.334
3143000,0,5.82523,336.051,0.724641,0.310833
3144000,2,17.0332,338.869,1.85735,0.336
3145000,0,5.52704,317.86,0.107222,0.345786
3146000,0,5.72404,341.988,0.645729,0.330125
3147000,2,15.3227,346.243,1.23087,0.305
3148000,0,5.68069,336.744,0.653808,0.278
3149000,0,4.59634,310.607,1.61613,0.312
3150000,0,5.25077,338.726,0.259211,0.311857
3151000,1,10.9831,327.351,1.13405,0.305
3152000,2,13.7941,329.837,1.05822,0.324429
3153000,2,15.4998,337.951,1.45533,0.358
3154000,1,10.1227,332.739,1.29027,0.326
3155000,2,14.4315,317.222,4.33155,0.3515
3156000,0,4.95277,315.301,0.675005,0.358333
3157000,7,43.4948,323.828,2.7312,0.322
3158000,1,9.20528,348.982,0.727308,0.331
3159000,2,17.8662,337.639,0.840441,0.31
3160000,3,17.2268,332.931,5.25567,0.3318
3161000,0,5.73289,338.534,0.900029,0.3264
3162000,5,28.5452,334.308,5.83687,0.339
3163000,4,26.5538,339.345,1.92325,0.3285
3164000,5,28.9332,334.948,7.23734,0.337
3165000,0,5.83649,328.375,0.411921,0.3214
3166000,0,5.40976,321.71,0.77071,0.31
3167000,0,5.72571,336.697,0.419898,0.3214
3168000,0,6.08509,328.275,0.061074,0.339
3169000,0,4.96531,297.574,1.09417,0.339
3170000,2,16.1617,316.713,0.659831,0.376
3171000,0,5.80053,307.24,0.243999,0.343
3172000,0,5.85101,306.51,0.0450922,0.333
3173000,0,5.51877,328.071,0.420737,0.316
3174000,1,11.2718,325.349,0.553716,0.341
3175000,0,5.32954,322.312,0.697253,0.301
3176000,0,4.88443,330.479,1.39416,0.3294
3177000,0,5.64488,336.391,0.641111,0.324
3178000,2,16.6499,339.525,0.782988,0.335
3179000,3,16.3633,338.017,4.50922,0.33175
3180000,2,11.8834,349.629,3.30337,0.3235
3181000,2,16.271,348.096,1.228,0.293
3182000,1,8.66751,332.01,2.00296,0.334667
3183000,3,11.7108,349.854,2.97868,0.3315
3184000,5,20.7992,356.154,3.88314,0.32
3185000,6,35.9512,346.761,4.31775,0.319
3186000,3,21.4929,340.611,1.00719,0.297
3187000,2,17.1391,313.277,1.51865,0.327154
3188000,0,6.34952,334.785,0.166413,0.33
3189000,0,6.1033,324.153,0.396866,0.33
3190000,5,28.3478,343.968,4.44258,0.328
3191000,0,5.74644,345.626,0.591224,0.316074
3192000,1,10.7245,335.683,0.505459,0.3427
3193000,1,11.3587,333.756,0.38344,0.341
3194000,0,5.40464,331.317,0.214697,0.336
3195000,0,4.3908,321.398,1.17124,0.325
3196000,1,10.8648,333.933,0.576439,0.35
3197000,1,11.9451,330.215,0.27712,0.352
3198000,0,4.8265,330.885,0.832528,0.326
3199000,0,6.37069,336.564,0.128855,0.3211
3200000,0,6.44126,327.071,0.0769137,0.327
3201000,0,6.25287,347.189,0.374984,0.320727
3202000,1,10.3147,339.274,0.474615,0.32075
3203000,2,17.0784,350.061,1.1388,0.329
3204000,2,13.9586,333.406,1.32698,0.363
3205000,1,10.8663,347.121,0.0968686,0.316643
3206000,2,15.5334,342.22,1.0198,0.323
3207000,2,13.0986,344.556,2.27703,0.294
3208000,0,3.07259,332.596,1.36164,0.352
3209000,0,4.33184,345.251,0.117916,0.324
3210000,1,9.26767,319.8,2.26296,0.29
3211000,0,5.4168,320.539,0.907617,0.327
3212000,0,5.84128,320.94,0.503815,0.327
3213000,1,12.3755,340.859,0.435793,0.355
3214000,4,21.0955,343.945,2.57264,0.3562
3215000,0,5.59312,338.888,0.161455,0.315
3216000,0,5.56313,336.657,0.161477,0.331
3217000,0,5.67457,356.558,0.0736804,0.304
3218000,0,5.34043,334.037,1.12705,0.3124
3219000,2,18.8482,342.897,0.353489,0.286
3220000,0,6.30999,344.712,0.293698,0.32825
3221000,0,5.83218,341.418,0.768477,0.335
3222000,0,6.11242,317.969,0.41331,0.284
3223000,0,6.58282,336.331,0.0283431,0.301
3224000,1,10.3807,330.187,1.06357,0.324957
3225000,0,6.27907,323.4,0.00693051,0.315
3226000,1,12.636,346.27,0.241216,0.274
3227000,1,10.9366,358.833,0.481581,0.293
3228000,0,5.23548,354.686,1.04729,0.34
3229000,0,6.15521,347.543,0.14493,0.311
3230000,0,5.42019,342.968,0.309222,0.321308
3231000,2,16.4882,323.438,2.03757,0.322
3232000,0,5.46531,338.269,0.214079,0.307667
3233000,3,22.021,346.196,0.748203,0.294
3234000,1,10.1986,339.531,0.616448,0.306455
3235000,0,5.2169,334.381,0.663037,0.342
3236000,6,32.0521,325.499,3.00324,0.350667
3237000,1,10.1216,326.304,2.21844,0.3395
3238000,3,21.5419,316.624,1.57508,0.3835
3239000,5,27.0976,318.988,4.94148,0.364
3240000,0,5.39775,309.558,0.387889,0.349333
3241000,0,5.14946,329.031,0.718701,0.311
3242000,0,5.58044,333.138,0.246274,0.333
3243000,1,12.3316,324.74,0.414157,0.348
3244000,1,10.3349,328.658,1.20816,0.341
3245000,3,23.0753,327.287,1.07104,0.392
3246000,3,18.586,349.353,1.78477,0.309037
3247000,0,4.82178,320.343,1.1051,0.3585
3248000,2,15.49,326.072,1.03114,0.334
3249000,0,6.52607,341.602,0.156459,0.320667
3250000,1,10.9208,344.624,1.22147,0.288
3251000,3,19.2553,332.594,2.80339,0.362
3252000,2,15.0195,335.507,2.28461,0.353
3253000,7,42.8547,345.118,3.02436,0.308
3254000,1,12.2732,342.394,0.379197,0.347
3255000,0,6.25321,362.621,0.452308,0.307
3256000,0,6.64662,344.756,0.0605937,0.266
3257000,0,6.07986,330.252,0.623926,0.297
3258000,0,5.95901,328.31,0.319888,0.321813
3259000,1,11.3938,330.512,0.917057,0.335
3260000,2,11.99,307.392,2.60327,0.345417
3261000,0,4.45849,319.072,0.461533,0.321
3262000,0,4.89657,318.096,0.013134,0.341
3263000,1,9.11402,299.265,1.54947,0.378
3264000,0,4.63381,308.394,0.143356,0.332
3265000,0,5.18369,347.418,1.54271,0.3175
3266000,0,6.68822,347.053,0.0635218,0.302
3267000,0,6.45935,344.121,0.284066,0.275
3268000,0,6.03451,346.51,0.45348,0.323444
3269000,4,24.4502,335.874,2.48046,0.3101
3270000,3,21.9178,341.021,1.63929,0.338
3271000,1,11.2832,343.943,0.689263,0.322
3272000,4,28.0128,330.922,1.62036,0.323
3273000,2,18.7684,322.08,0.558099,0.3245
3274000,0,4.55139,338.084,1.53141,0.313
3275000,2,16.0032,329.671,1.34184,0.352818
3276000,0,3.47686,319.043,1.91904,0.353
3277000,0,5.37105,320.473,0.0119223,0.293
3278000,0,4.9728,299.756,0.504506,0.347
3279000,2,13.3737,333.923,2.21639,0.345
3280000,0,5.27988,329.983,0.298587,0.345
3281000,3,23.4208,357.11,2.44349,0.318333
3282000,0,5.03477,338.975,0.571708,0.3175
3283000,1,11.3681,329.435,0.116659,0.324
3284000,0,5.34247,333.228,0.311039,0.331
3285000,2,15.9684,333.466,2.06184,0.3315
3286000,2,18.108,328.6,1.33241,0.325
3287000,0,6.51199,337.12,0.17774,0.289
3288000,0,6.05726,342.302,0.374761,0.318643
3289000,0,5.72292,331.59,0.709164,0.318
3290000,0,6.07444,305.288,0.315638,0.328118
3291000,1,12.1508,331.184,0.775651,0.325
3292000,0,5.84366,330.318,0.663666,0.326
3293000,0,5.70244,338.163,0.108507,0.3165
3294000,0,6.02969,344.502,0.65925,0.302714
3295000,0,5.60597,322.344,0.866405,0.312333
3296000,3,18.8452,325.993,1.25587,0.3205
3297000,3,21.0459,337.46,3.09899,0.3225
3298000,2,15.1883,343.45,1.08919,0.316
3299000,0,6.28693,344.063,0.217516,0.346
3300000,0,5.3741,336.814,0.592568,0.345875
3301000,2,17.0481,345.541,1.01142,0.3184
3302000,3,19.468,347.216,3.9649,0.304111
3303000,1,12.0933,330.831,0.428692,0.309
3304000,0,5.43023,316.836,0.536105,0.322
3305000,1,12.1677,341.104,0.507874,0.286667
3306000,1,9.01147,328.305,2.62496,0.3515
3307000,0,5.71403,316.475,0.903197,0.318167
3308000,0,6.44117,315.873,0.186691,0.34
3309000,0,4.18514,337.082,2.43453,0.347
3310000,0,6.07152,344.511,0.0168131,0.323364
3311000,0,5.35609,321.588,0.494453,0.344
3312000,3,18.4393,352.489,3.24432,0.336
3313000,1,10.9296,349.058,0.907074,0.316333
3314000,2,12.8746,347.244,2.32178,0.332556
3315000,7,43.2709,346.592,4.5203,0.338333
3316000,0,2.89842,340.297,0.971733,0.3145
3317000,1,7.15114,355.623,1.7677,0.346
3318000,0,5.93194,344.049,0.218441,0.316
3319000,2,14.7459,354.025,1.21096,0.312
3320000,2,14.0144,325.803,1.22903,0.342875
3321000,1,6.85029,333.766,3.71505,0.339
3322000,3,23.0482,327.671,2.58849,0.352
3323000,1,11.7121,346.447,0.684929,0.324625
3324000,0,6.3562,346.02,0.0833617,0.2984
3325000,2,17.2638,334.768,1.32293,0.347
3326000,1,9.28838,327.47,1.09927,0.306
3327000,2,17.5763,334.265,0.632647,0.304
3328000,2,14.1302,344.81,3.61281,0.3525
3329000,5,31.6199,322.216,2.32729,0.328167
3330000,1,12.9488,343.663,0.16238,0.3515
3331000,0,6.30872,338.66,0.0321714,0.305
3332000,6,36.7139,339.582,3.0726,0.3376
3333000,2,15.1334,360.521,2.76649,0.323
3334000,3,22.2489,349.565,2.36828,0.323
3335000,1,12.2249,346.181,0.0194336,0.327
3336000,0,5.43813,334.351,0.994834,0.295
3337000,2,17.8845,344.421,1.12896,0.309
3338000,2,16.3197,314.339,2.70099,0.339857
3339000,1,11.2879,316.885,0.463795,0.367
3340000,2,16.7593,333.052,1.87098,0.337
3341000,0,5.38076,320.956,0.505251,0.343714
3342000,1,12.3174,324.581,0.192526,0.3118
3343000,1,11.1917,333.506,1.5068,0.321667
3344000,0,6.5317,322.363,0.00809691,0.3355
3345000,0,6.17245,301.917,0.382721,0.339
3346000,1,11.6036,316.267,1.21713,0.305
3347000,1,6.89637,333.144,0.376103,0.322167
3348000,5,31.2354,316.686,3.4117,0.338
3349000,2,15.6096,324.221,1.54667,0.363
3350000,2,16.8441,335.081,0.831086,0.347
3351000,1,8.9964,329.232,1.53978,0.325
3352000,4,26.7451,324.6,2.34186,0.355
3353000,3,19.2702,321.588,0.511918,0.354
3354000,0,6.34054,330.941,0.252539,0.323636
3355000,0,5.86911,325.603,0.62939,0.294
3356000,0,5.62462,337.87,0.982824,0.298
3357000,6,40.5526,347.374,2.31606,0.32625
3358000,1,9.07984,323.497,1.36268,0.3465
3359000,4,25.9721,344.142,1.47444,0.326846
3360000,1,10.0871,342.266,1.92149,0.331
3361000,2,16.0012,354.695,2.24657,0.32575
3362000,0,5.37637,347.849,1.07146,0.3325
3363000,3,19.8226,344.059,2.72196,0.315
3364000,2,16.6278,358.605,1.22729,0.31525
3365000,0,5.90459,340.372,0.781195,0.286
3366000,1,8.7857,347.05,3.0383,0.3156
3367000,2,14.8435,350.936,2.1793,0.3469
3368000,1,10.9399,328.646,1.26013,0.3235
3369000,0,5.57751,334.244,0.407952,0.326
3370000,2,15.0265,329.712,3.13323,0.335
3371000,2,15.1133,338.316,2.32138,0.300833
3372000,2,17.9213,350.392,1.27605,0.302
3373000,1,12.6914,338,0.297471,0.351
3374000,1,11.1582,322.352,0.197263,0.370429
3375000,2,15.4895,331.768,1.97953,0.321
3376000,2,14.9897,341.664,0.625839,0.34
3377000,4,23.7637,337.948,1.91203,0.347
3378000,4,24.0043,347.124,2.66566,0.312
3379000,0,5.63293,330.816,0.191568,0.333
3380000,0,5.10253,327.708,0.641157,0.317
3381000,0,5.91305,348.676,0.00572312,0.295
3382000,1,11.2369,336.687,0.673692,0.303
3383000,0,6.05852,347.265,0.663087,0.3079
3384000,0,6.20111,349.957,0.540598,0.315
3385000,0,5.07696,325.348,1.35936,0.332273
3386000,1,12.5157,327.123,0.465955,0.331
3387000,3,22.1433,329.717,0.545066,0.3694
3388000,1,13.3636,330.105,0.120781,0.32925
3389000,2,15.522,349.395,0.59996,0.341
3390000,0,6.27828,346.05,0.459908,0.31
3391000,2,14.8281,322.017,1.74048,0.35425
3392000,2,13.6987,344.865,3.82421,0.31
3393000,3,20.4352,336.61,1.94165,0.339478
3394000,0,6.70621,325.278,0.0180797,0.334
3395000,0,6.27809,324.998,0.253279,0.315667
3396000,0,5.87779,338.756,0.66744,0.309
3397000,2,16.9664,328.444,3.13931,0.3
3398000,0,6.40263,337.839,0.101773,0.3168
3399000,1,12.4911,341.608,0.778079,0.31
3400000,0,6.30348,343.11,0.289152,0.341
3401000,1,6.52084,344.631,1.86861,0.307
3402000,0,6.15573,336.188,0.336503,0.303
3403000,0,5.29211,338.348,1.12294,0.330167
3404000,0,4.97259,337.721,1.42329,0.29
3405000,3,24.3175,338.95,1.11038,0.339
3406000,2,17.8358,325.809,1.26763,0.331
3407000,0,6.15696,336.663,0.229338,0.316
3408000,0,6.43313,337.735,0.00365247,0.327
3409000,0,6.27336,324.292,0.149233,0.311
3410000,1,11.9159,331.387,0.90437,0.30775
3411000,0,6.39065,321.302,0.0690488,0.323
3412000,2,13.1279,330.757,3.04831,0.321
3413000,0,4.15349,336.003,1.12475,0.322632
3414000,3,17.6209,339.742,2.37543,0.33613
3415000,1,7.17339,325.781,0.258649,0.307
3416000,0,5.7405,339.127,0.801814,0.31225
3417000,1,11.4408,335.545,0.927901,0.33
3418000,2,16.5886,342.732,1.41579,0.345
3419000,7,38.2561,350.14,2.63078,0.327333
3420000,2,13.5604,325.133,0.962959,0.381
3421000,1,11.7241,333.29,1.18349,0.34
3422000,0,5.69362,334.254,0.877923,0.345
3423000,0,3.64499,325.939,1.61914,0.360889
3424000,0,5.84502,339.706,0.711256,0.318
3425000,2,15.5933,337.451,2.30006,0.337
3426000,0,6.00298,342.294,0.00511933,0.348
3427000,0,5.88766,325.595,0.170152,0.284
3428000,3,20.8405,327.638,1.72655,0.33225
3429000,0,6.54946,339.463,0.120837,0.351
3430000,1,12.8501,341.593,0.401118,0.295
3431000,1,12.8775,319.217,0.0798075,0.3
3432000,3,22.2632,324.413,1.53643,0.3206
3433000,0,5.79036,335.927,0.168523,0.331
3434000,1,10.5348,323.223,1.43835,0.315
3435000,0,6.428,329.025,0.256517,0.3257
3436000,3,21.0834,321.256,4.05401,0.329611
3437000,0,6.17371,341.298,0.507606,0.323833
3438000,0,6.44296,315.527,0.0632775,0.326
3439000,2,18.2763,326.254,0.715927,0.31
3440000,1,11.017,336.113,1.2476,0.312
3441000,2,18.8842,343.504,0.478463,0.317
3442000,3,23.2101,335.576,1.88695,0.3286
3443000,3,20.2701,332.43,3.99242,0.353
3444000,1,11.7307,331.534,0.319549,0.311
3445000,1,11.2459,355.873,0.524873,0.341
3446000,2,13.5439,350.286,1.80367,0.335
3447000,0,6.24623,346.594,0.447116,0.329833
3448000,1,11.4316,327.023,1.31121,0.357
3449000,4,25.9477,322.06,2.67555,0.319
3450000,0,6.54261,334.28,0.124396,0.349
3451000,0,6.56848,352.398,0.131704,0.308
3452000,1,9.13683,329.325,0.737844,0.326
3453000,0,6.27229,344.173,0.358041,0.305
3454000,0,5.32726,317.629,0.202803,0.3517
3455000,0,6.04297,330.84,0.571493,0.315
3456000,3,21.5192,340.918,3.3722,0.32175
3457000,0,6.33429,334.274,0.304982,0.3065
3458000,1,8.39916,346.715,1.21514,0.3135
3459000,2,11.342,341.038,2.92654,0.3258
3460000,2,14.3468,340.018,1.65154,0.364
3461000,1,12.2529,359.167,0.292895,0.3254
3462000,1,12.0548,349.001,0.61066,0.284
3463000,1,11.7622,346.681,0.591243,0.313
3464000,2,13.6583,341.865,0.99179,0.301
3465000,0,5.80026,344.949,0.885587,0.303
3466000,1,11.5852,320.211,0.654231,0.316
3467000,0,5.77431,326.116,0.692953,0.328
3468000,0,6.29482,317.85,0.192713,0.342
3469000,0,6.18811,354.844,0.355143,0.318
3470000,2,15.8248,359.952,0.93747,0.3313
3471000,0,4.87423,339.991,0.613273,0.286
3472000,1,9.96643,323.489,0.656767,0.331
3473000,2,15.897,327.592,1.9891,0.3285
3474000,1,11.3559,332.139,1.24648,0.36
3475000,1,11.2575,343.15,0.339362,0.356
3476000,5,26.9293,360.853,3.19853,0.334
3477000,6,35.7679,362.798,2.67132,0.289
3478000,2,18.3358,341.71,0.499113,0.350833
3479000,3,21.0689,343.186,2.14584,0.2955
3480000,1,10.5696,343.62,0.186092,0.342
3481000,0,5.6988,328.581,0.186517,0.316
3482000,1,10.3869,321.976,1.93948,0.311
3483000,1,11.3306,330.504,0.935571,0.32525
3484000,0,5.60868,333.686,0.901362,0.298
3485000,1,9.64804,342.982,1.5189,0.342
3486000,1,11.9578,322.755,0.307025,0.324
3487000,0,6.24865,341.629,0.415337,0.320286
3488000,1,11.9045,330.225,1.20751,0.284
3489000,0,6.09113,323.481,0.556344,0.291
3490000,0,6.19759,340.542,0.513732,0.327
3491000,0,5.70371,346.611,0.398372,0.3
3492000,1,12.1077,329.213,0.618945,0.291
3493000,0,4.6975,337.584,0.638535,0.314278
3494000,0,5.22384,332.217,0.0954263,0.279
3495000,0,5.81594,325.906,0.561905,0.332
3496000,1,8.03528,336.87,0.108971,0.3155
3497000,4,26.7277,327.638,2.45065,0.345182
3498000,2,18.4632,334.403,0.493874,0.318333
3499000,5,24.1076,335.745,4.94216,0.353
3500000,7,34.8879,325.213,5.37498,0.32025
3501000,4,23.5822,336.711,3.00348,0.346
3502000,1,11.5118,342.528,0.547725,0.334
3503000,0,4.86501,355.376,1.80358,0.308
3504000,0,6.22361,320.863,0.17674,0.3214
3505000,0,5.54865,341.162,0.613881,0.312
3506000,0,5.93319,333.637,0.205203,0.316
3507000,1,11.8861,352.762,0.812395,0.315444
3508000,2,18.3622,355.333,0.843166,0.2954
3509000,0,4.90766,326.826,0.889273,0.3419
3510000,2,17.7649,327.682,1.18663,0.338
3511000,0,5.74696,343.785,0.0889288,0.31
3512000,0,4.38053,311.107,1.26667,0.319
3513000,2,13.6726,337.011,1.50986,0.366
3514000,1,9.9737,335.179,1.93166,0.301
3515000,2,16.3437,353.977,0.929109,0.33
3516000,5,29.7963,361.393,6.24428,0.334
3517000,3,20.8806,353.472,2.78781,0.312889
3518000,3,21.401,356.479,0.212878,0.325
3519000,1,10.6445,348.153,0.631771,0.305
3520000,3,23.5505,345.282,1.7059,0.309
3521000,1,11.2614,337.363,1.84114,0.326
3522000,2,12.557,351.016,4.80346,0.296
3523000,0,5.73096,341.814,0.966414,0.329714
3524000,1,13.0115,349.327,0.179088,0.313056
3525000,0,6.65654,363.058,0.114712,0.291
3526000,1,11.0825,343.134,0.917833,0.299
3527000,3,20.1052,333.975,3.28012,0.3255
3528000,0,5.75113,312.504,0.361709,0.336133
3529000,1,9.34748,354.649,1.00319,0.292
3530000,1,11.3575,338.261,0.563625,0.314
3531000,0,6.53375,342.57,0.134434,0.3494
3532000,0,6.63578,341.044,0.055003,0.299
3533000,1,12.6848,346.266,0.470678,0.293
3534000,3,21.1004,326.758,2.05064,0.350571
3535000,4,24.203,356.957,2.62599,0.342
3536000,0,6.46434,329.961,0.179294,0.312333
3537000,0,6.18145,330.725,0.0432817,0.333333
3538000,0,5.04206,329.98,1.16003,0.35
3539000,0,5.85087,336.058,0.354656,0.311
3540000,0,6.66604,329.806,0.0188249,0.3166
3541000,0,6.07649,328.984,0.637749,0.326143
3542000,0,5.18555,338.602,1.53492,0.301
3543000,0,6.54531,338.411,0.130939,0.310286
3544000,1,11.6472,334.902,0.923357,0.332
3545000,0,6.46248,329.741,0.237819,0.315
3546000,0,6.14002,327.678,0.0662348,0.331286
3547000,0,6.0213,316.594,0.157246,0.353
3548000,0,5.35158,333.567,0.82935,0.332
3549000,0,6.38577,330.674,0.281639,0.323625
3550000,1,4.46978,333.553,3.21049,0.3485
3551000,3,23.5268,349.84,2.00653,0.331
3552000,1,10.6104,335.387,0.62969,0.317333
3553000,0,6.38697,338.176,0.264451,0.319
3554000,2,18.1919,327.429,1.20322,0.308833
3555000,0,6.38307,333.527,0.339294,0.301
3556000,0,6.39936,331.819,0.227793,0.335182
3557000,0,6.62123,342.765,0.123371,0.333
3558000,1,13.0674,352.833,0.154616,0.29
3559000,1,10.3138,353.98,0.138065,0.33
3560000,3,25.8532,352.929,0.931378,0.334
3561000,1,12.7363,352.878,0.248207,0.323
3562000,1,12.0285,334.58,1.28792,0.336
3563000,2,12.5643,308.83,4.36869,0.336
3564000,0,5.91323,308.732,0.0128949,0.34
3565000,1,11.2681,326.911,0.271015,0.315
3566000,0,6.54508,329.709,0.118743,0.330308
3567000,0,6.49365,325.43,0.0316343,0.3135
3568000,0,6.38162,323.637,0.284276,0.318
3569000,0,6.64206,342.379,0.0348543,0.299
3570000,0,6.59586,342.763,0.0938185,0.282
3571000,1,12.2142,341.071,0.934703,0.277
3572000,1,12.4975,321.838,0.292207,0.3372
3573000,0,5.76891,333.033,0.809609,0.318
3574000,3,21.8651,334.609,3.00666,0.322
3575000,0,5.56825,318.252,0.399829,0.3522
3576000,1,11.7896,328.682,0.373411,0.326
3577000,3,19.2239,315.288,4.05072,0.36
3578000,1,11.1175,306.98,1.11702,0.351
3579000,1,12.0626,329.759,0.22634,0.325
3580000,1,11.8479,337.616,1.06469,0.283
3581000,4,26.1725,352.341,3.23534,0.312
3582000,0,5.657,332.281,0.46358,0.331667
3583000,0,6.2708,333.346,0.452933,0.288
3584000,0,6.40056,336.408,0.250092,0.309692
3585000,1,10.7187,337.954,1.68575,0.283
3586000,1,10.1622,344.91,0.553144,0.309
3587000,3,19.0366,338.52,2.83504,0.295
3588000,2,14.8305,334.625,1.61135,0.332
3589000,3,21.0854,334.171,1.02443,0.343
3590000,2,18.2681,339.939,0.449562,0.314
3591000,1,12.1299,343.179,0.694056,0.307
3592000,0,6.45995,344.661,0.0515707,0.31
3593000,0,6.06436,342.609,0.439472,0.263
3594000,1,12.4658,324.159,0.781258,0.317524
3595000,0,5.2776,328.685,1.20867,0.3575
3596000,0,5.32297,333.426,0.800632,0.335
3597000,0,5.17074,320.504,1.27636,0.34
3598000,2,15.31,344.59,2.01404,0.284
3599000,0,5.30531,344.341,0.47025,0.308
3600000,1,11.266,343.307,1.14688,0.28
3601000,1,10.9223,310.746,1.13754,0.3265
3602000,3,21.6929,327.108,1.82381,0.336
3603000,1,12.1605,328.183,1.28501,0.31665
3604000,0,6.37311,337.422,0.363321,0.315
3605000,0,6.40689,336.858,0.328101,0.343
3606000,2,17.6208,345.634,1.25613,0.324
3607000,3,23.4867,361.021,2.06398,0.313
3608000,8,44.1705,357.544,3.40439,0.307
3609000,6,34.8049,348,1.77212,0.313
3610000,3,20.9783,328.53,0.544452,0.33
3611000,0,6.48885,336.322,0.0797707,0.315545
3612000,1,10.9225,343.34,1.72513,0.344
3613000,0,6.35186,320.74,0.187541,0.293
3614000,1,12.243,340.893,0.922228,0.329833
3615000,1,11.3066,327.031,0.289817,0.341667
3616000,1,11.8947,331.86,0.139076,0.358
3617000,1,11.2135,349.118,1.08764,0.319429
3618000,0,5.40994,342.557,1.2638,0.294
3619000,0,6.35354,329.387,0.0355916,0.3228
3620000,0,4.86917,328.648,1.58162,0.325
3621000,4,24.9884,340.137,3.66703,0.342
3622000,5,32.7622,347.817,2.9488,0.308
3623000,2,17.3533,350.882,1.06643,0.3114
3624000,2,15.6471,370.756,2.80249,0.276
3625000,4,30.0846,361.199,0.761163,0.27
3626000,1,10.8293,344.674,0.401481,0.3444
3627000,3,21.8608,354,1.37315,0.320857
3628000,2,19.2824,353.556,0.409959,0.331
3629000,2,18.0597,346.601,1.00949,0.326
3630000,2,16.311,346.221,2.19121,0.332
3631000,2,16.6777,330.769,1.23102,0.34
3632000,1,12.8034,348.983,0.359426,0.32
3633000,2,16.3647,342.027,1.70898,0.282
3634000,0,6.0326,345.368,0.230011,0.266
3635000,0,5.81187,326.745,0.581952,0.320923
3636000,0,6.63539,336.306,0.0350036,0.3015
3637000,0,6.13471,323.3,0.515728,0.279
3638000,1,7.74935,345.183,0.525111,0.294
3639000,3,19.1218,323.89,2.82292,0.346
3640000,4,29.1084,348.541,1.50179,0.343
3641000,5,31.8519,353.712,3.48075,0.311
3642000,1,11.4609,343.025,1.01643,0.312882
3643000,1,11.6985,353.112,0.390666,0.347
3644000,4,27.9337,348.34,2.15553,0.307
3645000,1,12.756,347.854,0.647817,0.356
3646000,10,55.2558,336.422,6.90734,0.314
3647000,5,31.0803,341.205,4.03656,0.337
3648000,1,12.6108,342.246,0.316351,0.325
3649000,1,9.70394,346.878,1.61051,0.287
3650000,0,6.35818,328.584,0.343237,0.349
3651000,0,6.43275,330.107,0.269212,0.326
3652000,1,12.0233,343.337,1.022,0.311
3653000,1,11.6884,339.281,1.32892,0.31
3654000,1,11.2979,334.045,1.37932,0.309
3655000,0,6.60171,346.608,0.108008,0.322571
3656000,0,6.59668,347.489,0.157622,0.268
3657000,0,5.70951,346.667,1.0133,0.279
3658000,2,15.5031,330.482,2.7537,0.312
3659000,0,5.72746,299.949,0.176616,0.339636
3660000,0,5.77154,321.783,0.228739,0.323
3661000,1,11.1412,313.231,1.59587,0.3355
3662000,0,5.63931,338.067,0.362151,0.34
3663000,2,16.6036,340.65,0.428532,0.373
3664000,1,10.407,346.221,2.00067,0.29
3665000,4,27.7045,362.926,2.45037,0.293
3666000,3,17.8081,344.561,1.31969,0.312
3667000,3,22.3136,351.643,0.616637,0.295
3668000,1,9.84368,333.659,1.50775,0.341667
3669000,1,7.21628,330.65,0.353341,0.324727
3670000,1,9.60075,342.007,0.698878,0.318
3671000,0,5.25732,338.897,0.842698,0.320667
3672000,1,10.732,353.926,0.112194,0.317778
3673000,1,7.46257,346.044,1.63731,0.311
3674000,0,6.22137,344.58,0.406313,0.31
3675000,0,5.5813,340.069,1.07769,0.29
3676000,0,3.75051,343.361,2.89975,0.276
3677000,0,5.33371,330.948,1.29891,0.343
3678000,0,6.14643,335.011,0.252297,0.306
3679000,4,22.0825,348.319,2.98089,0.308
3680000,0,6.29565,318.024,0.39716,0.309125
3681000,5,31.0682,317.039,3.47618,0.323
3682000,5,23.9228,330.589,4.01175,0.364
3683000,0,6.0344,333.895,0.635244,0.324
3684000,6,30.8958,337.888,1.58839,0.371
3685000,0,6.02519,298.632,0.0676733,0.347571
3686000,0,5.89405,328.504,0.156187,0.321714
3687000,0,6.00551,332.846,0.396767,0.312
3688000,0,4.69131,290.265,1.29887,0.345667
3689000,0,5.35586,308.593,0.788423,0.344
3690000,0,6.19808,328.878,0.208622,0.320333
3691000,0,6.07134,313.725,0.0841585,0.334
3692000,1,7.90995,329.701,0.912755,0.341
3693000,1,8.32728,337.659,1.7442,0.296
3694000,1,7.74422,319.23,0.681484,0.336
3695000,1,11.7945,341.846,0.378724,0.308
3696000,1,13.2299,361.851,0.200411,0.309167
3697000,0,6.33931,329.615,0.366877,0.3
3698000,0,5.92298,350.25,0.650608,0.29
3699000,0,6.05189,334.662,0.500253,0.316
3700000,0,5.79021,335.609,0.878618,0.291
3701000,2,10.6706,337.878,3.66369,0.327526
3702000,1,11.6245,335.175,0.525958,0.323
3703000,5,27.3569,317.52,2.69322,0.363
3704000,4,24.0953,352.543,3.44096,0.319
3705000,1,10.705,340.758,1.0904,0.299
3706000,0,6.31527,351.501,0.145099,0.303
3707000,1,9.14765,351.189,1.19183,0.3318
3708000,5,25.7432,340.964,3.16865,0.3582
3709000,1,10.982,340.897,1.27697,0.341
3710000,2,15.5492,315.56,1.28328,0.311643
3711000,1,11.1091,326.551,0.14515,0.352
3712000,0,6.28664,334.342,0.107933,0.322
3713000,1,10.1716,337.228,0.8958,0.324
3714000,3,18.7164,329.721,1.88197,0.354
3715000,0,6.57042,342.695,0.0688614,0.326
3716000,1,11.845,351.279,0.415074,0.323
3717000,2,14.8601,355.518,1.76479,0.318
3718000,2,16.5689,321.855,0.989239,0.339
3719000,0,6.31339,327.161,0.165998,0.345
3720000,0,6.0564,322.92,0.404866,0.32
3721000,0,6.41126,350.409,0.0841488,0.279
3722000,0,6.38044,341.957,0.122849,0.278
3723000,0,6.4195,339.28,0.103385,0.252
3724000,0,5.50849,314.322,1.13667,0.314529
3725000,0,5.9062,344.723,0.645798,0.3135
3726000,1,9.66974,341.923,0.717334,0.287
3727000,0,6.3974,338.761,0.188456,0.313
3728000,0,6.15135,341.441,0.574113,0.33825
3729000,4,23.1788,335.649,3.53193,0.306786
3730000,2,17.2095,343.25,0.833045,0.3455
3731000,4,25.4486,323.525,5.41862,0.3615
3732000,0,5.6442,318.013,0.818761,0.338
3733000,0,5.10811,343.586,1.56973,0.329667
3734000,0,5.77125,332.165,0.866084,0.314
3735000,0,6.35295,342.268,0.277201,0.267
3736000,0,6.4378,335.423,0.159417,0.298
3737000,0,5.92602,334.774,0.576765,0.335
3738000,1,10.6252,335.716,2.57075,0.324719
3739000,2,17.5142,306.712,1.83296,0.3365
3740000,1,12.1345,327.093,0.895464,0.358
3741000,0,6.46362,320.77,0.0986149,0.305
3742000,2,15.4254,336.215,1.45462,0.3215
3743000,0,6.35216,332.326,0.190859,0.337
3744000,0,5.6712,325.66,0.911606,0.308
3745000,0,6.28245,342.513,0.167254,0.334611
3746000,0,6.37986,322.683,0.0147355,0.281
3747000,1,9.02703,312.713,0.397492,0.332
3748000,0,6.42351,322.033,0.0205399,0.328
3749000,0,6.41104,306.53,0.0490223,0.3396
3750000,0,6.3664,323.561,0.119629,0.316571
3751000,0,6.47335,328.975,0.0755925,0.303
3752000,0,6.51504,329.08,0.0434865,0.292
3753000,1,10.7244,333.114,1.57003,0.342
3754000,0,5.98248,327.313,0.366317,0.3446
3755000,0,5.81137,332.836,0.533606,0.349
3756000,0,5.81622,334.955,0.544212,0.325
3757000,1,12.3431,308.137,0.581982,0.375
3758000,2,16.8009,329.709,0.696824,0.341
3759000,0,5.91261,325.006,0.367609,0.373
3760000,0,6.69452,325.77,0.00335375,0.336714
3761000,1,7.78296,330.546,2.72578,0.3515
3762000,1,11.786,337.785,0.957898,0.32
3763000,2,13.7961,353.801,0.981006,0.31
3764000,4,23.5971,339.199,4.34167,0.327
3765000,0,6.39843,336.542,0.250405,0.332294
3766000,0,6.16308,344.582,0.509881,0.298
3767000,3,22.5397,316.662,2.64881,0.343
3768000,0,5.84011,331.939,0.430271,0.33325
3769000,0,6.12851,328.437,0.488637,0.3515
3770000,1,10.718,347.893,0.954643,0.315
3771000,0,6.10816,330.893,0.431608,0.325966
3772000,1,12.6757,337.181,0.306576,0.29
3773000,0,6.21161,330.152,0.300399,0.303
3774000,4,24.0876,360.419,1.28139,0.3105
3775000,2,14.3247,333.763,0.818607,0.321429
3776000,4,27.2452,329.38,2.47814,0.322667
3777000,3,23.8716,348.177,1.85639,0.322882
3778000,4,29.3775,354.871,1.2443,0.356
3779000,4,26.048,347.838,2.70103,0.294
3780000,4,26.1206,341.379,1.793,0.338
3781000,0,5.76115,310.139,0.609189,0.326
3782000,3,23.5709,316.161,0.99227,0.353
3783000,1,11.8694,318.817,1.29521,0.316889
3784000,1,6.59552,302.578,1.52979,0.353
3785000,1,12.1718,333.29,0.755095,0.333
3786000,0,5.47869,339.154,1.10484,0.34625
3787000,1,12.4306,333.167,0.422442,0.33
3788000,1,11.7507,342.22,0.707496,0.317
3789000,4,28.4833,338.45,3.47413,0.308
3790000,0,4.69395,313.636,1.04308,0.346667
3791000,0,5.6005,326.514,0.158403,0.357
3792000,0,4.94939,322.07,0.890233,0.348
3793000,0,4.87957,319.574,1.34382,0.322857
3794000,1,9.13117,330.917,0.215015,0.294
3795000,0,6.20882,318.067,0.388303,0.345833
3796000,0,6.08794,328.942,0.501434,0.341154
3797000,0,6.38941,347.412,0.00204704,0.298333
3798000,1,10.1207,324.869,1.1583,0.317
3799000,4,28.9568,340.077,2.22105,0.345
3800000,0,5.94232,328.063,0.398997,0.358
3801000,5,30.8846,338.503,2.15747,0.337778
3802000,4,28.172,338.813,2.55636,0.325
3803000,5,32.3627,344.303,3.59303,0.34
3804000,1,9.4753,344.94,0.90477,0.329
3805000,1,10.4128,335.415,0.638855,0.329778
3806000,3,20.6785,332.212,1.74993,0.337
3807000,2,14.8013,340.706,1.70273,0.352
3808000,1,11.3446,343.456,1.72124,0.279
3809000,5,34.4661,350.646,2.36702,0.341111
3810000,3,20.0235,349.715,0.885853,0.328
3811000,4,24.2708,341.113,2.82663,0.318
3812000,6,36.4486,333.396,4.33925,0.339
3813000,1,9.13858,332.572,1.48568,0.330444
3814000,0,5.24938,330.17,0.639189,0.345
3815000,3,20.4373,327.957,1.00716,0.338
3816000,0,5.97577,341.556,0.19959,0.32825
3817000,0,5.72051,330.293,0.385501,0.307
3818000,0,5.96602,330.147,0.147569,0.319
3819000,1,10.0095,338.578,0.612492,0.320182
3820000,0,4.23321,329.318,2.22877,0.35
3821000,1,10.4798,353.477,1.87985,0.315667
3822000,0,5.82382,340.524,0.0768798,0.331286
3823000,1,10.9444,316.159,1.23014,0.3305
3824000,0,5.31262,318.202,1.17727,0.334345
3825000,0,5.25123,324.655,1.16391,0.335
3826000,0,6.06092,334.685,0.356075,0.302
3827000,2,18.7007,333.253,0.80357,0.330667
3828000,0,5.93435,338.331,0.557757,0.324
3829000,0,5.27106,329.816,1.19862,0.318
3830000,0,3.98501,328.848,1.94655,0.344375
3831000,0,6.15727,321.912,0.111201,0.34
3832000,4,23.5007,348.702,1.66745,0.331
3833000,6,29.7413,315.012,3.80882,0.3412
3834000,0,5.66425,337.547,0.929849,0.3392
3835000,4,27.0354,355.01,1.338,0.3225
3836000,3,22.3313,354.68,1.74668,0.336
3837000,5,34.2103,345.223,2.03395,0.32
3838000,2,15.6456,351.25,3.62641,0.335
3839000,1,10.823,350.182,2.11385,0.327
3840000,1,10.6751,332.926,0.237486,0.31
3841000,0,5.64381,332.77,0.444372,0.3335
3842000,0,5.8595,342.03,0.227963,0.311
3843000,0,4.48595,344.42,1.58504,0.302
3844000,0,6.23387,335.185,0.356645,0.3098
3845000,1,9.73297,330.6,1.26847,0.297
3846000,2,15.4709,320.601,1.76624,0.332214
3847000,1,11.958,329.875,0.218523,0.333
3848000,1,10.7234,323.901,0.756757,0.313833
3849000,1,12.2441,344.974,0.752113,0.297
3850000,1,11.3471,344.845,0.966019,0.33
3851000,0,5.70597,328.419,0.301236,0.3145
3852000,0,5.96319,328.916,0.0848903,0.34
3853000,0,6.09334,331.51,0.0346376,0.297
3854000,1,10.5716,324.075,0.462364,0.325
3855000,0,6.09112,328.189,0.0402442,0.318
3856000,0,5.59257,336.527,0.562214,0.308
3857000,2,16.1503,342.368,2.99416,0.330143
3858000,0,6.12849,324.728,0.115341,0.306
3859000,1,9.3772,321.375,0.333494,0.293
3860000,0,6.48155,337.799,0.230623,0.319133
3861000,0,6.1985,323.596,0.491957,0.341
3862000,1,10.2466,335.463,1.00491,0.3232
3863000,0,5.72962,344.932,0.61129,0.329
3864000,0,5.94931,323.159,0.739238,0.317333
3865000,0,5.97863,324.593,0.346827,0.319
3866000,1,12.5278,333.837,0.510673,0.323286
3867000,3,22.2022,318.244,1.13076,0.319667
3868000,1,12.3819,315.997,0.715793,0.338
3869000,0,4.89545,325.395,1.37317,0.328462
3870000,0,6.43866,324.22,0.121817,0.336
3871000,0,6.62773,333.446,0.024146,0.33
3872000,0,6.26975,312.893,0.00729034,0.322333
3873000,4,28.4242,340.689,0.978152,0.3225
3874000,0,6.14031,341.985,0.495255,0.324
3875000,3,20.88,343.787,1.61161,0.315333
3876000,0,5.55661,339.849,0.890019,0.347
3877000,0,5.61685,327.497,0.671971,0.324583
3878000,0,3.08106,317.22,3.21771,0.3595
3879000,0,5.9807,321.595,0.466916,0.313
3880000,0,6.24278,324.533,0.195097,0.368
3881000,0,6.14517,326.673,0.364065,0.32
3882000,0,4.51846,327.503,1.89966,0.325
3883000,2,13.3217,346.865,3.43781,0.323
3884000,0,5.8193,318.505,0.463795,0.331143
3885000,0,5.27607,333.156,1.26135,0.333385
3886000,0,6.09601,325.923,0.228073,0.3345
3887000,0,6.1012,330.147,0.184129,0.35
3888000,2,17.8728,352.583,1.2753,0.3224
3889000,2,16.3374,336.211,1.40753,0.356
3890000,1,10.1953,334.328,0.689911,0.37
3891000,1,11.1747,347.956,1.40848,0.334294
3892000,1,13.0068,335.275,0.544433,0.294
3893000,0,6.31862,326.044,0.111532,0.353
3894000,0,2.94973,340.907,3.64831,0.333
3895000,2,19.2964,336.867,0.48739,0.329
3896000,0,5.68084,318.163,0.823548,0.309167
3897000,2,13.0396,326.745,2.51311,0.337
3898000,2,14.1448,329.182,0.942041,0.342
3899000,2,16.0847,325.849,0.601512,0.335
3900000,0,6.30993,329.517,0.303381,0.331
3901000,0,6.61007,305.064,0.00803435,0.319167
3902000,2,16.1929,334.859,2.24207,0.341333
3903000,0,6.44869,332.079,0.0357986,0.306
3904000,1,8.21883,335.773,1.3282,0.32
3905000,0,5.83639,348.499,0.653024,0.332
3906000,2,17.9753,333.69,0.717621,0.332667
3907000,0,6.65478,320.956,0.00333036,0.316
3908000,0,5.84906,328.405,0.824804,0.337
3909000,0,6.49885,330.266,0.211637,0.322
3910000,0,5.39418,342.551,1.28247,0.316
3911000,2,17.5151,351.658,1.37251,0.295
3912000,0,6.24763,340.506,0.386718,0.314
3913000,2,18.1952,328.504,0.859524,0.3244
3914000,0,6.34463,350.994,0.195424,0.327333
3915000,0,5.85792,340.436,0.629578,0.287
3916000,0,4.91282,333.147,1.69854,0.319
3917000,0,5.99843,330.638,0.700835,0.311
3918000,1,12.6363,343.921,0.749219,0.307
3919000,0,6.66229,323.243,0.029383,0.314
3920000,1,10.7508,324.296,1.97637,0.331125
3921000,0,5.95823,329.064,0.586652,0.369
3922000,2,16.4339,329.024,1.2869,0.337714
3923000,0,5.81089,332.869,0.595336,0.345
3924000,2,16.5739,338.469,1.76591,0.321
3925000,0,6.35023,337.678,0.136734,0.331
3926000,0,6.40874,334.208,0.0685529,0.333
3927000,0,6.39918,330.047,0.0760772,0.291
3928000,0,5.90299,320.097,0.520725,0.307
3929000,0,6.19901,340.904,0.242748,0.314
3930000,1,12.529,330.195,0.401018,0.349
3931000,0,6.24923,337.643,0.487509,0.316917
3932000,3,24.9065,337.573,0.562577,0.319
3933000,0,6.39599,335.125,0.219047,0.304
3934000,2,15.9055,322.828,1.63675,0.310154
3935000,0,5.55311,311.292,0.802149,0.3285
3936000,1,11.8769,329.833,0.80995,0.315
3937000,0,5.87638,331.742,0.55315,0.305
3938000,2,13.3056,336.894,2.5225,0.334
3939000,1,11.5716,344.734,0.704191,0.286
3940000,0,5.79448,333.625,0.21343,0.317167
3941000,1,11.4406,339.167,1.0147,0.294
3942000,0,5.61192,356.35,0.586193,0.3
3943000,0,2.97595,354.837,0.872706,0.305
3944000,1,6.99019,359.073,1.49972,0.291
3945000,0,5.85368,311.863,0.360061,0.328667
3946000,1,10.24,336.283,1.57052,0.316267
3947000,1,8.75629,352.113,0.96122,0.284
3948000,1,12.0613,323.96,0.804418,0.36
3949000,2,17.9226,325.188,0.428068,0.328263
3950000,0,5.98589,324.843,0.199372,0.3422
3951000,0,6.22745,342.915,0.0108161,0.327
3952000,0,5.81912,341.601,0.444198,0.312
3953000,2,15.0205,329.178,1.78975,0.341714
3954000,1,12.2152,304.232,0.151564,0.3604
3955000,1,10.5241,333.136,0.105544,0.322
3956000,1,8.49184,324.092,1.03764,0.3385
3957000,0,6.38092,317.213,0.091792,0.34225
3958000,1,9.89291,346.431,0.111781,0.323
3959000,3,14.9551,338.361,3.77913,0.348
3960000,3,18.7275,345.533,1.84176,0.345
3961000,1,8.99499,330.914,1.07815,0.334333
3962000,1,11.3978,329.413,1.20011,0.328
3963000,4,26.3052,348.458,1.52547,0.357
3964000,0,5.49661,338.48,0.397253,0.348375
3965000,5,32.5043,336.052,2.25485,0.348
3966000,4,26.9962,345.087,1.53647,0.312
3967000,2,14.3836,348.933,3.39819,0.31
3968000,1,11.1344,347.547,0.467366,0.292
3969000,0,6.48324,333.82,0.202144,0.327
3970000,1,10.9277,351.673,0.328974,0.326773
3971000,0,6.20237,320.059,0.0985657,0.323375
3972000,1,11.7152,318.289,1.12452,0.331
3973000,1,11.5069,333.078,0.352973,0.321
3974000,0,6.64738,330.554,0.0662976,0.3006
3975000,3,23.7154,338.646,0.333294,0.3275
3976000,0,5.60464,309.308,0.239468,0.342364
3977000,0,5.54663,315.554,0.245043,0.319
3978000,0,6.02031,347.24,0.719517,0.286
3979000,0,5.76553,346.679,0.601438,0.333375
3980000,1,11.3174,333.876,0.75132,0.289
3981000,1,12.638,326.912,0.137516,0.31
3982000,1,11.8226,331.536,0.246378,0.348
3983000,3,20.1785,339.45,1.95855,0.347833
3984000,3,21.5975,337.823,0.558905,0.346
3985000,4,23.5918,330.389,2.91691,0.34
3986000,1,11.6495,340.04,1.64198,0.32125
3987000,0,6.25801,335.805,0.213973,0.306
3988000,0,6.25847,342.209,0.239095,0.353
3989000,0,5.36899,325.794,1.07497,0.309
3990000,1,10.431,332.773,1.76451,0.288
3991000,0,5.19748,339.339,1.28615,0.334
3992000,1,12.6578,333.089,0.379586,0.3112
3993000,1,9.5469,347.356,1.90716,0.315105
3994000,1,10.2278,347.485,1.87821,0.318
3995000,1,7.00773,331.647,2.13859,0.3315
3996000,3,18.6698,328.252,0.968159,0.341
3997000,1,11.8252,331.598,0.449448,0.3316
3998000,2,16.2686,349.605,1.68704,0.322
3999000,0,6.32009,330.512,0.385171,0.331333
4000000,3,21.1008,330.367,2.02369,0.3475
4001000,2,17.3603,317.704,0.608097,0.336562
4002000,4,25.2725,334.009,3.36772,0.358
4003000,0,6.431,349.48,0.164133,0.318
4004000,1,12.4117,345.717,0.464404,0.29
4005000,0,6.35034,342.118,0.331804,0.297
4006000,0,6.58307,348.973,0.0937659,0.319
4007000,1,10.7168,342.966,0.860884,0.312
4008000,0,6.58347,348.124,0.154669,0.334333
4009000,0,6.37755,353.994,0.338592,0.256
4010000,2,17.7373,341.755,2.52033,0.324
4011000,1,9.99246,321.712,2.0916,0.347
4012000,0,6.15049,314.613,0.299876,0.342
4013000,0,5.64095,329.456,0.735023,0.3075
4014000,2,16.3505,350.754,0.926606,0.31
4015000,0,5.8516,331.06,0.537809,0.331
4016000,5,34.0995,338.564,1.17583,0.309
4017000,0,5.74689,338.245,0.215914,0.307
4018000,0,6.54921,318.33,0.140087,0.318125
4019000,0,5.22029,323.869,0.976705,0.347765
4020000,1,11.2975,339.214,1.46584,0.307
4021000,0,6.10391,324.682,0.35175,0.328889
4022000,6,41.4452,306.394,1.37517,0.35
4023000,2,14.9898,332.587,1.92109,0.304
4024000,0,5.83626,324.837,0.104718,0.334
4025000,3,19.1305,339.096,2.35025,0.343
4026000,0,5.61236,329.78,1.10706,0.34825
4027000,2,13.7577,325.451,2.02175,0.342333
4028000,1,10.6621,333.587,1.53187,0.345
4029000,1,10.3337,337.234,0.611302,0.298
4030000,0,6.51157,347.761,0.205062,0.30075
4031000,0,6.21593,357.866,0.366889,0.32225
4032000,0,5.33807,356.122,0.678131,0.246
4033000,0,5.79842,351.268,0.210511,0.277
4034000,1,11.8268,342.085,0.63142,0.296
4035000,0,3.12301,335.866,3.47613,0.33
4036000,0,5.90084,314.124,0.231193,0.324
4037000,0,5.47805,325.928,0.634893,0.318
4038000,0,6.00771,326.464,0.0780092,0.33
4039000,0,6.19977,342.314,0.22626,0.322941
4040000,0,6.23541,333.576,0.144838,0.304
4041000,1,12.262,305.519,0.230009,0.328
4042000,2,16.9603,318.514,1.20509,0.385
4043000,2,11.9471,322.361,2.47508,0.312
4044000,0,5.27295,312.527,0.790315,0.308
4045000,0,5.86844,327.576,0.238887,0.353
4046000,0,5.95298,319.436,0.280182,0.31975
4047000,1,9.1913,333.396,0.913878,0.311882
4048000,3,20.5544,336.575,0.514971,0.321667
4049000,0,2.82736,317.077,0.0662651,0.310429
4050000,0,4.88152,335.511,0.316115,0.323
4051000,0,6.56805,341.066,0.171493,0.30325
4052000,0,5.89666,335.318,0.157104,0.3085
4053000,1,12.2677,322.057,0.451245,0.341429
4054000,0,5.81884,325.097,0.337936,0.363
4055000,0,4.60632,319.383,2.08032,0.33075
4056000,0,4.69954,333.359,1.30651,0.3085
4057000,0,5.56941,334.389,1.12597,0.316
4058000,0,5.48688,314.903,0.595064,0.3425
4059000,2,16.0078,354.704,0.439414,0.316
4060000,1,6.7641,351.058,0.942229,0.319
4061000,0,5.64523,344.443,0.654665,0.324857
4062000,0,5.28084,331.57,1.08204,0.29
4063000,0,6.55596,328.261,0.145531,0.293667
4064000,0,5.46052,324.95,0.931273,0.327
4065000,0,5.21172,311.113,0.833319,0.336714
4066000,1,12.8212,341.485,0.187353,0.3035
4067000,1,9.9256,319.874,0.815423,0.330818
4068000,0,6.16166,346.669,0.582699,0.3324
4069000,0,6.5511,334.814,0.0688397,0.327333
4070000,0,6.62851,341.983,0.0304819,0.278
4071000,0,6.3689,346.964,0.264909,0.309
4072000,0,6.2359,349.459,0.318216,0.289
4073000,1,12.0159,347.263,0.813745,0.297
4074000,3,19.9741,336.884,2.86645,0.308
4075000,3,23.0123,336.201,1.59525,0.343
4076000,4,21.2816,337.06,4.34752,0.354
4077000,2,12.6919,329.798,3.63988,0.349
4078000,7,36.1043,341.986,4.16662,0.325
4079000,0,6.08279,328.494,0.195765,0.326571
4080000,3,23.0657,355.613,0.475392,0.31625
4081000,1,10.7139,332.681,0.307658,0.314
4082000,1,10.9726,343.419,0.477958,0.292
4083000,1,11.7661,341.476,0.564144,0.3108
4084000,0,6.35408,346.555,0.342967,0.315588
4085000,0,6.49346,340.057,0.0463212,0.3006
4086000,2,17.6426,332.011,0.912727,0.346
4087000,2,16.095,309.792,1.28495,0.3278
4088000,1,11.2057,338.624,0.384164,0.347
4089000,0,6.6345,296.133,0.0133979,0.329667
4090000,1,8.04269,315.809,0.808438,0.2905
4091000,2,16.6878,336.523,0.907674,0.337
4092000,0,5.99458,326.558,0.34785,0.3302
4093000,1,11.5005,331.652,0.362834,0.335
4094000,1,12.3324,337.829,0.423867,0.32775
4095000,0,6.40902,333.238,0.232033,0.293
4096000,1,9.60266,323.2,1.11417,0.335
4097000,1,10.2919,333.779,1.23238,0.331333
4098000,2,14.4863,319.946,3.32579,0.332
4099000,0,6.4169,347.411,0.0908911,0.314333
4100000,0,6.14591,340.28,0.315838,0.305
4101000,0,6.30109,336.365,0.160652,0.332
4102000,0,6.25013,336.577,0.25957,0.323
4103000,0,6.07074,328.557,0.483779,0.35
4104000,2,13.8005,350.836,2.01437,0.357
4105000,1,10.2168,339.807,2.61437,0.349
4106000,1,11.3173,334.27,1.5456,0.344
4107000,0,4.91007,330.627,1.48589,0.338333
4108000,1,11.0205,345.928,1.02408,0.34
4109000,1,11.3204,337.183,0.615439,0.311
4110000,0,6.33706,327.279,0.00684116,0.313
4111000,1,12.0774,322.021,0.930912,0.336333
4112000,1,10.5149,333.747,1.09401,0.373
4113000,0,6.06299,339.61,0.532322,0.319
4114000,2,16.2312,342.122,1.99864,0.318
4115000,0,5.93719,325.298,0.300226,0.334
4116000,1,9.84212,317.525,2.72297,0.341
4117000,3,24.0935,319.999,2.18272,0.335143
4118000,2,15.2856,321.12,1.58665,0.345
4119000,0,5.1819,328.501,0.909486,0.333333
4120000,0,5.54755,341.221,0.606408,0.353
4121000,1,12.1173,337.356,0.367446,0.350333
4122000,0,5.53842,318.53,0.577314,0.334
4123000,1,8.66223,325.71,1.35616,0.318
4124000,6,34.2183,321.917,4.835,0.353
4125000,3,22.1246,357.755,0.705486,0.346
4126000,0,6.21982,323.944,0.431895,0.3311
4127000,2,18.6101,342.226,0.277842,0.3225
4128000,1,12.2847,358.816,0.714545,0.33
4129000,4,28.4453,358.29,1.61627,0.298
4130000,2,14.7755,325.63,1.89418,0.336667
4131000,1,10.2946,333.861,1.67606,0.302
4132000,0,6.13595,330.148,0.133168,0.304
4133000,1,10.7059,322.212,2.39365,0.3285
4134000,0,6.52553,334.189,0.0148851,0.339
4135000,0,5.72894,341.06,0.437873,0.316333
4136000,1,12.294,334.974,0.468122,0.308
4137000,1,11.4416,319.082,0.318412,0.313636
4138000,0,6.02147,329.254,0.684003,0.325
4139000,1,11.0423,337.624,1.37643,0.333
4140000,0,6.04735,316.715,0.0533056,0.313
4141000,0,5.04165,321.77,1.01647,0.318
4142000,0,6.02595,322.038,0.0858337,0.372
4143000,8,45.8045,325.1,5.45005,0.347
4144000,1,10.2414,335.908,2.06417,0.363
4145000,0,6.53989,328.616,0.138143,0.340429
4146000,1,11.3619,338.011,1.47125,0.3185
4147000,1,11.3038,331.079,1.64623,0.309
4148000,5,34.7167,316.126,1.04346,0.332
4149000,1,8.92331,305.273,2.02777,0.3374
4150000,0,6.21576,326.375,0.272249,0.336875
4151000,1,11.8373,345.483,0.533462,0.3155
4152000,3,18.6458,340.058,1.87826,0.309
4153000,0,5.59502,326.308,0.666967,0.33825
4154000,2,15.8447,337.263,1.98839,0.343
4155000,0,6.08215,332.138,0.208686,0.328
4156000,0,6.47706,340.715,0.201233,0.305167
4157000,0,6.27475,325.219,0.332322,0.278
4158000,0,5.92323,331.107,0.757929,0.323333
4159000,1,9.97809,323.002,2.25819,0.314
4160000,0,5.98185,307.992,0.624932,0.361
4161000,2,12.2589,357.172,0.520268,0.338
4162000,3,18.6561,357.518,1.65171,0.297
4163000,5,31.2959,342.614,2.31968,0.326
4164000,4,30.2862,329.617,1.05795,0.316
4165000,0,5.78704,353.413,0.862627,0.312125
4166000,0,5.8983,341.605,0.423433,0.35
4167000,0,5.95119,329.402,0.32973,0.302
4168000,0,5.43222,329.021,0.616765,0.33535
4169000,1,8.87321,323.469,0.979117,0.354
4170000,0,5.81194,351.901,0.509647,0.314
4171000,1,11.295,336.67,1.35975,0.332
4172000,0,6.02481,337.306,0.159319,0.353
4173000,1,11.6451,321.456,0.695233,0.329
4174000,0,5.51261,318.664,0.58109,0.316
4175000,1,12.8368,332.264,0.172412,0.309867
4176000,0,5.77353,343.508,0.438817,0.307
4177000,1,10.5811,337.273,1.13622,0.307
4178000,6,34.6752,340.411,4.63051,0.296875
4179000,3,19.6693,327.849,4.22384,0.332
4180000,1,10.9096,340.599,1.54227,0.319667
4181000,0,5.76404,342.456,0.385671,0.348
4182000,1,11.9067,322.42,1.1509,0.321714
4183000,2,13.3766,334.749,2.80411,0.309778
4184000,3,16.6284,345.924,4.43751,0.351
4185000,4,27.1371,325.548,1.90571,0.341
4186000,3,20.3009,340.737,3.05642,0.32
4187000,0,5.83035,333.964,0.229239,0.328833
4188000,0,6.02735,339.91,0.0596971,0.303
4189000,1,12.1393,352.519,0.363709,0.327
4190000,0,6.01417,339.204,0.0991817,0.28
4191000,3,16.6848,347.91,2.09815,0.325667
4192000,1,11.6375,332.603,0.928033,0.349
4193000,0,5.89724,327.199,0.66963,0.326
4194000,1,12.1528,311.577,0.709273,0.324
4195000,3,20.6093,326.302,3.05333,0.343
4196000,0,5.50971,339.879,0.832513,0.337
4197000,0,6.40793,340.849,0.13978,0.302667
4198000,0,4.58333,315.836,0.132193,0.3405
4199000,1,9.28438,324.083,0.556199,0.348
4200000,1,10.3784,336.719,0.434292,0.358
4201000,3,21.3442,342.324,1.62842,0.32175
4202000,0,5.88572,360.243,0.633502,0.305667
4203000,3,16.6758,357.229,2.72098,0.35
4204000,1,12.2754,364.263,1.06159,0.321
4205000,2,14.6625,348.08,3.054,0.338
4206000,3,21.7141,363.047,2.55512,0.301
4207000,2,15.734,362.542,0.554016,0.313
4208000,0,5.46177,314.085,0.539154,0.331143
4209000,1,9.59498,339.822,1.43186,0.359556
4210000,2,13.1507,340.997,1.59603,0.347
4211000,2,12.5485,323.46,1.26903,0.336
4212000,2,14.3505,311.533,1.28141,0.355
4213000,1,9.80075,323.467,0.0695094,0.368
4214000,4,25.4948,339.724,3.6212,0.334893
4215000,5,26.0684,326.197,3.86778,0.325875
4216000,3,14.5909,324.166,6.45918,0.368
4217000,0,4.25614,325.17,0.919913,0.36875
4218000,2,17.4978,314.659,0.83278,0.3512
4219000,1,10.7555,311.77,0.280438,0.348
4220000,5,31.6139,335.51,4.39817,0.363
4221000,0,5.91204,325.71,0.227878,0.288
4222000,1,10.7085,343.839,0.282953,0.345667
4223000,2,8.52653,352.729,9.65465,0.329
4224000,1,11.5801,357.226,0.247849,0.285
4225000,0,5.64458,349.124,0.776827,0.315273
4226000,0,4.72057,341.965,1.67224,0.3
4227000,0,6.43975,325.068,0.0113407,0.305
4228000,3,20.0742,347.822,1.15333,0.324
4229000,0,6.41531,335.507,0.0209148,0.286
4230000,3,22.0837,340.27,1.87477,0.32
4231000,0,5.40159,319.688,0.160457,0.348714
4232000,0,5.07998,306.281,0.318495,0.369
4233000,1,10.0448,303.891,1.94747,0.343
4234000,2,18.4529,338.288,1.15862,0.319077
4235000,0,6.20948,347.373,0.313765,0.329
4236000,0,5.97846,326.555,0.483788,0.302
4237000,1,8.69066,335.942,1.89746,0.33275
4238000,0,5.24511,329.145,0.246892,0.328
4239000,0,4.4759,324.266,0.999477,0.297
4240000,0,4.98821,308.889,0.43278,0.375
4241000,2,17.5267,338.899,1.48346,0.3158
4242000,1,11.3807,330.73,1.14738,0.332
4243000,1,11.3704,346.022,0.435974,0.33
4244000,1,11.2161,355.202,0.0560599,0.311
4245000,1,11.5871,343.875,1.27418,0.325
4246000,1,12.0318,316.45,0.499029,0.319
4247000,2,9.71042,331.509,3.38364,0.349571
4248000,4,27.8353,356.373,2.98264,0.308333
4249000,3,21.8651,348.885,1.84288,0.296
4250000,4,23.4819,362.639,3.49542,0.323
4251000,2,13.0321,343.339,3.62275,0.318
4252000,0,3.87494,333.46,2.73442,0.323
4253000,1,12.3719,333.112,0.505248,0.324
4254000,1,9.71461,345.106,1.95897,0.32275
4255000,0,4.9805,331.383,0.589329,0.335375
4256000,0,5.79455,341.108,0.5235,0.314
4257000,0,5.23757,337.128,1.23369,0.331273
4258000,1,11.0226,347.127,1.58331,0.329
4259000,1,11.8133,350.654,0.832296,0.311333
4260000,1,13.1002,351.202,0.142501,0.301
4261000,2,18.1755,350.412,1.07929,0.333
4262000,0,5.40258,314.579,0.2299,0.334571
4263000,0,4.35222,331.282,1.1133,0.342
4264000,0,6.03101,324.654,0.169981,0.323875
4265000,2,15.3798,332.375,0.703279,0.354
4266000,2,15.5267,338.584,1.34206,0.348
4267000,0,4.68918,339.132,0.605853,0.318
4268000,0,5.11621,328.523,0.181718,0.326
4269000,1,11.8645,331.524,0.646371,0.326818
4270000,1,7.75633,341.526,1.43489,0.318
4271000,5,31.3665,331.344,3.20724,0.351
4272000,2,15.9368,341.035,1.55744,0.342
4273000,2,14.3836,340.827,1.59983,0.351
4274000,0,4.46755,333.324,0.775366,0.333
4275000,2,14.1394,334.291,2.26964,0.326
4276000,0,6.32468,332.31,0.0555624,0.320333
4277000,0,6.20528,349.5,0.185981,0.322
4278000,0,5.32897,344.71,1.10964,0.279
4279000,2,17.5719,309.393,1.15936,0.3252
4280000,0,5.9212,294.711,0.513502,0.3378
4281000,1,11.3491,317.302,0.151705,0.343571
4282000,0,4.13129,305.504,1.03521,0.377
4283000,0,5.45439,328.772,0.885754,0.3336
4284000,1,6.22638,312.71,1.92448,0.362
4285000,0,5.22935,324.773,0.0212281,0.359
4286000,1,11.1245,326.075,0.661292,0.293
4287000,0,6.2546,321.105,0.0690427,0.35175
4288000,0,6.25788,338.588,0.167318,0.323
4289000,1,11.584,346.823,0.727263,0.341889
4290000,0,5.84206,342.579,0.870817,0.32
4291000,0,6.63859,335.585,0.0744665,0.288
4292000,1,8.5415,352.994,4.28361,0.30375
4293000,0,6.42066,358.461,0.263847,0.319
4294000,0,6.43005,344.766,0.207624,0.289
4295000,1,11.3662,355.212,0.557746,0.312
4296000,0,6.66579,354.354,0.00164692,0.31
4297000,0,5.80571,334.713,0.789239,0.309
4298000,0,6.53255,324.802,0.0591563,0.334
4299000,0,6.16617,326.135,0.388913,0.305
4300000,1,11.2285,346.555,0.718237,0.343714
4301000,1,11.4722,342.795,0.620281,0.307
4302000,1,8.95188,337.653,3.934,0.322
4303000,0,6.51041,345.352,0.178749,0.263
4304000,0,5.81434,323.643,0.250223,0.3414
4305000,0,6.40124,350.821,0.299778,0.291
4306000,1,10.78,346.191,1.92022,0.303
4307000,0,6.45376,329.181,0.18673,0.292
4308000,0,4.8451,332.784,0.45735,0.328235
4309000,2,16.3754,343.248,0.710019,0.314
4310000,0,5.21126,333.012,0.0824543,0.328
4311000,1,11.3704,321.845,0.556852,0.321429
4312000,3,20.6544,332.914,3.4943,0.353
4313000,4,29.4663,319.035,1.97233,0.355
4314000,0,5.74572,315.202,0.285454,0.393
4315000,2,15.8863,355.912,1.04871,0.330375
4316000,3,23.1062,328.042,1.53707,0.326
4317000,0,6.51414,328.615,0.200739,0.34
4318000,2,17.1629,340.529,1.04462,0.321875
4319000,1,11.0114,340.402,0.338623,0.357
4320000,6,27.5573,331.316,3.30759,0.331
4321000,1,11.805,310.019,1.08396,0.343667
4322000,0,5.78004,332.551,0.250309,0.3655
4323000,5,18.2435,342.711,4.63009,0.331167
4324000,4,28.1449,342.142,2.35053,0.348
4325000,2,15.5153,354.986,2.35795,0.33
4326000,4,25.508,327.74,0.968479,0.339727
4327000,4,23.2443,328.691,4.8286,0.337
4328000,2,14.2641,320.175,3.05939,0.365
4329000,0,5.71082,315.587,0.268814,0.348143
4330000,1,11.1126,304.452,0.700535,0.3346
4331000,0,6.12627,329.974,0.386374,0.357667
4332000,0,5.92944,322.87,0.758908,0.349
4333000,2,16.902,330.211,0.921595,0.3145
4334000,0,5.13353,340.89,1.44724,0.322
4335000,0,6.34918,328.737,0.325391,0.328
4336000,2,12.3267,352.142,2.07385,0.3206
4337000,0,6.26916,359.403,0.174151,0.26
4338000,3,20.3065,343.169,2.10856,0.333111
4339000,2,12.1264,338.94,1.53116,0.327
4340000,2,16.4111,336.283,1.7696,0.321
4341000,1,11.4585,345.862,0.877699,0.292
4342000,2,18.9938,339.341,0.667034,0.308
4343000,1,11.2449,339.666,0.446388,0.363
4344000,0,6.37997,339.648,0.294299,0.328
4345000,0,5.81472,328.61,0.815467,0.31
4346000,2,14.9523,330.108,2.00893,0.374
4347000,0,5.56233,335.19,1.10045,0.366
4348000,0,4.77117,339.126,1.85938,0.321
4349000,1,9.26836,335.381,0.581525,0.301
4350000,0,5.80075,331.287,0.835517,0.317
4351000,1,11.213,318.204,0.82976,0.33
4352000,2,13.3116,335.702,3.33861,0.3545
4353000,0,5.56676,313.721,0.908033,0.330053
4354000,0,6.3025,340.727,0.418032,0.318647
4355000,0,6.25246,338.146,0.431532,0.3
4356000,0,6.64423,330.524,0.05712,0.314
4357000,3,20.4035,328.105,2.14213,0.343
4358000,4,25.6655,318.827,5.18876,0.3334
4359000,4,24.9896,356.668,3.73676,0.324
4360000,0,6.5852,330.093,0.149346,0.316
4361000,0,5.98751,358.832,0.763998,0.287
4362000,2,15.6985,300.057,0.692821,0.3356
4363000,2,12.2505,330.998,4.20419,0.29
4364000,1,11.4668,338.454,0.392361,0.327
4365000,0,6.54107,331.076,0.14679,0.308
4366000,1,8.41944,336.649,2.57271,0.334
4367000,3,18.6278,336.693,4.25171,0.356889
4368000,2,16.0499,349.002,0.937176,0.321
4369000,1,10.6446,347.287,0.82663,0.332
4370000,4,26.3029,348.318,4.9147,0.330538
4371000,2,15.506,354.446,1.51625,0.36
4372000,6,33.7844,337.28,5.14941,0.302
4373000,6,34.376,339.626,3.85315,0.335
4374000,0,4.61091,331.973,0.148523,0.355167
4375000,1,10.5493,332.758,1.07931,0.302
4376000,1,9.83673,329.763,0.43649,0.327333
4377000,0,6.42488,328.483,0.0930587,0.317
4378000,0,5.30507,313.296,1.1408,0.316
4379000,0,5.88209,333.454,0.565116,0.316
4380000,1,7.56135,313.661,0.921611,0.3444
4381000,1,9.56485,318.163,0.309288,0.347
4382000,2,15.5029,328.76,0.870863,0.327
4383000,1,11.7238,348.909,1.66921,0.320176
4384000,3,22.6757,341.363,0.445326,0.3352
4385000,3,19.687,338.73,1.88397,0.336667
4386000,2,12.743,342.856,1.55489,0.35025
4387000,1,9.27007,341.581,1.01248,0.363
4388000,0,4.67438,340.285,0.148889,0.328
4389000,0,6.54087,355.976,0.169657,0.312833
4390000,0,6.59712,357.179,0.114145,0.27
4391000,0,6.48233,363.896,0.244129,0.265
4392000,0,5.68842,349.967,1.04115,0.257
4393000,0,5.3193,349.934,1.37884,0.262
4394000,0,4.52001,320.541,0.224728,0.320667
4395000,0,6.32672,336.78,0.301708,0.3075
4396000,0,5.79189,332.484,0.264004,0.318909
4397000,0,6.55688,352.595,0.153113,0.292
4398000,1,10.5646,358.056,1.86104,0.291
4399000,3,17.4237,334.576,2.91721,0.307333
4400000,0,5.52,344.291,0.639014,0.334
4401000,1,11.5891,346.343,1.05622,0.288
4402000,0,5.24425,344.372,1.06224,0.304
4403000,0,5.41829,336.3,1.12346,0.3102
4404000,0,6.50009,344.829,0.0156028,0.319
4405000,0,5.6898,350.805,0.861442,0.277
4406000,0,5.61909,344.239,0.927891,0.313
4407000,0,6.51714,348.785,0.0543522,0.314
4408000,0,5.5959,343.702,0.940136,0.272
4409000,2,16.1094,340.746,0.614738,0.3
4410000,3,19.5914,364.24,2.13662,0.341
4411000,3,21.2381,345.132,1.16929,0.32
4412000,0,5.47707,331.668,0.949358,0.32
4413000,0,5.00242,350.202,1.5029,0.326
4414000,0,6.18701,339.568,0.0435229,0.288
4415000,0,5.55668,329.507,0.599671,0.296
4416000,0,6.0174,335.659,0.0533226,0.313
4417000,0,4.55139,346.93,1.66265,0.293
4418000,1,11.2643,337.221,1.14373,0.312
4419000,3,19.8422,350.278,2.30479,0.34528
4420000,0,5.987,339.096,0.310445,0.324639
4421000,0,5.90711,336.578,0.342949,0.29
4422000,3,18.0184,355.654,3.36743,0.334333
4423000,2,14.6816,336.043,2.11307,0.324
4424000,2,14.6237,347.001,0.639075,0.347
4425000,4,24.3929,323.477,1.22288,0.322
4426000,0,5.34711,334.866,0.862752,0.3078
4427000,2,18.1999,333.01,0.60621,0.314
4428000,1,10.4067,328.817,0.261364,0.358333
4429000,3,16.0652,323.663,2.14329,0.387
4430000,3,20.7482,334.074,0.442927,0.34
4431000,2,14.7487,340.978,0.848432,0.329
4432000,3,18.8012,359.791,1.9182,0.321571
4433000,2,16.3987,357.167,1.97902,0.308
4434000,3,21.1743,350.757,0.86975,0.29
4435000,2,13.7325,344.829,2.55916,0.337
4436000,5,28.8301,346.48,4.75036,0.344
4437000,4,26.9291,334.162,4.07563,0.361
4438000,0,6.23937,333.082,0.00884464,0.336182
4439000,2,15.5689,334.056,1.98253,0.332351
4440000,0,4.57091,329.793,1.53715,0.298
4441000,0,5.64034,340.642,0.687271,0.325667
4442000,1,11.5316,342.927,1.25453,0.337
4443000,0,6.20289,336.282,0.164413,0.287
4444000,2,16.9179,339.725,1.2157,0.337
4445000,0,6.16704,335.195,0.152155,0.338
4446000,0,4.97894,328.967,0.457757,0.3502
4447000,0,5.06121,312.335,0.588885,0.309
4448000,0,5.25008,309.881,0.329128,0.372
4449000,2,13.9964,334.181,1.70578,0.328917
4450000,1,11.0658,341.024,0.866134,0.334
4451000,1,10.6643,348.714,0.826203,0.304
4452000,0,5.97572,316.897,0.0521984,0.351
4453000,3,23.5443,328.493,0.431506,0.319
4454000,3,22.6715,334.678,2.18091,0.337556
4455000,0,6.26026,318.681,0.125291,0.332
4456000,0,5.85005,321.138,0.482051,0.329
4457000,0,5.60951,320.7,0.777636,0.3065
4458000,1,9.51411,344.689,0.983925,0.3417
4459000,2,10.4006,327.583,1.48034,0.347
4460000,4,23.965,333.732,4.23623,0.326
4461000,1,7.54292,334.252,0.933144,0.321
4462000,2,13.614,330.371,1.09123,0.345
4463000,0,4.82041,308.996,0.979901,0.348
4464000,1,9.39077,317.27,0.998051,0.3365
4465000,3,18.661,336.453,1.58234,0.33
4466000,0,4.29456,322.891,1.43069,0.333077
4467000,0,5.97711,340.617,0.0746275,0.3165
4468000,1,10.5298,335.085,0.912207,0.33425
4469000,2,16.7398,322.723,0.524493,0.315
4470000,1,8.58444,313.145,2.31245,0.388
4471000,1,11.9911,310.317,0.631106,0.354
4472000,0,5.61712,308.232,0.24091,0.361
4473000,5,24.1203,308.307,7.31277,0.355
4474000,3,11.1142,333.157,2.20215,0.383
4475000,1,11.8492,315.442,0.582391,0.341429
4476000,0,5.89979,323.793,0.079444,0.354
4477000,4,26.0777,348.603,1.10958,0.338818
4478000,4,24.5048,354.07,1.62712,0.322
4479000,3,23.6271,346.306,1.35278,0.319
4480000,4,26.2153,340.355,2.26436,0.348
4481000,0,5.40558,327.615,0.520321,0.3156
4482000,0,4.74861,350.48,1.05235,0.287
4483000,0,5.67169,348.131,0.192251,0.279
4484000,1,10.9951,348.978,0.433479,0.321
4485000,1,9.57781,352.222,2.94365,0.295
4486000,2,16.3762,353.295,1.05965,0.336
4487000,2,15.9436,355.584,0.892718,0.331
4488000,0,5.09024,329.93,0.735289,0.333462
4489000,0,6.31316,361.195,0.434782,0.329188
4490000,0,6.48957,357.557,0.298389,0.326
4491000,1,9.98154,321.705,1.05984,0.322455
4492000,2,16.796,334.453,0.97188,0.342
4493000,2,15.7555,340.825,1.30517,0.332
4494000,3,18.7306,331.005,2.37739,0.352
4495000,2,16.7836,323.946,0.742715,0.355
4496000,4,25.3939,324.548,2.24823,0.336
4497000,5,32.5709,339.935,3.08757,0.3238
4498000,1,11.9842,346.156,1.04997,0.298375
4499000,1,12.6838,346.518,0.352038,0.327
4500000,2,19.3108,356.02,0.0339945,0.288
4501000,0,4.52409,339.476,2.18386,0.28
4502000,1,11.8792,356.006,0.655933,0.297
4503000,2,18.0394,346.163,1.0312,0.311
4504000,1,11.1301,353.482,1.71704,0.334
4505000,2,16.438,340.05,0.998073,0.308
4506000,4,29.7633,343.653,1.54594,0.326
4507000,4,23.4377,320.529,3.30799,0.348909
4508000,6,33.6469,342.274,4.92836,0.328
4509000,5,32.3256,344.289,3.02848,0.353
4510000,1,11.5478,348.136,1.44407,0.312
4511000,0,5.15787,331.87,0.252375,0.311
4512000,3,20.7708,346.359,2.40833,0.348625
4513000,7,43.8012,349.633,2.07107,0.326
4514000,3,22.5635,367.934,1.40749,0.308
4515000,2,17.4778,332.713,0.541035,0.297
4516000,0,5.61367,327.672,0.312922,0.346
4517000,1,9.31674,335.926,2.66433,0.313
4518000,1,9.90792,346.395,0.573288,0.341
4519000,3,19.3175,335.926,2.74129,0.344
4520000,2,18.0389,335.391,0.468467,0.34
4521000,5,27.8752,314.737,4.73496,0.330917
4522000,3,23.8292,299.136,1.57641,0.368
4523000,0,6.73019,347.871,0.0229325,0.32775
4524000,4,24.3603,322.527,3.97394,0.3795
4525000,1,8.99049,350.383,0.879611,0.363
4526000,3,19.157,344.696,1.82631,0.329
4527000,2,16.5576,320.344,0.243671,0.349143
4528000,0,6.44661,341.271,0.29727,0.3016
4529000,1,10.5378,318.983,0.531105,0.341781
4530000,4,21.012,328.02,3.18637,0.349333
4531000,1,9.77871,324.644,2.21081,0.3655
4532000,3,21.7065,324.683,1.6172,0.375
4533000,5,32.7556,347.854,1.47596,0.318
4534000,4,24.0122,354.079,4.02677,0.319
4535000,2,14.404,331.166,0.954499,0.336
4536000,2,14.0306,327.44,2.42356,0.348
4537000,2,11.4724,342.665,1.86969,0.355889
4538000,1,12.2315,343.099,0.185645,0.295
4539000,5,34.1294,354.439,1.45114,0.337111
4540000,3,21.0385,348.659,3.37599,0.3355
4541000,6,40.0806,362.812,1.41233,0.341
4542000,0,4.65059,348.668,1.56505,0.323333
4543000,0,6.20536,364.119,0.00715666,0.255
4544000,0,5.93621,356.939,0.20524,0.271
4545000,2,14.9167,300.185,1.46343,0.336111
4546000,0,4.35303,312.598,0.925897,0.3416
4547000,0,6.27131,330.228,0.146506,0.314333
4548000,3,23.4564,330.435,1.96731,0.317
4549000,0,5.87323,329.021,0.562305,0.334
4550000,4,27.2928,349.477,1.90183,0.339
4551000,0,5.74438,326.958,0.0739536,0.323
4552000,4,24.9977,323.815,3.91853,0.364
4553000,0,5.23449,315.858,0.856776,0.323
4554000,0,6.13865,332.285,0.0735596,0.322
4555000,0,5.88519,327.735,0.31535,0.311
4556000,2,17.0565,343.014,0.424472,0.335
4557000,0,6.10785,331.885,0.0985156,0.32
4558000,0,5.77546,337.717,0.447784,0.346
4559000,1,10.55,340.939,2.08821,0.339857
4560000,2,14.6701,351.319,1.33711,0.341375
4561000,3,19.8463,350.067,1.08267,0.322
4562000,13,71.3212,349.533,6.28418,0.306
4563000,9,43.8339,362.518,5.97765,0.305
4564000,4,23.7403,354.977,2.34715,0.321
4565000,0,4.38468,329.054,0.874207,0.328933
4566000,12,62.6821,334.354,5.83047,0.331625
4567000,10,59.5598,336.029,4.17132,0.333
4568000,2,15.363,328.327,1.51226,0.345
4569000,2,17.5389,341.182,0.868097,0.357
4570000,2,16.7977,347.577,1.81817,0.357
4571000,1,11.2285,321.516,0.518291,0.322
4572000,1,11.4301,317.272,0.699573,0.344615
4573000,3,19.8215,323.321,2.56416,0.326
4574000,0,5.32661,335.223,0.39534,0.348
4575000,0,5.23752,320.239,0.747355,0.342091
4576000,1,9.81493,324.1,0.883409,0.336
4577000,0,5.46485,341.359,0.344402,0.334667
4578000,0,5.64632,345.571,0.150835,0.318
4579000,3,23.08,332.858,1.38934,0.343
4580000,0,6.07634,322.51,0.0145844,0.34
4581000,1,10.9887,319.978,0.879503,0.321
4582000,0,5.39878,330.396,0.705756,0.307
4583000,2,15.8733,360.879,1.119,0.313
4584000,1,10.5084,350.514,0.556292,0.279
4585000,0,5.95206,331.42,0.159956,0.303
4586000,1,11.6174,329.109,0.0381235,0.311
4587000,0,5.55331,331.306,0.132041,0.312667
4588000,1,11.7633,327.744,0.530562,0.325
4589000,0,5.56139,322.519,0.49111,0.355
4590000,0,5.94018,339.886,0.0992003,0.329
4591000,2,15.7635,342.906,3.01376,0.336
4592000,0,5.94981,323.821,0.282822,0.322333
4593000,0,4.24115,334.992,1.46083,0.331
4594000,0,4.69244,323.878,0.626037,0.350069
4595000,1,11.329,324.962,0.434775,0.351
4596000,3,21.0079,339.414,3.06154,0.3175
4597000,5,26.806,335.355,3.07448,0.347
4598000,0,5.6429,332.501,0.00937186,0.3404
4599000,0,4.3174,313.895,1.20285,0.362
4600000,0,4.80121,325.473,0.45027,0.342
4601000,2,15.5991,349.903,0.409981,0.329
4602000,3,17.7257,341.925,1.3969,0.338
4603000,5,31.5044,345.877,2.1135,0.331
4604000,4,21.9569,348.274,3.74775,0.34
4605000,2,13.8143,348.942,0.337197,0.345
4606000,3,17.0306,351.42,2.74443,0.325
4607000,3,21.0225,327.385,0.979931,0.356714
4608000,3,22.0722,328.754,1.57021,0.361
4609000,2,12.7976,318.364,3.42476,0.343
4610000,5,31.6892,317.087,1.32074,0.358
4611000,3,24.7632,326.659,0.487247,0.356
4612000,1,12.5968,353.674,0.341875,0.336
4613000,1,9.43621,327.526,3.02132,0.333273
4614000,1,7.4931,297.371,0.753563,0.339941
4615000,1,8.09946,343.611,0.934439,0.344889
4616000,1,9.95268,334.397,1.34159,0.328
4617000,1,8.7915,345.878,0.933587,0.336
4618000,0,5.00899,335.215,0.108237,0.334
4619000,3,20.5928,316.471,1.21681,0.338833
4620000,1,11.3067,325.831,0.834826,0.384
4621000,2,17.1475,324.432,1.15746,0.35
4622000,1,10.0559,344.722,0.969007,0.338
4623000,1,10.3625,330.758,0.729348,0.337
4624000,2,12.9745,336.816,4.7674,0.362
4625000,0,5.30504,347.761,0.777819,0.311
4626000,0,4.6261,343.447,1.49662,0.325
4627000,1,9.25452,312.485,1.00047,0.332667
4628000,2,14.0486,337.343,1.21681,0.353
4629000,0,5.83534,320.532,0.0665687,0.340067
4630000,3,13.2688,339.862,6.81442,0.37
4631000,3,17.938,323.979,5.59157,0.358
4632000,5,27.0786,334.458,3.75135,0.356
4633000,3,18.4478,316.447,2.47723,0.392
4634000,4,25.7704,320.246,0.845705,0.369
4635000,2,11.7633,308.857,1.68818,0.356
4636000,1,7.45538,322.281,0.521715,0.375
4637000,1,11.1223,328.325,1.77904,0.341273
4638000,2,17.0935,323.489,1.25367,0.334
4639000,0,5.29612,325.097,0.373382,0.33937
4640000,1,11.0362,329.749,1.49567,0.326
4641000,0,5.87605,337.671,0.123782,0.341583
4642000,2,11.1547,318.926,3.03488,0.298
4643000,1,11.6634,336.604,0.901609,0.3418
4644000,0,6.15185,340.321,0.0625717,0.316
4645000,6,32.0493,325.481,3.22664,0.349333
4646000,0,5.60033,343.467,0.406988,0.34025
4647000,0,5.59092,326.407,0.368037,0.326
4648000,3,23.6828,330.543,1.2938,0.318
4649000,0,6.11265,336.035,0.00915905,0.319
4650000,4,25.9791,334.059,1.61149,0.3672
4651000,2,15.1156,345.5,0.23571,0.342
4652000,5,28.9007,353.1,2.49642,0.328
4653000,4,21.472,343.259,2.90451,0.317
4654000,6,33.7162,340.935,5.16917,0.352
4655000,3,15.6024,342.452,2.00616,0.347
4656000,0,4.32628,333.878,1.55177,0.344187
4657000,1,12.212,338.706,0.200814,0.327
4658000,0,5.96816,311.47,0.238719,0.338
4659000,1,10.4184,338.121,0.703086,0.358
4660000,1,9.25312,326.704,1.69487,0.344
4661000,1,9.98031,348.836,1.27228,0.351
4662000,0,4.39953,325.926,1.95004,0.32925
4663000,0,5.65094,333.481,0.213323,0.3395
4664000,0,5.78936,337.777,0.0978655,0.302
4665000,0,5.84295,333.083,0.133442,0.301
4666000,4,26.0843,345.233,2.35421,0.30575
4667000,1,11.1718,330.687,0.40493,0.330722
4668000,2,17.7715,334.149,1.47037,0.321
4669000,1,10.7389,333.508,1.3016,0.359
4670000,5,29.6559,326.851,3.29346,0.359733
4671000,2,13.4945,333.667,2.22286,0.338
4672000,2,15.1159,327.083,2.93107,0.333333
4673000,4,20.8751,333.934,1.01605,0.352
4674000,6,35.9993,334.017,2.29674,0.317
4675000,4,21.3937,324.285,3.45922,0.351
4676000,5,30.8088,350.912,1.45763,0.362
4677000,0,5.29249,308.222,0.697438,0.323083
4678000,0,5.05671,326.339,1.15299,0.334
4679000,3,19.0774,331.199,2.37757,0.311
4680000,2,11.256,344.116,3.40894,0.318286
4681000,7,38.5695,344.87,4.64352,0.3358
4682000,3,21.5761,342.661,0.940363,0.341
4683000,2,14.7253,330.79,1.25925,0.347
4684000,2,14.3015,335.325,1.64975,0.372
4685000,2,11.7831,330.925,2.48757,0.355
4686000,0,6.18063,336.91,0.128153,0.328333
4687000,2,12.6519,310.535,2.29705,0.343875
4688000,0,5.94128,316.087,0.311101,0.347
4689000,0,6.1431,313.078,0.123257,0.34
4690000,3,16.602,337.479,5.16298,0.3442
4691000,0,5.43109,309.645,0.573591,0.308
4692000,1,10.7834,331.475,0.935139,0.3226
4693000,0,5.21565,322.09,0.327573,0.351
4694000,1,9.2853,314.607,0.840885,0.335
4695000,5,30.883,347.684,0.386471,0.3508
4696000,3,20.9335,324.682,1.54981,0.3262
4697000,0,6.01527,313.475,0.0565963,0.334
4698000,2,17.4108,309.539,0.791605,0.362
4699000,1,11.3507,341.299,1.12033,0.373
4700000,1,12.2897,337.974,0.594103,0.296
4701000,3,21.9908,347.971,1.33387,0.315167
4702000,4,28.3215,338.115,0.914519,0.328437
4703000,3,22.8999,350.845,0.917307,0.327667
4704000,5,30.0246,337.227,3.00615,0.337
4705000,2,14.0877,347.825,2.10828,0.354
4706000,1,10.9112,328.703,0.863781,0.345
4707000,1,9.92036,349.995,2.0021,0.346
4708000,2,15.9871,360.433,1.49277,0.313
4709000,1,9.24858,336.424,2.35996,0.34
4710000,1,12.3383,338.913,0.561885,0.32475
4711000,0,6.11627,321.678,0.0655294,0.323
4712000,0,5.37345,336.835,0.376573,0.333333
4713000,0,5.26303,333.934,0.453244,0.324
4714000,0,4.23767,341.333,2.06236,0.332333
4715000,0,6.44103,329.721,0.0918465,0.311733
4716000,1,11.7127,329.331,0.278919,0.335867
4717000,0,5.53089,339.554,0.308324,0.333
4718000,0,4.53151,320.817,1.06163,0.344
4719000,1,5.93655,319.835,1.0318,0.349
4720000,1,10.8299,318.446,0.594895,0.334571
4721000,4,25.7692,317.394,2.10288,0.372
4722000,4,21.9796,335.902,1.5862,0.333
4723000,1,9.01096,350.997,2.09914,0.35425
4724000,1,8.35195,356.55,1.62496,0.319
4725000,1,9.47602,351.268,1.60262,0.32
4726000,0,5.70877,354.173,0.21684,0.33025
4727000,3,19.2048,356.039,3.67065,0.330333
4728000,0,5.55713,335.389,0.485695,0.344
4729000,0,5.95083,347.722,0.04914,0.304667
4730000,2,14.4802,337.603,1.47572,0.3418
4731000,4,26.3237,344.703,2.72192,0.33
4732000,2,15.5847,343.203,0.770782,0.339
4733000,3,20.3156,350.468,1.90113,0.307
4734000,0,6.13971,320.601,0.000714182,0.318833
4735000,0,4.85913,323.638,1.29825,0.393
4736000,0,5.43105,326.44,0.39462,0.312714
4737000,1,7.43528,331.458,0.706263,0.3226
4738000,1,10.0628,319.727,1.72187,0.322
4739000,0,6.40536,324.321,0.0102786,0.345
4740000,0,6.32298,332.261,0.265067,0.272
4741000,2,16.4935,302.722,1.4535,0.329333
4742000,4,25.5887,300.834,3.93157,0.362
4743000,3,23.3121,320.098,1.43282,0.327
4744000,0,4.73939,326.676,1.81686,0.343
4745000,1,10.2778,334.117,2.37941,0.352
4746000,4,28.0236,325.277,2.11272,0.328
4747000,4,26.8246,347.237,2.65601,0.348
4748000,0,4.45916,335.378,0.675925,0.336333
4749000,3,20.581,318.097,1.93044,0.352286
4750000,0,5.62279,309.317,0.417841,0.398
4751000,1,9.55413,298.847,0.728828,0.346
4752000,3,18.7679,319.556,0.708205,0.391
4753000,4,25.3098,306.347,2.24779,0.337
4754000,4,25.5364,318.137,2.14179,0.353
4755000,1,11.182,332.096,0.830278,0.365
4756000,1,9.30913,337.368,1.90572,0.339
4757000,1,9.50113,332.632,1.83245,0.332
4758000,2,14.7004,317.8,3.25634,0.3506
4759000,1,10.9089,339.305,0.472495,0.316
4760000,0,6.07306,329.877,0.311182,0.3544
4761000,0,4.59226,320.918,1.67641,0.33
4762000,2,12.8722,323.926,1.70836,0.342
4763000,1,9.95722,336.37,1.9816,0.35
4764000,2,17.3493,332.692,0.781723,0.3392
4765000,0,6.19419,333.267,0.170551,0.343
4766000,0,6.18062,330.145,0.193247,0.303
4767000,0,5.69183,326.069,0.635141,0.334
4768000,0,4.74824,303.345,1.52008,0.339
4769000,0,5.80276,297.918,0.447621,0.329
4770000,1,12.0732,315.697,0.157332,0.374
4771000,1,10.5495,328.671,1.24396,0.335
4772000,0,5.82741,334.927,0.159274,0.323
4773000,1,10.9413,356.851,0.266233,0.3323
4774000,0,6.28471,346.624,0.0121614,0.295
4775000,0,5.94318,321.799,0.224544,0.324
4776000,0,5.31686,318.414,0.672787,0.31
4777000,1,10.6374,314.747,0.94932,0.329
4778000,0,5.81066,320.556,0.127686,0.314
4779000,2,17.025,326.937,0.820333,0.3536
4780000,1,9.65169,339.268,0.901706,0.348
4781000,5,31.6273,314.321,3.25834,0.347889
4782000,0,6.17269,323.535,0.0457578,0.342
4783000,6,38.0978,333.702,1.98957,0.346097
4784000,3,19.5849,354.91,3.46702,0.322
4785000,5,30.8106,357.806,3.05822,0.355
4786000,3,20.6961,340.502,3.05429,0.351
4787000,1,6.91953,328.2,3.81247,0.31
4788000,0,6.0061,319.982,0.229841,0.357429
4789000,3,23.8078,330.023,1.15294,0.335
4790000,3,22.786,323.131,0.455658,0.311
4791000,0,5.77929,347.421,0.515656,0.332444
4792000,1,11.3711,338.839,0.519789,0.285
4793000,0,5.84552,329.049,0.361472,0.322333
4794000,1,10.2631,344.811,0.962305,0.3195
4795000,2,12.1492,327.951,3.66266,0.346933
4796000,0,5.01011,333.416,0.656726,0.384
4797000,0,5.60073,320.925,0.0537842,0.342
4798000,4,28.2943,330.137,2.16015,0.342
4799000,1,10.7457,336.787,2.09242,0.321833
4800000,0,4.8772,327.326,0.794282,0.3335
4801000,0,5.20256,322.276,0.400039,0.344
4802000,2,16.1719,346.692,0.502488,0.344333
4803000,0,6.46206,340.848,0.01161,0.327
4804000,2,15.7697,335.708,1.14337,0.3642
4805000,1,11.6195,342.794,0.0924032,0.30625
4806000,1,11.3935,332.386,1.17405,0.293
4807000,1,10.7666,339.45,1.03443,0.3175
4808000,2,15.4552,338.984,1.4338,0.373
4809000,0,4.40256,309.172,1.184,0.329
4810000,0,5.56924,339.06,0.030884,0.33
4811000,1,10.6381,341.696,1.383,0.3402
4812000,0,5.80175,339.343,0.723864,0.292
4813000,0,5.57294,322.776,0.750792,0.314556
4814000,1,7.43086,331.71,2.36675,0.3325
4815000,2,16.6674,349.485,0.324724,0.337
4816000,1,10.5102,343.023,2.09182,0.3325
4817000,1,11.5513,332.233,0.359174,0.305
4818000,2,16.517,348.097,0.207682,0.287
4819000,2,16.0174,333.667,1.59831,0.354
4820000,5,27.9182,336.046,3.36131,0.323
4821000,3,19.916,344.056,1.50883,0.375
4822000,1,9.11939,306.177,1.09029,0.339833
4823000,1,11.8836,330.421,0.203394,0.332
4824000,0,5.99465,330.953,0.043841,0.298
4825000,4,22.0241,337.164,0.762573,0.341
4826000,2,11.9526,318.544,3.50825,0.3514
4827000,3,20.7807,347.936,1.64339,0.33325
4828000,0,4.82615,329.868,1.84358,0.3146
4829000,5,28.1619,323.042,3.16755,0.3445
4830000,0,5.86159,332.982,0.00924058,0.357667
4831000,1,10.8012,345.36,1.19978,0.352
4832000,0,5.63828,317.685,0.931406,0.327
4833000,0,6.11393,317.962,0.0172707,0.346286
4834000,0,5.70113,336.371,0.170177,0.32225
4835000,0,4.5866,344.708,1.32324,0.281
4836000,1,9.9032,336.179,1.59399,0.32975
4837000,2,17.0924,333.969,1.56773,0.333
4838000,2,12.3621,331.936,3.1212,0.35
4839000,0,5.48226,340.03,1.14686,0.322
4840000,0,6.47405,333.47,0.110558,0.3
4841000,3,19.0361,329.768,2.82627,0.314167
4842000,1,7.91802,344.724,0.995586,0.307
4843000,0,6.62741,344.957,0.0341568,0.306
4844000,2,15.3843,335.271,0.866498,0.332667
4845000,2,12.9706,344.174,1.28076,0.349417
4846000,2,17.0529,348.649,1.0306,0.33
4847000,1,10.6931,342.931,2.07038,0.314
4848000,0,5.62137,339.863,1.0791,0.3236
4849000,2,16.3693,347.638,0.607812,0.314
4850000,0,6.16475,345.86,0.57185,0.316
4851000,1,10.6147,336.001,0.981366,0.3195
4852000,0,6.22531,341.849,0.355178,0.288
4853000,1,9.29379,334.036,0.414641,0.291
4854000,1,8.81392,333.718,0.612178,0.323111
4855000,1,13.2438,353.789,0.28643,0.319
4856000,0,6.3722,327.382,0.329152,0.286
4857000,0,5.92115,329.601,0.77698,0.299
4858000,1,8.92733,337.732,0.412134,0.307
4859000,2,13.7438,339.676,4.22898,0.339
4860000,0,6.37909,314.528,0.224809,0.348
4861000,0,5.21195,320.754,1.21079,0.313
4862000,0,5.96617,332.874,0.45476,0.305
4863000,0,4.70787,335.159,0.196145,0.317
4864000,0,6.01661,346.505,0.598743,0.319545
4865000,2,16.369,341.495,1.08413,0.338647
4866000,4,26.3638,345.773,2.74797,0.351
4867000,4,20.3637,335.674,0.834923,0.332
4868000,2,17.1342,331.587,0.744443,0.325
4869000,2,13.1752,325.413,3.55484,0.342067
4870000,1,9.62241,342.417,0.313033,0.325667
4871000,0,6.10183,327.342,0.463986,0.288
4872000,0,5.91842,330.148,0.376056,0.339333
4873000,0,5.10975,297.644,1.1193,0.314
4874000,0,6.05557,307.811,0.0202016,0.331667
4875000,1,12.5523,313.991,0.0779397,0.386
4876000,0,6.29713,346.59,0.290296,0.3208
4877000,0,6.13359,342.702,0.129523,0.301
4878000,0,6.2437,327.783,0.0138927,0.278
4879000,0,6.11996,328.068,0.042736,0.33325
4880000,3,22.471,322.203,0.732529,0.348
4881000,1,11.8045,320.763,0.455076,0.388
4882000,1,11.019,330.118,0.602384,0.308
4883000,0,6.01704,337.637,0.577936,0.326429
4884000,1,12.1992,321.653,0.626875,0.340818
4885000,0,6.58313,338.091,0.0128395,0.311
4886000,0,6.40044,332.727,0.1634,0.303
4887000,3,21.7386,325.083,1.06319,0.321
4888000,0,6.11334,339.27,0.386722,0.344
4889000,1,11.6865,338.114,0.307862,0.348
4890000,2,17.5305,334.288,1.45235,0.343
4891000,3,22.1248,338.859,1.07473,0.3336
4892000,0,5.01524,339.408,1.54889,0.336
4893000,0,5.96034,338.759,0.596806,0.311
4894000,1,10.0252,333.662,1.36742,0.33975
4895000,0,5.79263,331.649,0.374076,0.32
4896000,1,10.4217,339.618,0.561939,0.317
4897000,3,24.8019,328.059,1.08746,0.303
4898000,1,11.3293,332.308,0.489887,0.3216
4899000,0,6.07059,336.869,0.520641,0.331
4900000,1,10.8439,322.49,0.55255,0.313
4901000,1,10.2845,337.939,0.902568,0.3155
4902000,0,6.14405,346.151,0.27192,0.320583
4903000,1,11.3803,314.783,1.23801,0.331
4904000,0,6.34347,307.656,0.0157408,0.33
4905000,0,5.51654,296.614,0.736193,0.343
4906000,0,6.36584,314.202,0.0091483,0.341
4907000,0,6.01866,329.755,0.464887,0.323071
4908000,2,16.7711,328.693,2.36275,0.334571
4909000,2,17.0535,313.625,0.985715,0.337667
4910000,0,5.31464,302.087,0.580956,0.347
4911000,0,5.98017,316.014,0.0222998,0.353
4912000,0,6.42324,341.553,0.296394,0.3145
4913000,1,9.67883,320.542,0.762677,0.34
4914000,0,6.39447,330.886,0.117356,0.363
4915000,0,5.60235,324.106,0.506364,0.35225
4916000,0,5.65045,327.23,0.41438,0.312
4917000,1,11.9208,320.016,0.811294,0.344
4918000,1,10.9222,305.932,0.379142,0.358
4919000,1,10.5522,328.406,0.496059,0.365
4920000,1,8.73904,336.173,1.14246,0.371
4921000,0,6.40543,328.311,0.323095,0.320333
4922000,1,7.26134,318.49,2.01384,0.318
4923000,0,6.52384,313.202,0.0659236,0.317
4924000,0,6.24158,333.083,0.432832,0.323
4925000,0,6.45035,342.1,0.235425,0.33
4926000,0,6.11462,339.002,0.594992,0.312
4927000,3,19.7916,325.711,1.19342,0.340789
4928000,1,11.7079,322.536,0.657662,0.3264
4929000,0,5.57874,338.007,0.454256,0.309889
4930000,0,5.34128,333.32,1.33555,0.3125
4931000,0,6.21701,338.15,0.468809,0.3172
4932000,0,4.86369,340.22,1.81206,0.297
4933000,1,12.7772,341.347,0.195307,0.306
4934000,1,12.0455,360.233,0.228297,0.31
4935000,2,16.4599,334.079,2.57537,0.342375
4936000,0,6.10705,331.037,0.181112,0.333
4937000,2,18.6838,337.195,1.44393,0.309333
4938000,0,6.18761,322.108,0.442517,0.321
4939000,2,17.4888,347.121,1.0712,0.2994
4940000,3,18.9791,358.298,1.24944,0.3175
4941000,2,15.1325,342.967,1.1297,0.3
4942000,1,12.5095,335.251,0.206349,0.317667
4943000,1,3.52619,330.051,0.690346,0.318
4944000,1,9.91272,351.401,1.16983,0.340667
4945000,0,6.43555,349.056,0.278272,0.298667
4946000,1,7.95444,338.373,1.79126,0.3355
4947000,10,55.6955,333.184,2.70896,0.341
4948000,2,15.1686,354.181,1.321,0.33
4949000,2,17.5821,353.885,1.70883,0.303
4950000,4,28.082,341.042,2.88814,0.326429
4951000,0,6.29535,353.008,0.0659456,0.2945
4952000,3,21.3644,341.322,1.38681,0.311
4953000,0,6.07264,341.968,0.278744,0.305
4954000,1,10.7728,347.715,0.600445,0.32475
4955000,2,10.6848,341.198,3.63291,0.325346
4956000,1,10.6004,368.207,1.39284,0.302333
4957000,1,11.2929,325.398,0.929611,0.30675
4958000,1,10.995,332.071,0.499492,0.31225
4959000,1,10.2853,349.633,0.871465,0.313
4960000,1,12.4297,357.171,0.473974,0.302
4961000,0,6.57525,340.992,0.110516,0.288
4962000,0,5.25641,322.883,1.40014,0.3244
4963000,0,6.45822,352.575,0.150043,0.323375
4964000,1,11.7323,332.39,0.0612403,0.302
4965000,0,6.6616,348.406,0.0233599,0.303
4966000,0,5.27739,340.952,1.28593,0.323
4967000,0,5.29722,332.118,1.41978,0.2945
4968000,1,10.4088,330.022,0.87686,0.381
4969000,4,20.718,336.088,3.97748,0.341
4970000,3,21.3352,321.284,2.43575,0.336
4971000,1,10.1815,306.221,0.971576,0.353
4972000,2,10.7888,325.704,1.74473,0.315167
4973000,1,10.8396,338.704,0.400115,0.314
4974000,0,5.9204,334.834,0.105198,0.308833
4975000,3,23.2131,341.386,1.29657,0.336
4976000,1,8.48678,341.851,0.973407,0.311
4977000,0,6.26789,349.384,0.477354,0.283
4978000,0,4.98827,343.766,1.72475,0.347
4979000,1,9.91683,325.679,3.14816,0.296
4980000,4,26.9459,315.082,1.85137,0.375
4981000,0,6.24556,339.313,0.325646,0.334
4982000,1,11.6551,348.598,1.67668,0.337
4983000,1,10.5674,334.009,0.893934,0.318125
4984000,0,6.49389,330.244,0.170129,0.304
4985000,4,28.9869,333.606,2.64431,0.329
4986000,0,5.85498,323.076,0.27613,0.326433
4987000,0,5.66804,329.091,1.02585,0.330286
4988000,5,30.6991,317.77,2.61751,0.342833
4989000,8,39.0906,330.136,6.55871,0.338
4990000,6,40.5215,325.849,2.75361,0.354
4991000,1,12.4631,310.739,0.514758,0.351
4992000,1,10.4243,325.134,0.77164,0.332667
4993000,0,6.01973,351.227,0.236625,0.335
4994000,4,25.3544,345.319,4.44853,0.336714
4995000,0,5.67151,334.934,0.554719,0.3015
4996000,0,6.13785,333.568,0.0301296,0.289
4997000,0,6.61318,325.219,0.0486216,0.319333
4998000,2,15.5257,320.13,1.67674,0.318
4999000,1,11.4407,339.377,0.600912,0.327
5000000,0,4.76113,321.863,1.70807,0.332778
5001000,0,5.69338,320.804,0.810752,0.349
5002000,1,12.1549,338.038,0.398733,0.324
5003000,1,8.83726,333.585,3.64138,0.3398
5004000,5,30.1708,340.39,2.87199,0.351
5005000,1,12.4819,339.96,0.378051,0.325
5006000,4,17.5966,338.059,4.36762,0.333571
5007000,2,13.0696,326.735,1.20063,0.339
5008000,1,12.7297,334.472,0.122599,0.311667
5009000,1,11.4626,320.329,0.331172,0.356
5010000,2,15.6763,318.374,0.553682,0.3446
5011000,1,11.3323,321.642,0.920042,0.3395
5012000,0,6.18712,319.028,0.434332,0.3395
5013000,0,6.03061,326.964,0.622476,0.318
5014000,0,5.63544,332.186,1.0448,0.316
5015000,0,6.42057,315.684,0.222205,0.285
5016000,0,6.53847,314.063,0.130569,0.357
5017000,2,11.7798,322.908,1.76422,0.324286
5018000,0,5.68307,322.559,0.476363,0.339
5019000,3,12.092,303.154,1.25778,0.315647
5020000,1,11.7434,314.319,1.18663,0.373
5021000,0,6.45288,332.008,0.00733588,0.289
5022000,0,6.45748,308.967,0.00828635,0.342
5023000,1,12.6368,327.82,0.683935,0.349
5024000,0,6.29206,329.887,0.255742,0.317154
5025000,0,5.96717,332.601,0.559423,0.296
5026000,0,5.21593,333.264,1.31249,0.345
5027000,0,6.36583,326.614,0.1707,0.312
5028000,0,5.52689,354.298,0.964886,0.318714
5029000,0,6.27592,332.915,0.265255,0.335
5030000,0,6.23842,356.223,0.317281,0.261
5031000,4,28.8853,347.349,3.46286,0.346
5032000,2,18.9704,334.17,0.39331,0.318
5033000,0,6.33041,342.561,0.155389,0.313
5034000,0,6.34945,334.288,0.101004,0.321
5035000,2,18.5043,314.584,0.464987,0.323647
5036000,0,5.91235,332.163,0.717656,0.310125
5037000,2,17.0902,342.084,1.62718,0.281
5038000,0,5.93663,336.944,0.594359,0.352
5039000,1,11.3309,354.372,0.607225,0.31
5040000,0,6.15764,335.365,0.37032,0.298
5041000,0,6.3863,350.193,0.110701,0.316643
5042000,0,5.82174,319.23,0.523201,0.314
5043000,1,11.465,334.663,1.48788,0.33
5044000,0,6.16309,328.846,0.369944,0.335
5045000,3,24.9228,332.541,0.726076,0.302
5046000,1,11.7917,337.984,0.879408,0.3085
5047000,1,10.6628,341.519,0.288796,0.3099
5048000,2,15.5442,328.665,0.764102,0.313
5049000,0,3.81594,329.39,0.281206,0.32
5050000,0,5.49579,324.316,0.79002,0.308
5051000,2,17.5634,333.36,1.50761,0.329
5052000,0,6.15436,323.297,0.122153,0.309
5053000,1,10.4549,326.188,1.1078,0.328
5054000,1,12.1879,322.794,0.675846,0.328
5055000,0,5.50462,306.808,0.620729,0.327952
5056000,0,6.54479,337.605,0.0408386,0.3204
5057000,0,6.49884,313.293,0.0522843,0.308
5058000,2,16.9645,329.748,0.580661,0.334
5059000,0,5.78357,321.419,0.169579,0.34375
5060000,4,25.9684,335.518,3.54079,0.317667
5061000,1,9.5948,344.547,0.260305,0.311
5062000,0,5.99641,339.318,0.648143,0.326941
5063000,0,6.54535,321.532,0.0707269,0.308
5064000,0,6.4758,317.214,0.115083,0.315
5065000,0,5.71302,318.777,0.885893,0.296
5066000,0,5.62231,323.7,0.981885,0.369
5067000,0,6.0488,348.921,0.0579283,0.3465
5068000,1,8.91243,318.063,0.767,0.306
5069000,1,13.3581,338.6,0.158817,0.321
5070000,0,6.61811,321.829,0.00498484,0.3295
5071000,0,6.21799,316.617,0.356993,0.303
5072000,1,7.80801,335.673,2.68375,0.312
5073000,1,11.6927,320.536,1.56292,0.31425
5074000,0,6.65678,325.384,0.0205653,0.312
5075000,2,16.1736,329.296,1.1271,0.312143
5076000,1,12.1176,337.692,0.397515,0.313
5077000,0,6.55084,357.276,0.182248,0.31
5078000,7,39.8606,314.092,2.44248,0.332
5079000,1,9.89048,349.025,0.48322,0.32975
5080000,0,5.51356,348.226,1.20411,0.287
5081000,1,12.9457,333.829,0.125476,0.315
5082000,5,28.8207,331.668,4.03406,0.317
5083000,4,28.3396,331.011,0.995524,0.344
5084000,0,5.66482,338.26,1.0579,0.322667
5085000,1,11.7266,306.483,0.870345,0.3125
5086000,0,5.90064,324.808,0.792693,0.323
5087000,0,6.51938,324.963,0.146242,0.307
5088000,5,31.7509,336.84,2.59641,0.377
5089000,3,24.856,349.35,0.422894,0.347
5090000,1,8.00869,338.618,0.306949,0.321
5091000,5,27.8115,326.255,2.16264,0.317
5092000,2,12.3279,340.385,0.585513,0.329
5093000,0,6.17608,344.509,0.526343,0.322
5094000,0,6.51379,321.273,0.214459,0.347333
5095000,0,5.98663,327.692,0.724493,0.342
5096000,2,17.5518,336.178,1.01381,0.332
5097000,0,6.08294,333.703,0.0891761,0.323
5098000,0,6.17902,335.478,0.516907,0.3148
5099000,0,6.15378,319.538,0.466444,0.295
5100000,1,4.90639,324.709,4.64174,0.343067
5101000,1,7.82818,327.982,3.23183,0.332
5102000,1,9.84762,344.411,2.74446,0.328
5103000,0,4.26439,348.222,1.83271,0.3432
5104000,0,4.0368,309.976,1.68521,0.359333
5105000,2,16.0871,308.291,0.991138,0.335
5106000,0,5.66749,335.186,0.338272,0.329
5107000,0,3.92562,320.363,0.0633513,0.3367
5108000,1,12.1698,315.826,0.0712661,0.332
5109000,1,6.70115,318.341,1.94491,0.334
5110000,2,7.83006,327.412,1.05726,0.325
5111000,1,7.65011,335.026,1.54048,0.317
5112000,1,9.6718,339.885,1.27145,0.3262
5113000,2,15.7834,334.299,2.92961,0.305
5114000,0,4.84178,308.818,1.18955,0.3304
5115000,0,6.4011,341.49,0.00852129,0.315
5116000,0,6.40456,334.731,0.0135104,0.273
5117000,1,11.5226,332.384,0.335352,0.291
5118000,0,5.51424,328.3,1.00676,0.332
5119000,2,16.3939,345.316,2.46914,0.3
5120000,0,6.02944,336.201,0.483567,0.297
5121000,0,6.39178,329.668,0.0959948,0.315
5122000,0,5.31333,314.329,0.0287522,0.3475
5123000,0,5.94171,308.833,0.512281,0.3352
5124000,1,10.1973,314.926,1.92053,0.349
5125000,1,10.9728,333.054,1.13513,0.341
5126000,6,39.5152,335.376,2.58846,0.329
5127000,1,11.4927,320.195,0.238453,0.338571
5128000,2,15.5704,324.264,1.66803,0.333
5129000,0,5.53134,331.644,0.211084,0.321
5130000,4,24.7146,355.406,3.23733,0.317
5131000,2,17.2726,346.213,0.99903,0.314
5132000,2,16.2495,332.664,1.06883,0.324
5133000,3,21.5146,338.743,1.54726,0.364
5134000,3,21.067,317.241,2.08132,0.34
5135000,2,16.485,339.957,1.56046,0.36
5136000,0,4.44149,311.678,0.851652,0.346929
5137000,0,3.90249,339.576,0.687049,0.326437
5138000,1,9.15508,331.652,0.921053,0.311
5139000,0,4.7817,316.57,0.573048,0.326667
5140000,3,23.4914,320.308,1.79007,0.334
5141000,2,16.8222,323.035,1.57707,0.348
5142000,0,5.01104,313.429,0.51366,0.377
5143000,0,4.56626,314.888,0.764899,0.326
5144000,2,12.7993,314.809,1.30759,0.328
5145000,0,6.48437,315.549,0.104081,0.321786
5146000,0,5.63682,336.509,0.930292,0.331091
5147000,2,13.5768,340.296,0.603848,0.316222
5148000,1,11.8466,331.599,1.02404,0.301
5149000,2,17.6244,324.669,0.768044,0.364
5150000,0,6.24685,310.957,0.188866,0.376
5151000,1,11.4115,322.515,2.00319,0.345
5152000,0,6.70208,326.645,0.00790673,0.3162
5153000,0,6.63862,331.808,0.0472231,0.282
5154000,3,22.9174,353.338,1.55824,0.279
5155000,1,11.6664,321.745,1.00073,0.334
5156000,5,27.0739,341.252,2.72231,0.351917
5157000,2,17.9636,330.477,0.410129,0.318583
5158000,0,6.03515,337.833,0.638563,0.313
5159000,1,12.1303,328.462,0.263881,0.3282
5160000,1,11.9152,340.058,1.55137,0.308
5161000,0,5.89551,326.361,0.812247,0.337
5162000,0,5.57896,329.282,1.12476,0.3295
5163000,1,11.6444,337.345,0.608898,0.367
5164000,1,12.3471,319.845,0.742467,0.320667
5165000,0,6.31528,348.766,0.279697,0.3403
5166000,0,6.1899,343.516,0.560375,0.33
5167000,0,6.3057,351.393,0.386933,0.313
5168000,0,6.11429,337.715,0.598705,0.32
5169000,0,6.36626,318.36,0.350287,0.339
5170000,0,6.62912,317.313,0.0471837,0.338
5171000,0,6.46146,326.248,0.21535,0.329
5172000,3,23.3244,336.628,1.03598,0.329429
5173000,1,10.738,342.494,0.202186,0.352353
5174000,0,6.5777,300.423,0.122488,0.322909
5175000,2,13.2893,337.897,0.791365,0.341
5176000,3,22.3558,329.512,2.11528,0.31775
5177000,0,4.55173,325.541,0.438802,0.367
5178000,0,4.9397,332.158,0.10878,0.315
5179000,1,10.1671,320.88,0.868571,0.329
5180000,0,4.90479,321.529,0.135356,0.35
5181000,1,11.4507,328.392,0.334229,0.353
5182000,0,4.60456,316.826,0.424673,0.296
5183000,0,4.58108,330.127,0.420499,0.33
5184000,0,3.48597,327.865,1.45976,0.334
5185000,1,8.60264,305.772,2.98467,0.341
5186000,1,12.1009,311.919,1.08929,0.332467
5187000,0,5.20226,332.211,0.811621,0.320538
5188000,2,15.1107,303.935,2.13563,0.378333
5189000,0,5.43619,312.898,0.291964,0.3285
5190000,5,32.7084,314.086,1.5424,0.393
5191000,0,4.25776,328.381,0.809445,0.357
5192000,1,10.488,332.931,0.588725,0.35975
5193000,0,6.00533,335.916,0.541877,0.337471
5194000,0,6.47549,351.826,0.137288,0.324
5195000,0,4.64165,340.223,0.552396,0.355333
5196000,0,4.60672,320.288,0.593953,0.355
5197000,4,16.7682,355.699,1.86113,0.326833
5198000,2,6.42753,365.816,1.95917,0.283
5199000,2,7.74204,357.142,2.91334,0.292
5200000,0,4.86734,326.24,0.357417,0.36125
5201000,0,6.28456,345.016,0.078411,0.3145
5202000,0,5.23926,344.585,1.2903,0.285
5203000,0,4.19486,341.465,2.20591,0.299
5204000,0,6.04071,339.771,0.375981,0.326
5205000,0,5.60035,338.92,0.587238,0.325
5206000,0,6.65252,340.352,0.00741959,0.311
5207000,0,6.434,326.723,0.19225,0.292
5208000,1,10.2043,312.825,1.25525,0.326
5209000,0,5.5085,331.506,1.18592,0.321
5210000,0,6.23347,332.844,0.495441,0.315
5211000,0,6.39603,342.668,0.344528,0.308
5212000,1,11.2183,319.025,0.646214,0.330889
5213000,1,11.4811,326.557,0.0904718,0.328
5214000,0,6.16285,331.582,0.182778,0.321
5215000,0,6.03119,332.691,0.277531,0.292
5216000,1,10.4391,330.715,0.810529,0.329
5217000,0,6.18663,322.425,0.0957571,0.333
5218000,2,14.6169,341.23,0.390867,0.315
5219000,0,6.42344,317.81,0.293803,0.312
5220000,3,21.3681,342.132,2.58624,0.3055
5221000,1,12.2525,339.281,0.331598,0.333
5222000,3,18.6335,325.759,1.09198,0.346682
5223000,5,33.0558,304.823,2.14896,0.368
5224000,0,6.51521,323.868,0.171302,0.3172
5225000,1,9.62809,322.966,0.587813,0.330625
5226000,3,20.003,341.094,1.27361,0.3068
5227000,0,6.42869,328.533,0.209714,0.336
5228000,0,4.63731,323.949,0.66359,0.3282
5229000,0,4.49595,314.596,0.718099,0.342
5230000,1,8.57635,341.926,2.71134,0.382
5231000,1,9.60226,338.87,0.736278,0.324
5232000,1,11.2932,339.279,0.774196,0.331429
5233000,0,4.97295,308.476,0.0714975,0.3625
5234000,1,8.53896,317.708,1.02153,0.357
5235000,2,16.0792,323.186,1.45249,0.348
5236000,3,15.4138,334.571,3.14247,0.32
5237000,3,20.4991,345.029,2.97743,0.342
5238000,3,15.4352,338.976,5.63283,0.327
5239000,1,10.5427,341.215,0.860666,0.357
5240000,4,28.4429,348.006,1.7458,0.33
5241000,1,10.2816,362.142,1.26229,0.329
5242000,1,8.32681,335.736,0.396815,0.337
5243000,0,6.61596,344.056,0.00199853,0.314263
5244000,1,11.956,337.036,0.731672,0.317
5245000,0,5.09622,345.329,1.64023,0.304611
5246000,2,17.4536,362.376,1.21962,0.294
5247000,3,23.5922,356.457,1.97485,0.286
5248000,2,17.8196,347.344,1.07561,0.315
5249000,0,4.68249,326.445,0.981799,0.330118
5250000,0,4.27882,325.595,0.347416,0.343875
5251000,0,4.7624,316.343,0.00882401,0.312
5252000,1,8.97882,312.532,0.513688,0.383
5253000,0,5.46694,323.232,0.231893,0.31975
5254000,1,7.89687,322.518,3.01789,0.371
5255000,2,16.6106,335.78,0.720646,0.337
5256000,1,12.9002,347.858,0.322371,0.31675
5257000,1,11.3153,362.213,1.05143,0.313
5258000,1,13.1661,346.02,0.430672,0.315
5259000,1,11.8106,333.491,0.362636,0.327667
5260000,0,6.66242,339.208,0.0229185,0.2895
5261000,1,12.4794,327.491,0.81898,0.279
5262000,0,6.30456,338.052,0.400719,0.311
5263000,2,16.3863,322.799,1.42615,0.31175
5264000,0,5.67514,324.565,0.682484,0.343
5265000,1,10.368,337.158,2.36952,0.283333
5266000,1,11.5448,322.076,0.796758,0.3195
5267000,2,14.8033,325.136,1.04464,0.341867
5268000,3,20.9036,332.97,1.2116,0.324
5269000,4,23.7241,326.628,3.2891,0.346
5270000,0,3.92182,315.171,1.71564,0.346867
5271000,1,10.3087,323.495,1.01679,0.34975
5272000,1,9.72745,322.984,1.77668,0.361
5273000,4,22.1387,332.357,2.82755,0.345
5274000,0,6.4326,323.753,0.276505,0.314333
5275000,0,6.44887,312.696,0.168763,0.314
5276000,2,17.2378,340.722,0.63557,0.360333
5277000,3,24.3279,326.991,1.50346,0.336
5278000,0,5.9708,326.087,0.712988,0.347
5279000,0,4.5911,331.938,0.421683,0.351
5280000,3,24.2615,346.538,0.670997,0.341
5281000,3,23.0041,342.751,1.3251,0.318
5282000,0,5.32233,336.03,1.3302,0.30925
5283000,4,28.8594,336.176,1.66188,0.323
5284000,2,19.1468,333.983,0.631772,0.378
5285000,1,10.5953,349.893,0.84847,0.304
5286000,0,4.11024,330.93,1.07231,0.344571
5287000,0,5.191,338.231,0.0894186,0.31
5288000,1,9.5814,319.329,0.853571,0.324
5289000,0,4.12791,320.728,1.22366,0.385
5290000,1,10.2499,306.488,0.829633,0.345
5291000,0,4.50875,313.844,1.16655,0.311
5292000,1,10.8542,313.574,0.266907,0.303429
5293000,0,5.60056,321.217,0.125013,0.2965
5294000,1,12.9413,323.178,0.427683,0.3325
5295000,0,5.5136,318.844,0.287714,0.3115
5296000,0,4.01748,320.542,1.78625,0.319
5297000,1,11.2943,326.903,0.489024,0.319
5298000,0,6.40977,317.76,0.191251,0.319588
5299000,1,12.3066,325.83,0.115413,0.297
5300000,0,6.05318,313.165,0.567627,0.31
5301000,0,6.20914,338.796,0.397521,0.31
5302000,1,9.97592,337.305,1.46323,0.293
5303000,0,6.24038,350.789,0.361671,0.335
5304000,1,11.8249,323.415,1.35676,0.3203
5305000,1,9.65521,337.329,2.5152,0.312
5306000,0,5.83193,343.27,0.669045,0.323867
5307000,0,6.08333,336.256,0.423599,0.306
5308000,0,5.5236,336.776,0.243911,0.345182
5309000,1,12.2071,336.763,0.36868,0.304
5310000,0,6.14271,341.063,0.563542,0.314571
5311000,0,5.89688,335.642,0.776863,0.294
5312000,1,12.1436,339.378,0.183254,0.2895
5313000,0,6.19507,331.8,0.470331,0.299
5314000,2,15.1516,330.52,0.798897,0.317286
5315000,1,5.48474,295.698,0.784958,0.365
5316000,1,11.5783,314.736,0.243932,0.413
5317000,0,5.73715,316.99,0.309109,0.35
5318000,2,11.7965,331.669,1.45644,0.3462
5319000,0,4.24222,343.99,1.49021,0.349
5320000,2,13.5263,358.919,1.56589,0.332714
5321000,7,42.2934,368.427,2.93496,0.299
5322000,0,6.5437,345.648,0.176367,0.301
5323000,1,4.01575,335.239,0.668364,0.331
5324000,1,8.97778,343.051,0.541175,0.316
5325000,4,19.6438,355.983,3.58766,0.319
5326000,3,20.0644,362.842,1.88577,0.32
5327000,0,5.79675,341.787,0.906402,0.327
5328000,5,29.4569,334.407,3.75752,0.347
5329000,1,5.78163,345.166,0.69088,0.33
5330000,1,10.5838,330.439,1.26514,0.323
5331000,1,11.1436,332.513,1.12187,0.334
5332000,2,15.5881,343.844,1.20012,0.32185
5333000,0,4.13256,335.7,2.5453,0.321
5334000,4,28.8105,350.577,2.36949,0.356
5335000,2,17.7733,336.311,0.994583,0.301
5336000,0,5.44226,339.199,0.970769,0.337211
5337000,2,15.0646,350.883,1.39967,0.344
5338000,2,13.8248,375.524,2.14758,0.307
5339000,5,26.2217,363.027,2.39058,0.303
5340000,4,27.7477,345.458,2.58279,0.3272
5341000,5,27.975,344.238,2.2171,0.335
5342000,2,14.1347,350.019,1.06011,0.33
5343000,5,32.1567,348.903,2.24615,0.333
5344000,2,12.3042,363.444,2.50159,0.3215
5345000,9,49.6844,368.266,2.52081,0.314
5346000,6,33.3441,344.537,2.89592,0.337
5347000,0,6.60652,338.03,0.103677,0.316
5348000,0,5.69781,333.184,1.00147,0.333
5349000,0,5.15825,296.457,1.00145,0.3466
5350000,0,6.59608,343.217,0.100454,0.310111
5351000,1,12.2827,334.327,0.234885,0.307333
5352000,2,16.3907,356.873,1.36051,0.332444
5353000,3,20.8058,348.106,1.40091,0.333
5354000,2,16.324,356.659,0.38372,0.319
5355000,1,10.9248,359.881,1.4266,0.317
5356000,3,15.8744,341.376,3.97146,0.304
5357000,1,12.7568,343.839,0.238789,0.3265
5358000,3,19.8876,338.073,1.04097,0.308
5359000,5,29.9971,345.95,3.68945,0.319
5360000,6,37.4647,347.918,2.55571,0.352
5361000,1,10.9225,353.522,1.08905,0.32
5362000,2,15.9104,332.181,1.32188,0.327
5363000,0,5.74797,351.095,0.796239,0.3225
5364000,0,6.35758,346.27,0.21104,0.282
5365000,1,11.3783,320.365,1.04589,0.317133
5366000,1,10.9303,328.5,1.21457,0.33
5367000,1,11.8951,336.481,0.314003,0.322
5368000,0,4.67014,347.849,1.12892,0.324
5369000,1,11.0453,338.496,0.555369,0.28
5370000,1,12.2404,346.52,0.169509,0.303
5371000,1,11.3144,337.735,1.20619,0.309615
5372000,1,10.2634,328.66,0.258224,0.308625
5373000,0,6.15318,335.012,0.369224,0.317
5374000,0,6.67533,328.594,0.0446895,0.30725
5375000,1,11.6774,331.997,0.781798,0.309
5376000,0,5.88062,332.688,0.81122,0.33
5377000,0,6.20502,337.369,0.215963,0.30825
5378000,0,5.95262,359.275,0.53072,0.331
5379000,1,12.1705,336.615,1.22717,0.3085
5380000,0,5.71281,309.403,0.664491,0.335611
5381000,0,6.30385,332.612,0.285842,0.333
5382000,0,6.18314,340.448,0.362658,0.2965
5383000,1,13.0461,338.562,0.40427,0.323
5384000,1,9.90449,346.493,1.69031,0.295
5385000,0,6.01433,348.227,0.56812,0.278
5386000,1,9.95073,354.323,0.676807,0.295
5387000,4,24.3578,353.612,3.38472,0.301182
5388000,2,16.9393,344.457,2.68943,0.314
5389000,0,6.34148,326.638,0.217826,0.323
5390000,2,11.0869,340.007,1.32015,0.318
5391000,0,6.39772,338.496,0.197804,0.285
5392000,2,14.6284,314.194,0.435064,0.34
5393000,0,5.79673,330.078,0.836278,0.319286
5394000,0,4.85752,328.035,1.6607,0.338375
5395000,2,19.1136,340.238,0.658697,0.351
5396000,0,6.49034,333.896,0.105236,0.311
5397000,1,9.79229,342.763,0.301597,0.3322
5398000,1,11.7783,334.849,0.502193,0.339
5399000,1,12.117,328.902,0.778003,0.358
5400000,1,10.0356,296.061,2.7369,0.318
5401000,0,4.84019,320.433,1.63837,0.348
5402000,0,6.27803,330.048,0.284891,0.322
5403000,0,5.83298,337.083,0.876176,0.3159
5404000,1,11.6027,330.705,0.628151,0.336773
5405000,0,6.61704,323.032,0.0624433,0.3125
5406000,0,6.28183,337.878,0.337799,0.324375
5407000,0,6.47762,329.255,0.109323,0.329
5408000,0,6.3375,340.201,0.333799,0.305333
5409000,0,6.45346,319.05,0.224005,0.314
5410000,0,6.46059,331.721,0.125044,0.340667
5411000,1,10.4282,335.956,1.38569,0.339571
5412000,1,12.0227,324.17,0.652068,0.3475
5413000,0,6.39895,324.056,0.0705719,0.326455
5414000,1,12.5252,329.306,0.111846,0.294
5415000,1,12.1022,320.695,0.357559,0.3295
5416000,1,12.09,323.809,0.388739,0.346
5417000,0,6.52589,329.57,0.124058,0.33
5418000,1,11.6477,320.458,1.10105,0.356286
5419000,0,5.37723,332.617,1.06311,0.3454
5420000,0,6.45032,346.816,0.15442,0.33225
5421000,1,11.8311,319.018,1.29286,0.3155
5422000,0,5.59221,320.443,0.553085,0.33275
5423000,1,11.1732,330.037,0.674478,0.336
5424000,4,25.3513,341.325,1.34434,0.3326
5425000,3,22.3165,323.266,2.3195,0.3365
5426000,1,10.8237,318.5,1.27938,0.376
5427000,0,3.80146,295.4,2.16711,0.342333
5428000,1,11.7815,324.809,0.8727,0.347
5429000,2,17.0836,334.816,1.4764,0.351
5430000,1,8.75239,331.116,0.789205,0.362
5431000,1,11.7883,336.951,1.06933,0.338
5432000,0,5.7273,327.508,0.449847,0.327
5433000,0,6.1333,324.533,0.397964,0.34
5434000,0,6.46042,332.288,0.0783414,0.316
5435000,0,5.67459,336.107,0.883102,0.339857
5436000,0,5.65602,342.866,0.889337,0.318
5437000,0,6.41663,328.692,0.120987,0.333
5438000,0,6.3868,312.941,0.201502,0.289
5439000,0,6.4442,327.88,0.0589443,0.327
5440000,0,5.80892,334.15,0.457612,0.312875
5441000,0,6.46843,328.008,0.0321389,0.323
5442000,0,5.55116,311.978,0.853334,0.331
5443000,0,5.59113,326.354,0.420499,0.338
5444000,0,6.39552,331.299,0.158792,0.323
5445000,0,5.75087,328.439,0.903965,0.311
5446000,0,6.22533,333.99,0.418088,0.298
5447000,0,5.66159,304.93,0.209611,0.329
5448000,2,13.3229,309.145,0.86264,0.361
5449000,2,17.2661,326.193,0.750283,0.338
5450000,0,5.94448,332.106,0.222389,0.331
5451000,1,11.5053,338.554,0.778093,0.314
5452000,0,6.08903,321.528,0.522421,0.323
5453000,0,5.96469,333.719,0.460013,0.311
5454000,1,12.1881,338.463,0.753061,0.34
5455000,0,5.79506,342.451,0.644908,0.268
5456000,1,12.0629,290.365,0.179238,0.335793
5457000,2,16.5633,319.121,0.432863,0.359
5458000,4,29.6366,324.909,1.40003,0.32465
5459000,2,18.2933,332.586,0.963845,0.356
5460000,2,15.4213,341.136,3.2404,0.348
5461000,0,5.3494,343.265,1.26141,0.349
5462000,1,8.33827,352.729,3.10257,0.304
5463000,2,15.0739,327.183,1.85041,0.342625
5464000,0,4.68809,337.014,1.83126,0.324
5465000,1,12.7441,352.348,0.426921,0.307667
5466000,1,10.9822,337.515,1.11397,0.338625
5467000,1,10.7585,324.281,0.272612,0.32
5468000,1,10.7542,324.881,1.62747,0.358
5469000,3,22.735,332.754,2.54196,0.329
5470000,3,20.1719,344.299,1.3107,0.3206
5471000,2,17.2704,369.13,1.46046,0.317429
5472000,3,21.3945,337.877,3.56698,0.323
5473000,4,28.54,350.503,2.13132,0.344
5474000,4,23.5792,347.865,1.99188,0.331
5475000,6,36.3091,339.272,2.25119,0.317
5476000,5,28.3435,335.611,4.24629,0.349
5477000,4,27.8723,322.745,1.17793,0.328333
5478000,6,33.3405,361.514,4.45432,0.34
5479000,2,14.9184,356.191,1.51536,0.319
5480000,2,16.4948,335.247,2.89164,0.344
5481000,2,13.4922,325.984,3.09128,0.327
5482000,0,5.10416,339.497,1.55535,0.32
5483000,1,9.67852,347.581,1.9633,0.327
5484000,0,6.10027,325.18,0.189806,0.3335
5485000,0,5.16328,342.301,0.249021,0.319455
5486000,0,4.95673,330.369,0.42857,0.315
5487000,2,15.9008,327.858,2.31973,0.352667
5488000,2,18.5912,328.554,0.498709,0.35
5489000,0,6.13956,329.612,0.238458,0.337
5490000,2,16.5145,331.1,1.69304,0.284
5491000,1,10.6164,316.302,1.13964,0.340864
5492000,1,11.8021,313.354,0.195425,0.335
5493000,2,15.9337,323.8,1.05224,0.321
5494000,1,9.60205,325.571,0.875704,0.37
5495000,0,5.80373,330.49,0.0936116,0.33
5496000,0,6.63445,317.924,0.0569129,0.3218
5497000,0,5.04923,323.541,0.75896,0.3345
5498000,2,17.5788,366.795,0.802694,0.322875
5499000,6,39.6415,355.979,4.43142,0.303
5500000,1,10.7624,336.787,0.818138,0.32675
5501000,1,11.9435,331.185,1.24599,0.316167
5502000,0,6.44938,338.896,0.210403,0.337
5503000,1,9.64828,349.133,0.547504,0.32825
5504000,2,14.0348,313.284,3.27098,0.343
5505000,0,5.64753,287.618,0.159201,0.3555
5506000,0,5.5994,302.082,0.181453,0.374
5507000,0,5.64686,326.195,0.932946,0.301429
5508000,0,6.29491,327.848,0.236435,0.34875
5509000,4,22.0837,351.146,2.07869,0.312
5510000,3,21.6767,344.44,1.78804,0.286
5511000,2,17.0413,346.814,1.08204,0.344
5512000,0,5.46784,327.179,1.19865,0.3215
5513000,1,11.8348,306.629,1.32472,0.318
5514000,2,16.6903,304.7,1.01523,0.343
5515000,0,3.78936,302.164,2.8187,0.349
5516000,0,6.48618,314.919,0.110702,0.349
5517000,1,12.317,323.198,0.203527,0.368
5518000,2,15.3045,309.082,0.7162,0.326
5519000,0,6.57916,328.226,0.0859277,0.333
5520000,1,10.4302,341.645,0.720174,0.326
5521000,1,11.9463,334.678,0.692625,0.309
5522000,2,14.7508,332.285,0.924577,0.336
5523000,0,5.96059,308.724,0.632821,0.367
5524000,0,6.4924,331.28,0.115968,0.3
5525000,0,5.31319,344.979,1.3071,0.297
5526000,0,6.08953,323.209,0.507576,0.303
5527000,0,5.84189,336.81,0.627543,0.33375
5528000,0,5.64536,345.279,0.819084,0.274
5529000,0,5.36406,348.85,1.13554,0.312
5530000,2,16.8183,363.893,1.59186,0.299
5531000,1,11.3638,361.798,1.12601,0.308
5532000,1,9.79684,356.505,0.884218,0.313833
5533000,1,11.7394,341.687,0.738582,0.3055
5534000,5,35.1669,349.006,2.86437,0.356
5535000,1,11.1223,339.063,1.1605,0.345
5536000,1,9.9175,334.097,2.09542,0.309
5537000,5,27.7,342.398,4.50948,0.317
5538000,7,41.4414,354.444,4.55156,0.345
5539000,7,44.4481,352.137,3.83985,0.317
5540000,3,23.2945,355.444,0.759563,0.312818
5541000,2,14.8054,327.665,1.96952,0.295778
5542000,0,5.28023,301.383,0.203911,0.338472
5543000,0,5.38538,309.585,0.0969586,0.355
5544000,9,50.3164,344.49,7.30237,0.30425
5545000,0,5.58429,335.897,0.690975,0.353
5546000,2,14.6491,347.177,1.75095,0.309
5547000,3,19.5589,317.402,1.84143,0.33625
5548000,0,6.6118,334.689,0.049609,0.3125
5549000,0,6.08877,315.075,0.201291,0.3335
5550000,1,11.0671,311.765,1.30197,0.363
5551000,0,5.86618,334.553,0.584555,0.329
5552000,0,5.92518,325.946,0.486716,0.318
5553000,1,7.33999,344.93,1.93992,0.343167
5554000,2,14.1664,353.5,1.51026,0.316
5555000,0,5.36132,331.452,0.204472,0.316
5556000,1,10.3037,353.971,0.659926,0.292
5557000,0,5.9152,331.098,0.418352,0.3322
5558000,5,26.4051,330.416,2.79262,0.333
5559000,0,5.98823,336.808,0.391156,0.348
5560000,0,5.01289,325.896,1.04113,0.323
5561000,0,5.49746,307.114,0.48332,0.334
5562000,1,11.8222,333.34,0.975643,0.311714
5563000,0,5.10669,338.165,1.56314,0.312
5564000,1,12.0302,334.505,0.757564,0.311
5565000,0,5.73268,351.403,1.01698,0.306
5566000,0,6.21112,328.237,0.477935,0.298
5567000,1,12.4552,327.522,0.911699,0.321
5568000,0,6.29097,346.057,0.44375,0.302
5569000,0,4.69469,343.994,2.03708,0.308
5570000,0,6.68392,336.295,0.0564825,0.333
5571000,0,5.83484,325.439,0.308367,0.334
5572000,0,5.78736,326.486,0.351278,0.309
5573000,7,41.6515,339.02,2.89299,0.354
5574000,1,12.3551,343.292,0.0947789,0.357
5575000,1,10.8909,332.652,2.35612,0.3164
5576000,1,10.3391,339.851,0.881379,0.354
5577000,4,26.1125,349.91,0.860465,0.323
5578000,2,15.9794,340.999,2.92165,0.327
5579000,1,11.2836,328.944,1.49608,0.376
5580000,0,5.27135,339.146,0.997636,0.315
5581000,2,13.3764,329.782,1.25418,0.336
5582000,2,12.5714,326.435,2.91057,0.355
5583000,1,11.3639,330.832,0.327354,0.338
5584000,0,5.977,327.377,0.18226,0.294
5585000,1,10.5572,335.746,0.435993,0.315
5586000,2,16.6237,336.422,1.08372,0.319
5587000,5,30.8425,324.974,2.72182,0.359
5588000,2,18.2988,330.963,0.57986,0.353
5589000,0,5.50343,317.67,0.649921,0.344758
5590000,1,10.1414,305.128,1.8445,0.336039
5591000,0,5.50024,318.497,0.701602,0.334333
5592000,0,5.78344,339.934,0.0636398,0.335667
5593000,1,11.5579,324.328,1.57723,0.340882
5594000,0,5.93091,321.666,0.588427,0.321
5595000,0,4.73993,321.724,0.956988,0.316667
5596000,0,6.14827,346.548,0.532843,0.3195
5597000,0,6.00717,323.449,0.226535,0.310667
5598000,0,6.22066,339.633,0.0550535,0.301
5599000,4,27.0778,337.213,2.89842,0.357
5600000,1,9.89052,339.249,1.44235,0.351
5601000,0,6.21333,329.723,0.0807234,0.328455
5602000,0,6.10823,320.238,0.173118,0.308
5603000,2,16.5299,332.855,0.137154,0.330333
5604000,0,5.89889,323.592,0.654262,0.304625
5605000,0,5.10594,315.785,1.07216,0.3375
5606000,2,17.3246,328.472,1.1248,0.33525
5607000,2,15.0323,315.791,1.1528,0.347
5608000,0,6.50207,326.548,0.12637,0.31975
5609000,2,15.4275,353.519,0.56425,0.3225
5610000,1,11.6446,332.584,0.282835,0.3125
5611000,1,10.3437,340.141,1.97938,0.317
5612000,0,6.33713,337.281,0.00257814,0.323286
5613000,1,11.3697,335.049,1.24346,0.325
5614000,0,4.37103,330.326,1.89173,0.353
5615000,0,5.53449,335.788,0.835536,0.305
5616000,3,21.018,334.97,2.1522,0.326
5617000,0,5.67159,347.773,0.628189,0.324
5618000,0,6.14191,323.697,0.0627069,0.339
5619000,0,6.25357,333.421,0.0742669,0.3425
5620000,0,5.25787,341.614,1.35036,0.326111
5621000,0,6.34153,334.838,0.00121699,0.321
5622000,0,6.31247,343.177,0.0568907,0.294
5623000,3,21.5769,338.368,1.46854,0.373
5624000,2,12.7826,339.087,1.42806,0.343
5625000,3,19.2218,324.391,0.641348,0.334
5626000,2,12.8278,324.286,1.35726,0.347
5627000,3,20.2307,330.596,1.5048,0.346
5628000,0,6.40476,345.499,0.0261837,0.3263
5629000,0,6.3179,333.829,0.152353,0.285
5630000,1,12.2201,345.683,0.330862,0.33
5631000,0,5.25192,323.577,0.0262458,0.338889
5632000,0,4.90188,321.759,0.433755,0.315
5633000,0,6.00557,322.601,0.0864637,0.331333
5634000,0,5.97551,321.469,0.593714,0.320286
5635000,1,11.2131,325.091,0.438735,0.348
5636000,0,5.77483,322.123,0.629263,0.346
5637000,3,23.3427,331.474,1.17812,0.325286
5638000,0,5.74191,341.262,0.0949459,0.37
5639000,1,11.2229,330.537,0.621167,0.311
5640000,1,12.375,339.662,0.782376,0.332
5641000,1,7.81572,342.336,1.02366,0.338333
5642000,3,17.7654,316.146,2.86899,0.387
5643000,1,10.1344,332.452,0.404119,0.3467
5644000,0,5.5238,327.166,0.0311445,0.315
5645000,0,3.65331,315.513,1.46253,0.346462
5646000,1,10.2875,318.45,1.61136,0.373
5647000,1,8.08813,323.419,2.94535,0.375
5648000,0,5.82901,326.826,0.574418,0.323625
5649000,2,10.8006,344.103,3.10632,0.316
5650000,0,5.9182,338.89,0.516817,0.302
5651000,0,5.88368,337.855,0.508004,0.295
5652000,1,8.94064,323.251,1.18622,0.345
5653000,2,12.3088,343.024,0.353551,0.363
5654000,2,7.20234,345.629,4.09861,0.295
5655000,6,28.9292,337.332,6.09046,0.336
5656000,4,17.2947,319.058,2.69455,0.35
5657000,2,14.5116,318.723,2.53317,0.355
5658000,4,22.7549,319.813,4.18211,0.381
5659000,1,11.2947,334.507,0.149862,0.354
5660000,1,9.91902,302.24,1.33546,0.353923
5661000,0,5.95853,314.968,0.0364381,0.3365
5662000,2,16.3919,329.357,2.12897,0.361
5663000,1,11.9001,316.744,0.285074,0.36
5664000,1,10.8933,328.448,1.17386,0.367
5665000,1,7.43351,325.964,3.08779,0.342
5666000,0,5.58203,326.102,0.511196,0.352
5667000,0,6.30953,328.041,0.115459,0.325313
5668000,3,22.3875,314.694,1.87665,0.357
5669000,0,6.11523,318.531,0.292465,0.352
5670000,0,4.87055,332.72,1.56513,0.301
5671000,0,5.16869,342.857,1.31373,0.335
5672000,0,5.40176,332.408,0.445758,0.348393
5673000,0,5.56253,328.934,0.108421,0.352923
5674000,0,6.31112,338.238,0.143586,0.311333
5675000,0,5.96249,328.747,0.11538,0.316
5676000,0,6.1649,331.762,0.193513,0.3155
5677000,0,6.09709,335.811,0.0995151,0.312
5678000,2,17.4872,333.156,2.16806,0.3305
5679000,1,10.9844,340.356,0.740783,0.3285
5680000,2,13.7751,335.656,2.48249,0.336857
5681000,0,6.08451,329.895,0.110943,0.33125
5682000,2,15.8752,335.053,2.55972,0.345
5683000,3,17.1947,341.66,1.74531,0.336
5684000,2,13.8017,346.642,1.47645,0.343
5685000,1,10.2712,343.645,1.18364,0.315
5686000,0,6.30801,335.497,0.141134,0.309
5687000,1,9.25228,330.256,1.20778,0.33
5688000,0,6.14159,342.374,0.26997,0.292
5689000,1,10.0282,345.335,1.42288,0.3222
5690000,1,8.3403,333.654,0.877886,0.318917
5691000,0,6.09795,318.289,0.449694,0.328636
5692000,0,6.00914,341.735,0.459211,0.30575
5693000,2,15.6286,339.855,1.80572,0.321
5694000,1,10.8256,350.471,2.1207,0.312
5695000,1,11.9842,331.931,0.257581,0.3288
5696000,0,6.15522,320.079,0.349008,0.3134
5697000,0,6.21152,336.315,0.244065,0.317
5698000,2,15.7409,342.183,1.68447,0.3
5699000,0,5.61859,345.462,0.840855,0.318
5700000,1,10.3135,322.197,2.02517,0.337
5701000,0,4.7923,335.337,1.73626,0.3488
5702000,4,29.3383,336.812,1.07589,0.301
5703000,0,6.03618,330.24,0.386852,0.317
5704000,0,5.27243,303.643,0.37466,0.338
5705000,2,15.0353,329.107,1.54096,0.317
5706000,0,5.24108,335.181,0.391119,0.353
5707000,0,4.83973,310.493,0.708084,0.373
5708000,0,5.68741,309.964,0.667188,0.3395
5709000,0,5.82404,308.15,0.463141,0.321
5710000,3,21.5192,331.014,1.46401,0.35
5711000,2,13.6094,340.109,0.947628,0.347
5712000,0,5.67584,320.122,0.0387921,0.325043
5713000,0,5.99845,333.53,0.271112,0.347
5714000,0,5.8147,321.924,0.407118,0.349
5715000,0,5.96085,329.637,0.381933,0.352
5716000,1,9.76766,335.406,0.701043,0.34325
5717000,0,3.89338,316.633,1.7977,0.34
5718000,1,9.46496,312.74,2.05579,0.355
5719000,0,6.26556,338.48,0.0863409,0.3115
5720000,0,3.68366,351.413,2.71046,0.331
5721000,2,16.299,349.998,1.38434,0.386
5722000,2,17.981,357.644,0.335176,0.307
5723000,1,11.4717,355.963,1.51892,0.332
5724000,0,6.40584,348.979,0.0167869,0.294
5725000,4,26.1803,336.868,2.46268,0.350667
5726000,3,20.6461,349.467,1.43681,0.355875
5727000,2,15.86,325.469,1.4473,0.357
5728000,1,11.579,329.959,0.653014,0.361
5729000,2,15.7399,327.782,2.36893,0.344923
5730000,5,27.9212,341.773,1.81942,0.3498
5731000,5,30.8713,333.602,4.70169,0.3425
5732000,1,11.0794,340.994,0.213191,0.339625
5733000,0,5.6329,335.809,0.107214,0.3348
5734000,1,10.3994,327.474,0.64343,0.322
5735000,3,21.2659,351.453,1.44034,0.329667
5736000,4,24.5079,342.239,4.99051,0.333
5737000,3,18.7316,340.844,0.51394,0.339667
5738000,5,17.1133,331.768,7.32215,0.318
5739000,3,18.2598,342.241,1.59717,0.353
5740000,1,12.4411,322.903,0.271483,0.326889
5741000,3,16.1046,334.516,2.75787,0.340182
5742000,2,14.1575,339.255,0.659608,0.335
5743000,3,21.0514,356.773,1.59445,0.322
5744000,2,13.1885,354.215,1.09441,0.34
5745000,9,50.6368,343.824,6.21861,0.331
5746000,5,32.441,355.776,2.75074,0.337
5747000,2,17.5067,343.362,1.14759,0.318
5748000,1,11.9932,326.983,0.158855,0.33575
5749000,4,27.3487,343.833,1.54328,0.358
5750000,3,22.0415,353.402,2.03874,0.331
5751000,2,17.4238,347.12,0.653968,0.374
5752000,1,11.5854,359.996,0.796461,0.333
5753000,5,26.1426,360.328,3.10826,0.291
5754000,0,6.20424,308.763,0.241667,0.329833
5755000,0,6.02488,322.304,0.474804,0.324
5756000,1,12.6234,309.549,0.518331,0.336
5757000,1,12.4425,316.75,0.63366,0.333
5758000,2,11.1644,346.591,3.31303,0.335
5759000,1,12.4009,334.554,0.767501,0.347
5760000,0,5.82366,319.255,0.631091,0.309
5761000,2,17.8958,319.378,1.03882,0.371
5762000,2,17.4828,295.022,2.26345,0.367
5763000,1,12.31,335.34,0.724871,0.365
5764000,0,5.90204,326.948,0.646627,0.279
5765000,2,8.6856,320.274,3.21626,0.339833
5766000,2,10.8946,331.505,1.5749,0.361
5767000,2,13.9263,330.044,3.03392,0.328071
5768000,2,10.4328,335.613,1.44284,0.357
5769000,3,18.0379,325.235,1.10211,0.327
5770000,2,14.9691,344.447,1.56225,0.356
5771000,4,23.539,325.386,3.6842,0.345
5772000,1,10.0987,337.536,0.285246,0.345515
5773000,1,5.3301,329.432,2.76832,0.387
5774000,4,20.2088,337.622,1.79733,0.365
5775000,0,4.73231,332.191,0.962452,0.346
5776000,0,5.60933,318.771,0.00565972,0.315
5777000,4,25.3836,323.335,3.41964,0.316
5778000,4,26.7548,331.878,2.28361,0.327
5779000,3,19.9951,322.66,1.58139,0.382
5780000,1,11.0958,357.17,0.502616,0.347
5781000,0,4.76308,325.094,0.958256,0.333
5782000,0,4.73827,329.537,0.347958,0.337
5783000,0,4.79713,327.386,0.187087,0.315
5784000,0,5.29283,339.093,0.361126,0.30275
5785000,0,5.52525,347.286,0.0967603,0.315
5786000,2,16.6231,335.985,1.61805,0.326
5787000,0,5.30151,344.136,0.359983,0.334
5788000,1,12.3916,331.358,0.0812316,0.330083
5789000,1,9.02695,333.196,2.48387,0.333
5790000,0,5.37307,328.021,0.305381,0.351
5791000,0,5.45705,341.602,0.443249,0.313
5792000,0,4.973,331.133,0.940882,0.299
5793000,0,5.36831,323.523,0.406905,0.327
5794000,0,5.15107,337.641,0.620029,0.319
5795000,2,16.8876,342.952,1.35587,0.319857
5796000,0,5.79813,343.853,0.149341,0.315
5797000,3,18.1452,343.067,1.59797,0.336
5798000,6,31.1614,352.893,7.42452,0.307
5799000,6,29.1066,342.814,1.45741,0.347
5800000,4,25.0757,354.315,1.05902,0.309
5801000,4,27.7658,325.967,2.84555,0.3214
5802000,2,15.86,349.304,1.13821,0.356
5803000,2,13.25,341.82,0.753969,0.321
5804000,8,43.1969,331.793,3.62776,0.386
5805000,9,49.003,346.989,4.60894,0.316
5806000,3,16.925,345.037,2.24642,0.34
5807000,6,31.4843,341.543,5.39238,0.337
5808000,4,25.0923,349.912,2.33958,0.331357
5809000,2,15.8319,348.852,0.519723,0.32
5810000,0,5.85475,324.08,0.368298,0.338333
5811000,1,11.491,321.017,1.00471,0.330364
5812000,1,9.87138,329.288,0.549692,0.307
5813000,0,5.33776,335.868,1.27353,0.31275
5814000,3,19.9567,323.982,2.11577,0.327
5815000,7,37.48,325.156,3.9499,0.356333
5816000,11,65.7962,341.889,4.16099,0.343158
5817000,0,6.15834,329.672,0.477214,0.327667
5818000,2,15.7068,359.02,1.74939,0.271
5819000,2,14.3195,348.399,1.90834,0.305
5820000,0,6.03353,350.541,0.611984,0.291
5821000,0,6.15178,339.869,0.57228,0.26
5822000,0,5.55844,327.219,0.845855,0.317429
5823000,0,5.37754,328.327,0.268547,0.324429
5824000,1,9.78442,341.055,1.12794,0.371
5825000,4,23.0883,333.327,5.27462,0.354
5826000,0,5.34673,342.516,0.324817,0.307
5827000,0,6.45323,317.958,0.0309952,0.314235
5828000,0,6.13678,340.406,0.212526,0.288857
5829000,3,17.3551,353.887,2.671,0.338333
5830000,0,6.1826,323.491,0.353686,0.319333
5831000,1,8.39474,333.594,1.84062,0.315
5832000,0,5.23667,329.089,0.484186,0.339667
5833000,0,5.51623,320.76,0.201261,0.295
5834000,0,6.16731,323.704,0.360244,0.308333
5835000,0,5.48187,323.239,0.321488,0.3475
5836000,0,6.34224,359.066,0.32152,0.322
5837000,1,10.3532,355.323,1.27694,0.303
5838000,0,6.3151,332.77,0.305685,0.286
5839000,0,4.65378,332.014,1.08468,0.329
5840000,0,5.3232,317.478,0.43881,0.341
5841000,1,10.2607,320.02,0.841266,0.332632
5842000,0,6.54485,342.736,0.027284,0.319929
5843000,3,21.5183,341.824,0.82653,0.359667
5844000,1,8.99414,321.008,0.745432,0.345
5845000,0,5.42691,342.987,0.570998,0.335
5846000,0,5.81852,326.546,0.411107,0.31175
5847000,0,6.07517,315.758,0.144425,0.33
5848000,2,17.1986,341.284,0.900716,0.349
5849000,0,5.94026,349.274,0.719228,0.309
5850000,0,5.9992,333.697,0.64632,0.301
5851000,0,5.57092,331.762,1.08036,0.318
5852000,0,6.56285,330.055,0.0813044,0.314
5853000,0,5.84009,306.692,0.00368811,0.346125
5854000,0,6.62151,345.048,0.0329639,0.3045
5855000,3,21.4132,321.209,1.36119,0.339571
5856000,0,4.80372,331.829,1.11471,0.328333
5857000,3,21.8585,318.97,1.56962,0.319
5858000,0,6.08698,324.696,0.0101152,0.3322
5859000,2,17.3714,335.382,1.29603,0.349
5860000,0,6.01915,328.99,0.0480147,0.307
5861000,0,5.77666,319.586,0.304929,0.382
5862000,1,11.0127,318.412,1.05465,0.327
5863000,2,14.5433,332.166,2.02647,0.332167
5864000,0,6.01028,305.311,0.0245177,0.3615
5865000,4,28.4475,322.63,1.73017,0.38
5866000,2,11.2834,326.637,4.60139,0.365
5867000,1,10.1514,338.36,2.01618,0.322
5868000,4,28.2251,349.114,1.9191,0.343
5869000,2,14.4129,355.022,0.721675,0.35
5870000,1,11.2765,349.554,1.43818,0.332
5871000,0,5.72648,329.281,0.422537,0.305
5872000,0,4.57168,319.135,1.62182,0.334
5873000,0,5.77523,319.098,0.199602,0.344882
5874000,2,16.661,342.947,2.219,0.3375
5875000,1,10.8136,332.188,0.692619,0.3345
5876000,1,10.5975,327.732,1.32355,0.3415
5877000,3,17.7094,325.916,1.64808,0.336
5878000,0,5.39089,316.379,0.765057,0.369
5879000,0,5.89624,330.364,0.269747,0.306
5880000,0,5.87246,319.237,0.0579104,0.34044
5881000,0,5.70998,325.249,0.286061,0.317
5882000,0,5.50661,314.07,0.127266,0.337714
5883000,1,12.8562,324.036,0.208437,0.33125
5884000,0,6.32154,320.818,0.247466,0.346
5885000,0,5.68796,333.527,0.916883,0.287
5886000,0,5.41781,327.743,0.275276,0.347
5887000,0,5.80067,324.707,0.112842,0.327833
5888000,0,6.13408,320.986,0.238061,0.344556
5889000,0,4.91832,317.577,0.729717,0.35
5890000,1,12.3021,323.582,0.0814155,0.32
5891000,1,10.3059,314.015,0.351733,0.3255
5892000,2,14.4974,320.615,0.11605,0.348
5893000,3,22.4991,343.999,1.36206,0.358
5894000,2,16.2649,343.491,1.3526,0.335
5895000,1,11.9265,313.729,0.314443,0.3372
5896000,0,4.53994,324.404,1.41101,0.3405
5897000,0,6.12523,328.589,0.138201,0.352
5898000,0,6.25128,354.051,0.162515,0.299
5899000,0,6.01339,324.096,0.468645,0.326571
5900000,0,6.18941,315.784,0.25777,0.349
5901000,0,5.65414,330.443,0.861454,0.314
5902000,0,5.95009,340.12,0.380075,0.346538
5903000,0,5.3661,342.415,0.806544,0.288
5904000,5,33.5794,336.68,3.62725,0.331
5905000,2,16.5749,339.088,1.4651,0.357
5906000,5,28.2198,336.195,2.43209,0.331
5907000,5,28.3562,329.709,4.66488,0.328
5908000,0,5.8571,339.983,0.542224,0.327154
5909000,5,35.9006,333.914,1.58775,0.3535
5910000,6,37.6599,331.06,3.03295,0.371
5911000,6,38.4571,332.653,3.11466,0.391
5912000,1,11.2175,326.013,0.508867,0.342
5913000,1,10.2684,332.966,1.27802,0.3318
5914000,1,11.0287,325.266,1.15619,0.337
5915000,0,5.9028,325.176,0.249377,0.331857
5916000,0,4.12019,330.563,0.0272224,0.308
5917000,0,3.41553,335.593,0.739571,0.328
5918000,3,20.4942,337.081,0.79805,0.293
5919000,0,3.6807,340.416,0.474079,0.295
5920000,0,6.19448,331.382,0.252407,0.356
5921000,0,5.76467,322.649,0.614783,0.33
5922000,0,3.7468,341.164,0.412166,0.318333
5923000,0,6.34922,335.412,0.310098,0.312
5924000,1,11.6902,342.177,0.956197,0.340333
5925000,1,11.9765,340.33,1.29384,0.2955
5926000,0,5.68307,342.446,0.719249,0.309
5927000,4,30.6851,342.024,0.866322,0.317
5928000,1,10.5974,326.916,0.616956,0.334
5929000,0,5.98185,332.822,0.413494,0.325
5930000,0,6.36574,338.967,0.106976,0.346909
5931000,1,10.0317,339.854,2.13839,0.317
5932000,0,6.04286,341.898,0.167402,0.327
5933000,1,9.18444,358.7,0.189513,0.2935
5934000,1,8.22758,334.987,1.83551,0.32
5935000,0,5.44632,322.139,0.547451,0.3224
5936000,1,11.4876,328.513,0.911678,0.33975
5937000,2,18.396,346.611,1.0117,0.311
5938000,4,25.5044,356,3.63487,0.358
5939000,0,4.81836,324.43,0.591555,0.337
5940000,0,4.81109,345.714,0.597864,0.301
5941000,0,5.45797,327.945,0.771159,0.329571
5942000,0,6.15603,332.27,0.521761,0.324667
5943000,1,8.55629,338.326,2.58475,0.3405
5944000,0,6.30389,327.538,0.0134667,0.285
5945000,1,9.7397,339.615,0.964219,0.336
5946000,0,5.83409,336.113,0.0538063,0.310833
5947000,0,3.28348,332.535,1.76797,0.311
5948000,3,21.2643,366.35,1.63511,0.3115
5949000,4,29.1574,367.779,1.65939,0.276
5950000,1,10.2361,353.898,2.04921,0.294
5951000,7,41.5492,334.146,8.33032,0.332333
5952000,2,14.5451,324.797,2.6223,0.338
5953000,2,14.9091,320.467,0.646231,0.3326
5954000,2,12.8457,326.582,3.21917,0.349
5955000,2,12.8903,334.376,0.954954,0.338
5956000,1,10.8344,339.956,0.0197586,0.320111
5957000,0,4.85132,329.436,1.46728,0.317
5958000,4,25.1179,346.411,1.78998,0.327667
5959000,4,25.3968,344.692,2.08846,0.32
5960000,2,17.1097,350.725,1.09264,0.325
5961000,2,17.3348,344.013,0.818322,0.305
5962000,5,30.3108,366.732,4.61016,0.349
5963000,1,12.6541,341.533,0.105699,0.326333
5964000,2,18.1965,334.457,1.13415,0.324
5965000,0,5.66641,333.89,0.575448,0.316
5966000,0,6.10608,333.93,0.133439,0.317
5967000,0,6.2538,341.593,0.223329,0.322765
5968000,0,5.80235,343.624,0.254512,0.3145
5969000,3,22.8344,336.065,1.84428,0.353
5970000,1,5.68955,307.509,1.69121,0.336
5971000,3,20.3443,304.756,2.12512,0.335889
5972000,1,11.9334,326.9,0.73785,0.324
5973000,0,6.31555,318.731,0.163195,0.356167
5974000,1,10.2155,343.38,1.01548,0.3
5975000,3,22.5922,319.585,2.97097,0.34165
5976000,0,6.43075,305.131,0.124231,0.340167
5977000,0,4.07199,339.587,2.45837,0.322
5978000,0,5.73182,348.402,0.809283,0.313
5979000,1,7.4328,356.083,2.51949,0.303
5980000,1,8.83691,331.142,2.08242,0.352
5981000,1,8.91028,339.452,0.574914,0.373
5982000,0,4.16551,323.442,0.789549,0.327667
5983000,2,17.449,338.289,0.432301,0.312
5984000,0,4.87707,334.035,0.727703,0.313
5985000,0,6.04326,339.811,0.140753,0.345154
5986000,0,4.62198,339.31,1.50892,0.3315
5987000,1,12.8031,331.212,0.578639,0.33
5988000,0,6.48039,339.895,0.197302,0.306
5989000,0,6.4239,339.85,0.252077,0.31
5990000,0,6.3875,328.968,0.184392,0.31125
5991000,3,22.6652,351.12,2.13868,0.324
5992000,0,6.22129,340.526,0.25556,0.324
5993000,0,5.62378,345.969,0.876313,0.307
5994000,1,10.666,337.627,0.855612,0.306
5995000,1,13.0348,338.479,0.349969,0.3
5996000,2,16.4886,344.209,2.96028,0.319
5997000,4,28.2943,355.058,1.41028,0.337
5998000,2,11.908,347.731,1.02185,0.323
5999000,3,18.268,339.735,2.03903,0.345
6000000,4,27.6683,354.489,2.65436,0.331
6001000,4,24.647,347.492,2.07308,0.334
6002000,3,21.4162,351.343,2.64333,0.368
6003000,2,18.4784,342.617,1.06443,0.32
6004000,0,5.93658,315.181,0.157539,0.330069
6005000,0,5.45466,308.794,0.597384,0.366
6006000,2,14.1857,320.039,0.705881,0.313
6007000,1,9.90589,321.401,1.53062,0.34
6008000,1,10.8059,323.774,1.15528,0.369
6009000,0,5.86426,329.2,0.171272,0.373
6010000,3,21.7235,328.702,2.75611,0.304
6011000,3,16.7496,302.535,2.12109,0.31245
6012000,2,17.598,327.438,2.22193,0.339
6013000,0,6.49822,316.103,0.200736,0.341
6014000,2,17.9599,336.322,0.531008,0.322182
6015000,2,17.0104,331.252,1.49424,0.305
6016000,2,14.3593,328.016,2.77993,0.325
6017000,1,10.8877,339.63,0.29309,0.348
6018000,0,6.39818,341.382,0.320635,0.3162
6019000,0,6.62821,330.852,0.0830236,0.281
6020000,4,22.4525,329.02,1.58944,0.318
6021000,1,12.3383,332.632,0.486472,0.3075
6022000,0,6.24197,355.838,0.483389,0.31
6023000,1,13.1014,358.341,0.338222,0.304
6024000,2,19.0673,358.618,0.555217,0.315
6025000,0,5.7607,340.071,0.60532,0.325
6026000,0,6.2498,335.022,0.092143,0.329892
6027000,0,6.41405,332.753,0.286754,0.309667
6028000,1,8.98606,331.389,0.299808,0.3095
6029000,0,4.04228,328.79,0.110429,0.267
6030000,1,12.1904,340.967,1.00632,0.319643
6031000,0,5.09323,347.394,1.57452,0.329
6032000,1,11.2796,356.121,1.70953,0.276
6033000,3,16.1083,354.72,1.97781,0.318
6034000,0,6.38283,336.646,0.0900041,0.302
6035000,2,19.0102,347.38,0.838914,0.339
6036000,1,10.9386,313.823,1.92603,0.318333
6037000,0,6.56109,325.942,0.0928586,0.352
6038000,2,14.9322,338.089,1.7399,0.309
6039000,0,6.46291,329.165,0.134323,0.311
6040000,2,16.0154,339.604,1.63083,0.337
6041000,0,5.64344,326.978,0.941722,0.318
6042000,1,12.6739,337.034,0.422628,0.308
6043000,4,27.7212,313.939,3.14725,0.336
6044000,0,5.42241,331.384,1.28252,0.32
6045000,0,5.71312,337.72,0.979912,0.313
6046000,0,5.98755,319.507,0.47283,0.32075
6047000,2,13.6631,334.289,0.57197,0.335818
6048000,0,5.83581,346.74,0.0156664,0.312
6049000,1,12.7954,336.92,0.77107,0.33125
6050000,1,11.2565,336.745,0.503411,0.329818
6051000,0,5.52385,303.715,0.00309696,0.339667
6052000,1,11.5673,341.878,1.75322,0.3335
6053000,1,10.7568,350.089,1.14487,0.336429
6054000,1,9.44589,360.779,1.40068,0.332
6055000,0,6.17333,339.073,0.332061,0.283
6056000,0,6.40019,334.084,0.0158688,0.336
6057000,0,5.1525,334.834,1.56597,0.318375
6058000,2,17.0589,327.086,0.832325,0.318
6059000,0,5.49993,315.996,1.17412,0.349
6060000,0,6.36349,336.098,0.257514,0.31325
6061000,1,12.9403,328.807,0.230905,0.297
6062000,0,5.33786,338.911,1.23657,0.321
6063000,1,12.1595,341.01,0.323764,0.313
6064000,3,23.4295,350.724,1.17805,0.318
6065000,1,11.7506,339.236,1.37704,0.344
6066000,0,6.33171,319.543,0.187408,0.315
6067000,2,15.9656,343.969,1.92779,0.316875
6068000,1,11.8584,351.774,0.762365,0.313
6069000,0,6.31004,333.993,0.291162,0.291667
6070000,0,6.38762,342.522,0.25642,0.277
6071000,1,12.4124,357.532,1.05457,0.276
6072000,4,25.409,344.122,2.96052,0.326
6073000,1,9.90166,357.54,1.87547,0.291
6074000,1,9.38299,341.266,0.863067,0.298
6075000,0,6.02277,345.079,0.68343,0.313286
6076000,2,13.2566,343.831,5.40875,0.34316
6077000,3,21.5304,351.205,1.95196,0.353
6078000,0,6.1949,342.138,0.521396,0.318333
6079000,2,12.0281,350.282,3.24614,0.276
6080000,0,5.99255,327.326,0.0338754,0.315
6081000,0,5.90272,322.392,0.165071,0.324
6082000,0,5.46458,322.921,0.468803,0.341
6083000,0,6.46834,333.623,0.14618,0.332259
6084000,0,5.30399,329.693,0.722618,0.307
6085000,0,6.10944,322.207,0.458519,0.319
6086000,1,12.7888,326.461,0.358979,0.337
6087000,5,32.3251,329.605,1.53864,0.361
6088000,1,12.0411,322.736,0.486843,0.33
6089000,1,11.4178,341.614,0.814545,0.314867
6090000,4,27.3262,342.42,2.14528,0.315
6091000,3,22.8106,335.062,0.892789,0.312
6092000,3,24.316,334.631,1.27226,0.367
6093000,0,5.62308,322.564,0.286195,0.3358
6094000,0,5.68661,334.613,0.184589,0.33
6095000,1,9.28757,336.749,2.3769,0.32
6096000,0,4.70912,351.648,1.00232,0.318882
6097000,2,12.6579,333.879,4.05478,0.3175
6098000,4,25.0901,333.435,3.03226,0.329727
6099000,1,12.6777,335.501,0.90959,0.34
6100000,0,6.67834,334.734,0.0585563,0.308
6101000,0,6.32985,332.725,0.402771,0.267
6102000,0,5.48919,335.067,0.580211,0.301333
6103000,1,10.577,331.473,0.790274,0.3205
6104000,1,10.9474,332.434,0.856301,0.333417
6105000,6,38.2652,349.788,2.60234,0.3325
6106000,8,42.1971,365.559,6.49332,0.305
6107000,7,37.6269,355.865,5.44717,0.319
6108000,9,49.6241,330.682,4.23881,0.337
6109000,6,35.0038,310.815,2.66599,0.3402
6110000,6,36.8625,325.225,3.55607,0.359
6111000,2,17.9048,336.309,0.97878,0.333875
6112000,8,48.2151,331.839,4.05725,0.3405
6113000,4,22.8719,331.592,2.52163,0.353
6114000,0,2.2888,345.618,4.38511,0.349
6115000,0,6.58224,337.983,0.115075,0.319
6116000,3,21.8391,317.069,1.66384,0.343
6117000,1,9.31466,318.556,0.750063,0.334
6118000,2,12.3184,345.294,2.18799,0.318143
6119000,1,6.54374,348.464,1.95226,0.299
6120000,1,12.4812,327.733,0.821504,0.324
6121000,4,25.1289,322.376,2.19462,0.335
6122000,0,4.63059,317.89,1.71691,0.341
6123000,2,18.8853,329.401,0.616548,0.33025
6124000,0,6.19675,347.296,0.464194,0.295
6125000,1,10.6256,354.567,1.11992,0.296
6126000,2,13.2359,331.512,0.85076,0.317
6127000,0,4.81616,354.777,1.4626,0.31448
6128000,2,15.989,330.649,2.8854,0.330333
6129000,0,5.74953,343.828,0.650689,0.353
6130000,0,5.34366,345.978,1.03024,0.311
6131000,0,6.11936,317.834,0.37875,0.333
6132000,1,10.148,339.74,1.51914,0.333
6133000,1,9.54682,341.784,0.166411,0.308667
6134000,2,15.3627,345.418,1.1008,0.3205
6135000,1,9.778,332.361,0.569242,0.33
6136000,0,6.5731,342.85,0.138678,0.311
6137000,1,9.81744,357.548,0.787869,0.318
6138000,0,6.51976,340.092,0.197572,0.287
6139000,0,6.01368,333.341,0.642737,0.306
6140000,1,12.0225,322.976,0.942564,0.304
6141000,0,6.35131,326.805,0.251184,0.321
6142000,0,6.36236,317.996,0.283936,0.3175
6143000,1,12.6325,323.937,0.696879,0.34
6144000,1,12.5051,317.914,0.945603,0.37
6145000,3,21.4472,327.076,1.31299,0.333
6146000,2,12.5633,304.926,4.55162,0.341571
6147000,0,5.80218,319.973,0.0705654,0.369
6148000,1,12.2289,343.261,1.02374,0.321273
6149000,3,22.0337,333.105,2.20529,0.303
6150000,0,6.27192,335.629,0.421574,0.334556
6151000,0,6.39389,330.813,0.294138,0.3
6152000,0,6.56261,317.14,0.120116,0.302
6153000,0,5.67837,334.663,1.0141,0.324
6154000,0,6.66461,341.321,0.060937,0.309
6155000,0,5.49643,334.323,1.26484,0.262
6156000,0,6.36587,328.449,0.34243,0.304857
6157000,0,5.47445,341.34,1.24195,0.314
6158000,1,10.9886,329.719,2.33089,0.338
6159000,0,6.67624,336.114,0.00797968,0.313
6160000,0,6.43824,315.112,0.12104,0.330933
6161000,0,6.49025,331.461,0.0712398,0.304
6162000,1,10.8081,330.515,1.64357,0.278
6163000,0,5.49214,324.165,0.748057,0.329562
6164000,2,17.4776,330.362,0.598227,0.352
6165000,0,5.91806,325.257,0.367195,0.324
6166000,0,5.89191,333.547,0.445394,0.32
6167000,0,5.73999,329.776,0.845069,0.312417
6168000,0,6.61719,335.574,0.0484663,0.316556
6169000,0,5.61404,327.944,1.05012,0.328
6170000,0,6.24353,341.172,0.239856,0.333333
6171000,0,6.0773,330.717,0.598516,0.318
6172000,1,12.1623,322.203,0.383903,0.33
6173000,0,5.24175,345.088,0.428976,0.306
6174000,1,10.9027,347.802,0.634881,0.302
6175000,0,4.5689,347.84,0.495417,0.319
6176000,2,15.4371,328.414,2.03953,0.342
6177000,0,5.00392,344.107,1.58673,0.3416
6178000,0,6.00347,350.804,0.187838,0.284
6179000,2,16.1774,365.656,1.22251,0.307
6180000,0,2.95541,371.811,2.8689,0.31875
6181000,2,13.8422,364.635,0.799851,0.312
6182000,0,3.78994,356.158,2.00563,0.305
6183000,1,7.46562,333.288,3.90591,0.294
6184000,0,5.49517,345.342,1.22777,0.322889
6185000,1,11.2446,346.224,1.27892,0.29
6186000,2,17.7158,349.272,1.13442,0.31
6187000,0,5.30781,346.378,0.731792,0.292
6188000,0,5.95919,340.794,0.0638127,0.291
6189000,0,4.5635,347.426,1.64751,0.315815
6190000,1,11.6329,342.328,1.08963,0.277
6191000,0,5.90623,352.716,0.161654,0.271
6192000,0,5.54748,339.697,0.507091,0.339
6193000,0,4.48466,324.955,0.0541236,0.324
6194000,0,5.40409,317.027,0.344763,0.308
6195000,0,5.59258,357.372,0.657629,0.3215
6196000,0,6.01509,333.699,0.0982104,0.303538
6197000,0,6.51764,360.529,0.214274,0.287
6198000,5,33.379,360.172,2.27624,0.285
6199000,4,26.2837,353.832,3.92341,0.3262
6200000,0,5.40893,348.186,0.950518,0.3122
6201000,0,6.29043,345.78,0.041529,0.28
6202000,2,13.2558,354.36,1.78325,0.316
6203000,1,9.07813,339.795,1.08135,0.3026
6204000,0,6.71345,336.397,0.0208831,0.2896
6205000,0,6.50077,337.961,0.243169,0.349
6206000,2,14.2379,348.828,0.695306,0.308
6207000,2,15.7773,352.982,0.354489,0.274
6208000,2,16.215,323.707,0.747914,0.325
6209000,0,6.18363,332.171,0.323192,0.325286
6210000,0,5.22896,311.751,1.16723,0.31264
6211000,0,6.24864,308.026,0.162346,0.347
6212000,0,6.18682,335.132,0.21868,0.36
6213000,2,17.9582,334.567,1.15144,0.31
6214000,1,12.4929,338.164,0.459803,0.318
6215000,0,3.94313,336.729,2.69931,0.349
6216000,0,6.46522,331.959,0.177713,0.314
6217000,0,6.35485,355.678,0.303073,0.312
6218000,1,12.8288,348.313,0.195617,0.33
6219000,0,6.65421,349.999,0.0275538,0.275
6220000,0,6.29906,357.571,0.368529,0.281
6221000,0,6.05657,323.572,0.0187608,0.322278
6222000,0,4.07727,343.446,2.01796,0.307
6223000,0,5.80803,354.235,0.341965,0.292
6224000,1,10.9999,340.901,1.30581,0.321
6225000,0,5.76051,349.034,0.947351,0.338471
6226000,1,7.20255,334.571,1.64409,0.312059
6227000,1,12.8182,335.989,0.522994,0.3375
6228000,0,6.20022,346.014,0.516414,0.301
6229000,2,13.1439,337.868,3.76469,0.319
6230000,0,3.42783,332.741,3.19513,0.3128
6231000,0,6.65238,328.442,0.0550476,0.3025
6232000,0,6.21634,325.202,0.395589,0.347
6233000,1,10.9838,338.737,1.6457,0.304222
6234000,2,17.2336,351.108,1.06072,0.337
6235000,1,11.7345,356.309,0.72162,0.315
6236000,2,16.1943,349.933,2.15925,0.341
6237000,5,32.2823,357.174,4.12994,0.32
6238000,0,6.06594,341.942,0.671458,0.312571
6239000,3,20.605,324.197,1.94875,0.321538
6240000,1,10.4862,320.915,1.13483,0.321
6241000,1,10.7686,332.809,1.70772,0.328
6242000,0,6.4384,344.865,0.21402,0.3154
6243000,0,6.56596,333.186,0.137769,0.313667
6244000,2,16.9245,351.711,1.73849,0.296
6245000,0,5.14622,353.011,0.527973,0.2965
6246000,0,5.25475,346.172,0.401478,0.283
6247000,0,5.24051,337.68,0.430724,0.315
6248000,3,20.3187,351.017,4.16007,0.320833
6249000,0,5.81652,323.063,0.797556,0.332
6250000,2,16.2394,331.567,2.15676,0.322
6251000,1,9.89533,368.233,1.29229,0.304
6252000,3,21.5799,342.712,1.96563,0.302
6253000,1,10.9752,344.881,1.05935,0.352
6254000,0,6.61841,334.738,0.0392674,0.314
6255000,1,8.29343,344.149,1.09382,0.307375
6256000,0,5.69177,344.782,0.968269,0.318
6257000,5,29.9103,358.017,2.17383,0.271
6258000,1,9.61067,350.228,0.566052,0.317333
6259000,1,9.47808,328.07,0.529411,0.311
6260000,2,17.6732,334.408,0.961166,0.327
6261000,0,5.6261,342.293,1.00553,0.326667
6262000,1,10.8501,336.242,2.59427,0.342
6263000,0,6.06373,320.722,0.595695,0.31976
6264000,1,11.6088,336.307,0.790951,0.309
6265000,2,12.6312,329.37,1.35886,0.30525
6266000,0,6.30418,328.083,0.377279,0.298
6267000,0,6.33201,323.509,0.0163124,0.32119
6268000,1,10.8262,329.939,1.23517,0.359
6269000,0,5.49723,336.704,1.21,0.315857
6270000,0,5.99033,345.186,0.411938,0.335
6271000,3,16.5493,312.561,3.41011,0.302
6272000,0,5.57791,339.143,0.302892,0.391
6273000,3,18.1107,333.408,1.7477,0.322
6274000,2,15.03,328.535,1.01882,0.3257
6275000,1,11.8802,344.41,0.598579,0.332
6276000,0,4.14392,342.511,2.56013,0.3279
6277000,0,6.54945,335.152,0.138837,0.344
6278000,0,6.54387,337.258,0.131046,0.323
6279000,2,17.91,323.859,0.25842,0.308
6280000,1,11.9214,322.646,0.970919,0.325
6281000,3,23.0626,329.831,1.71477,0.32
6282000,0,4.45121,356.544,0.0034555,0.324556
6283000,2,17.0363,341.316,1.03024,0.285
6284000,3,20.651,343.103,2.40401,0.305
6285000,1,10.4001,353.18,1.94612,0.307
6286000,0,5.62833,336.104,0.40629,0.3
6287000,7,40.2234,340.856,4.81132,0.3315
6288000,3,22.1385,333.605,1.85402,0.343
6289000,3,18.2777,339.766,3.8622,0.308
6290000,0,4.52022,339.105,0.0918089,0.30475
6291000,0,4.03581,349.003,0.591473,0.311
6292000,0,6.2307,343.529,0.102117,0.329696
6293000,1,10.7304,342.91,0.280721,0.282
6294000,6,35.2676,329.891,2.50145,0.334
6295000,4,25.6401,326.997,3.09723,0.31075
6296000,3,15.4442,344.85,2.20109,0.35
6297000,2,14.4076,321.318,1.08381,0.338
6298000,2,12.6817,333.726,2.81495,0.346
6299000,6,36.8635,348.747,3.30281,0.303
6300000,3,19.4352,349.291,2.66445,0.317
6301000,0,5.98292,343.981,0.470623,0.323905
6302000,1,12.5789,330.065,0.261595,0.325
6303000,2,18.272,331.911,1.1175,0.328
6304000,3,21.7042,324.245,0.901278,0.30325
6305000,2,17.3326,325.904,0.994607,0.328
6306000,0,6.5213,339.749,0.175893,0.333375
6307000,2,19.3289,333.347,0.611959,0.3
6308000,0,6.36459,341.193,0.0927081,0.323667
6309000,2,13.9653,343.34,1.08151,0.3424
6310000,2,15.6507,346.554,0.949969,0.341
6311000,0,5.58999,321.41,0.0321549,0.307
6312000,1,9.02578,335.285,1.50923,0.343
6313000,0,4.78116,344.06,0.098342,0.316
6314000,0,5.01751,335.674,0.795699,0.252
6315000,2,15.9492,333.498,1.7166,0.341
6316000,0,5.00948,329.917,0.867412,0.283
6317000,0,6.60296,329.846,0.0616675,0.328286
6318000,3,18.6626,330.089,2.05368,0.3192
6319000,0,6.25372,330.319,0.3001,0.31525
6320000,2,16.9976,332.972,2.52714,0.304
6321000,4,25.7453,350.182,3.47512,0.339
6322000,0,4.87856,352.191,1.78585,0.311
6323000,1,9.14553,340.844,0.856877,0.322
6324000,1,10.9899,331.871,0.737888,0.310625
6325000,0,6.12211,350.411,0.375876,0.312
6326000,1,10.8887,349.004,0.370483,0.32
6327000,0,5.07806,343.201,1.53311,0.325875
6328000,0,5.16382,344.334,0.616206,0.2785
6329000,0,5.41198,333.065,0.346319,0.309
6330000,1,6.88909,305.037,1.20204,0.341
6331000,2,17.8221,333.55,1.24411,0.359
6332000,1,10.7727,329.685,2.37783,0.314625
6333000,0,5.7357,345.909,0.912516,0.285
6334000,0,5.78208,333.644,0.858972,0.315
6335000,0,5.45565,347.572,0.137623,0.308333
6336000,0,6.51797,346.682,0.123301,0.3325
6337000,0,5.08674,330.516,0.0393596,0.3085
6338000,3,22.5894,336.518,0.995123,0.363
6339000,2,15.0091,364.694,3.4466,0.310125
6340000,2,16.9936,344.919,1.42283,0.326
6341000,1,10.1875,349.955,2.72448,0.292
6342000,0,5.9162,328.479,0.76806,0.301
6343000,1,10.5324,351.834,2.10587,0.294
6344000,2,15.0324,345.411,0.706015,0.295
6345000,2,15.9675,327.891,1.3094,0.3208
6346000,2,18.03,337.241,0.539405,0.333
6347000,0,6.07262,334.526,0.588337,0.322
6348000,1,11.6507,347.454,1.12854,0.281
6349000,0,6.27235,350.385,0.353774,0.299
6350000,0,6.54101,343.186,0.0149857,0.298
6351000,0,6.55293,334.665,0.104782,0.303
6352000,0,6.58538,335.647,0.117494,0.299
6353000,0,6.54459,335.71,0.160473,0.289
6354000,1,5.88828,333.561,0.986811,0.3167
6355000,0,6.42262,345.875,0.10762,0.303
6356000,0,5.91986,332.067,0.682634,0.314389
6357000,1,11.0418,326.863,0.671241,0.323333
6358000,1,11.5789,357.417,0.235559,0.313333
6359000,0,6.4673,352.841,0.120348,0.279
6360000,2,16.9845,349.283,0.465304,0.325857
6361000,2,13.1311,358.513,1.3412,0.3025
6362000,2,18.1397,345.057,0.249827,0.306
6363000,2,16.1889,333.05,2.56436,0.306333
6364000,0,6.71967,334.039,0.000381844,0.32
6365000,0,5.09704,324.091,1.52295,0.337778
6366000,0,6.24148,343.117,0.423751,0.326
6367000,4,24.2015,347.556,2.35731,0.325
6368000,2,17.605,332.547,0.496713,0.345
6369000,0,6.22932,341.062,0.395732,0.315857
6370000,4,26.5443,351.596,2.67743,0.324
6371000,5,34.2316,336.23,0.954428,0.316286
6372000,0,6.23489,331.77,0.303888,0.33
6373000,1,12.1413,333.919,0.617879,0.333
6374000,1,11.1115,311.679,1.4714,0.336
6375000,6,33.0455,341.278,6.28034,0.328
6376000,4,27.4589,340.879,1.58706,0.317421
6377000,1,10.8725,344.054,1.22278,0.324
6378000,0,6.68735,342.537,0.0331152,0.320333
6379000,0,5.81174,324.784,0.616244,0.319
6380000,1,11.801,334.531,0.46573,0.3293
6381000,1,10.9377,324.234,0.314047,0.353
6382000,0,6.23921,330.584,0.370126,0.314
6383000,0,6.49849,326.587,0.200704,0.3158
6384000,0,5.88563,322.866,0.795254,0.313
6385000,0,6.20821,344.316,0.519353,0.32
6386000,0,6.0614,331.086,0.625834,0.312
6387000,0,5.92778,346.452,0.354501,0.313
6388000,1,10.3384,334.828,0.664841,0.316
6389000,0,5.47951,321.292,1.20607,0.31275
6390000,0,6.60454,339.103,0.107471,0.301
6391000,1,11.948,313.421,1.43915,0.32
6392000,0,5.99346,333.447,0.740231,0.317167
6393000,0,5.56391,333.064,1.12638,0.35
6394000,0,6.5535,339.653,0.080061,0.291
6395000,0,6.09009,329.736,0.538776,0.305
6396000,0,6.58764,336.625,0.0059418,0.324
6397000,0,6.29421,349.101,0.247996,0.3087
6398000,0,4.88563,348.665,1.65151,0.324
6399000,0,6.29751,351.825,0.26911,0.283
6400000,0,5.65579,354.675,0.533427,0.283
6401000,0,5.13916,331.988,1.00739,0.314
6402000,0,6.06439,324.544,0.065465,0.305
6403000,1,11.4797,346.205,1.06553,0.317
6404000,0,2.82339,341.647,0.771165,0.32
6405000,1,9.64408,331.512,0.967496,0.305
6406000,2,14.0476,335.281,1.71451,0.323
6407000,0,5.71189,334.37,0.571653,0.322818
6408000,0,5.52404,330.213,1.02955,0.341
6409000,0,3.79472,347.327,2.93147,0.3195
6410000,1,12.1533,333.321,0.677039,0.318
6411000,1,11.7299,313.044,1.291,0.343333
6412000,0,6.06345,332.96,0.513008,0.345
6413000,0,6.23961,345.672,0.453899,0.323
6414000,0,6.4464,354.642,0.307354,0.315217
6415000,1,9.31741,347.077,2.15245,0.315333
6416000,0,5.73399,332.784,0.283271,0.321
6417000,3,22.5933,344.894,2.83206,0.312625
6418000,2,17.4812,336.76,1.11472,0.314
6419000,0,6.56868,339.573,0.106051,0.312333
6420000,0,6.51422,350.851,0.198546,0.287
6421000,1,12.2093,355.334,0.566372,0.313
6422000,4,25.3659,359.709,2.68945,0.298625
6423000,4,25.5418,344.77,2.67405,0.344
6424000,3,21.7967,350.428,3.65554,0.333
6425000,0,6.26587,349.58,0.145118,0.314556
6426000,3,18.7288,366.982,0.949137,0.323
6427000,0,6.71785,355.693,0.0385916,0.304
6428000,0,6.36671,350.448,0.386457,0.274
6429000,3,22.6252,343.119,2.18902,0.288
6430000,0,6.28627,344.696,0.418787,0.32
6431000,0,6.01889,335.223,0.710278,0.306
6432000,1,12.256,348.22,0.910958,0.314
6433000,1,11.631,347.791,0.901829,0.317
6434000,0,6.66219,348.202,0.0826603,0.329
6435000,0,6.37731,327.224,0.321758,0.287
6436000,0,6.5164,319.94,0.13383,0.348
6437000,0,5.82694,324.438,0.678959,0.323937
6438000,1,9.48831,325.81,0.738893,0.319
6439000,0,6.46587,325.039,0.0304456,0.301
6440000,0,6.58316,340.723,0.134228,0.3225
6441000,0,5.99089,357.333,0.762185,0.308
6442000,1,12.6272,346.318,0.0926675,0.278
6443000,6,36.9508,344.754,3.70673,0.305
6444000,2,16.9509,331.294,0.762322,0.349
6445000,0,6.02918,322.027,0.505577,0.324167
6446000,2,13.3968,309.838,2.48353,0.317
6447000,0,5.76821,325.896,0.914485,0.316304
6448000,3,22.2773,320.782,1.6431,0.322333
6449000,1,11.6049,322.52,1.2104,0.346
6450000,0,6.52822,307.66,0.0981376,0.372
6451000,1,11.6806,323.619,1.41181,0.333
6452000,0,6.19386,326.804,0.513732,0.34025
6453000,0,5.99998,328.164,0.716142,0.322
6454000,1,9.0903,341.679,1.74764,0.311
6455000,1,10.6619,337.341,0.922753,0.326
6456000,4,28.2755,340.79,1.03259,0.348
6457000,0,6.37145,334.416,0.0507815,0.347636
6458000,0,6.00234,342.111,0.468257,0.294
6459000,1,10.7104,330.886,1.03703,0.3255
6460000,1,10.6316,329.344,1.45775,0.351
6461000,2,15.1928,338.597,0.507445,0.347
6462000,1,12.4798,348.721,0.257898,0.356
6463000,1,11.1676,344.944,1.57999,0.331
6464000,1,11.0803,345.13,1.30497,0.332769
6465000,1,12.7587,348.214,0.195433,0.306
6466000,0,6.54726,342.149,0.197792,0.2919
6467000,0,4.5643,347.444,2.1551,0.292333
6468000,0,6.30179,330.901,0.398617,0.295
6469000,2,16.6756,324.482,0.246617,0.312
6470000,2,16.1777,342.296,1.9688,0.314917
6471000,2,15.7598,346.977,0.207041,0.308
6472000,0,5.93489,335.017,0.78769,0.315667
6473000,0,6.27701,326.163,0.404559,0.297
6474000,1,12.7507,336.921,0.0829759,0.364
6475000,3,21.9212,326.945,0.769975,0.308222
6476000,1,11.5328,341.205,0.83901,0.322
6477000,1,12.6023,348.729,0.342438,0.281
6478000,0,6.48796,334.014,0.0421351,0.321
6479000,0,6.42521,332.739,0.239094,0.3246
6480000,0,6.57819,351.229,0.161339,0.3262
6481000,2,17.4534,349.551,1.20621,0.271
6482000,1,12.1556,307.76,1.1509,0.354
6483000,0,6.08485,328.658,0.553924,0.365
6484000,0,6.52686,328.297,0.111931,0.344
6485000,1,12.7341,330.542,0.489933,0.293
6486000,0,5.42665,345.89,1.10651,0.326133
6487000,3,19.708,323.166,2.73406,0.318
6488000,1,10.5052,340.893,0.573629,0.328714
6489000,4,25.5732,330.836,2.8579,0.338
6490000,0,5.99873,340.782,0.71849,0.321
6491000,3,22.0221,336.602,2.61385,0.329
6492000,0,6.70839,333.47,0.0175764,0.302
6493000,0,6.57017,336.653,0.169577,0.322
6494000,1,11.4191,321.849,0.699879,0.341857
6495000,3,23.9341,341.824,1.30906,0.333
6496000,0,6.21241,343.301,0.468922,0.308
6497000,1,10.0916,358.29,2.49159,0.283
6498000,0,6.32633,362.223,0.266543,0.276
6499000,0,5.71131,346.157,0.876452,0.285
6500000,5,32.0287,320.562,1.89595,0.331
6501000,2,18.1055,358.394,0.388511,0.317
6502000,3,16.5647,353.928,2.02141,0.325
6503000,1,9.5432,328.57,1.06642,0.335
6504000,1,9.1593,325.774,1.70144,0.327278
6505000,2,15.8316,315.282,1.18537,0.3538
6506000,2,8.64116,307.422,1.43633,0.355
6507000,2,15.7073,346.523,1.87008,0.335
6508000,0,6.30162,362.674,0.203003,0.282
6509000,0,5.10706,349.891,1.4485,0.266
6510000,0,6.56643,345.715,0.16201,0.3268
6511000,1,11.5637,330.28,1.26835,0.308
6512000,2,16.7057,324.964,1.34108,0.3355
6513000,1,10.9634,312.145,1.36558,0.369
6514000,1,12.4256,336.077,0.832514,0.328
6515000,0,5.49797,334.11,1.01989,0.328333
6516000,0,5.07308,334.831,1.56617,0.349
6517000,0,5.34453,325.097,0.502321,0.324857
6518000,0,5.9348,331.025,0.808157,0.323857
6519000,1,12.5251,346.431,0.731156,0.286
6520000,3,20.2078,323.634,1.86789,0.315667
6521000,3,19.5548,328.361,2.15702,0.374
6522000,1,9.06767,358.091,2.7567,0.345
6523000,2,15.1267,337.748,2.98613,0.307
6524000,1,9.9725,348.612,1.01431,0.331
6525000,0,6.63571,347.87,0.0198459,0.338
6526000,0,6.03404,333.654,0.096587,0.3095
6527000,0,5.07336,330.271,1.45631,0.293
6528000,0,5.89908,342.158,0.461458,0.287
6529000,1,10.6372,349.639,0.431826,0.274
6530000,2,14.0812,338.353,0.888715,0.318
6531000,2,15.4632,334.607,1.5951,0.338
6532000,0,4.9143,331.533,0.491476,0.314077
6533000,2,14.6613,333.862,2.06531,0.319
6534000,2,13.6795,316.55,1.60451,0.326368
6535000,2,19.0181,335.198,0.534088,0.3035
6536000,1,12.6506,322.419,0.0834214,0.3456
6537000,3,20.5186,331.514,2.98481,0.359333
6538000,0,6.34488,325.35,0.0415307,0.361
6539000,2,13.1811,308.124,2.60637,0.3175
6540000,0,5.00142,307.103,0.103284,0.354
6541000,0,4.88181,335.063,0.993764,0.3276
6542000,1,10.8677,318.829,1.09727,0.33
6543000,2,18.7597,340.476,0.49489,0.3405
6544000,2,19.0149,317.639,0.326027,0.358
6545000,2,14.7436,335.929,2.81251,0.353
6546000,3,19.5252,341.297,1.10793,0.348833
6547000,0,5.4196,347.46,0.549053,0.3355
6548000,1,11.0026,335.407,2.07259,0.3338
6549000,1,9.34502,338.511,2.43264,0.3295
6550000,3,18.9266,346.499,2.52382,0.321
6551000,2,14.1187,354.936,0.415592,0.347
6552000,1,10.1427,356.622,0.816331,0.3375
6553000,1,11.77,342.49,1.1013,0.332
6554000,1,11.4711,354.749,1.44216,0.312
6555000,3,22.5893,340.485,2.97505,0.338778
6556000,0,5.55301,333.756,1.15457,0.33
6557000,0,6.39772,340.716,0.244667,0.324
6558000,0,5.79386,326.139,0.818974,0.332
6559000,2,17.0496,319.743,1.29821,0.326
6560000,1,10.8641,322.925,1.37145,0.356
6561000,0,6.27164,324.684,0.107159,0.358
6562000,0,6.19785,315.302,0.422039,0.347
6563000,0,6.60462,325.188,0.0513805,0.377
6564000,0,4.66394,300.584,0.869448,0.358067
6565000,0,5.08627,313.217,0.535153,0.391
6566000,1,10.73,332.824,1.13517,0.315
6567000,0,5.33641,336.092,0.0434183,0.355
6568000,1,7.76813,323.962,0.664431,0.324
6569000,1,10.2781,321.335,1.46569,0.313
6570000,2,15.0011,309.169,1.95964,0.38
6571000,3,19.5199,355.876,1.09965,0.327
6572000,8,48.2282,335.773,3.36541,0.367
6573000,5,27.4106,340.022,3.91042,0.373
6574000,1,10.1078,316.576,1.98165,0.3314
6575000,2,13.8858,349.037,2.79036,0.342304
6576000,2,13.4703,348.646,0.743823,0.336
6577000,2,15.0049,331.794,0.916746,0.313
6578000,2,14.9812,344.379,2.12752,0.347
6579000,3,20.5831,348.961,2.7363,0.342
6580000,1,10.3186,344.474,1.6973,0.337
6581000,1,11.5144,310.318,1.40011,0.328143
6582000,0,6.20388,341.867,0.00686693,0.3265
6583000,2,13.5781,337.554,2.14534,0.3601
6584000,2,14.2002,347.384,1.19822,0.322
6585000,7,41.7502,340.705,3.99579,0.325
6586000,2,16.7785,324.113,2.53109,0.35
6587000,5,32.5465,299.157,2.48835,0.37
6588000,2,17.3276,336.547,1.24819,0.32888
6589000,0,5.28934,335.919,0.61193,0.328571
6590000,0,5.20891,338.343,0.225989,0.35
6591000,2,14.7758,318.348,2.68376,0.341
6592000,3,21.0822,313.859,1.72108,0.325333
6593000,4,23.0394,338.826,3.21288,0.367
6594000,1,11.8253,327.531,0.816527,0.348
6595000,0,5.72218,346.795,0.389432,0.334
6596000,3,21.602,355.362,2.17939,0.306
6597000,3,22.4593,365.334,1.70687,0.314
6598000,3,20.7526,368.666,3.18348,0.303
6599000,3,20.9995,358.593,1.77455,0.324
6600000,1,8.19491,322.239,3.25739,0.349444
6601000,1,10.7767,344.665,1.28922,0.338
6602000,1,10.1605,340.4,1.83588,0.341
6603000,6,35.0027,336.416,3.22494,0.355
6604000,0,5.61265,324.316,0.186836,0.321
6605000,2,14.2052,314.97,3.9736,0.356
6606000,3,22.2294,330.283,0.934444,0.379
6607000,1,9.8898,332.867,0.691996,0.323
6608000,0,6.10226,341.236,0.503186,0.303
6609000,1,12.0705,336.514,1.26645,0.338
6610000,0,5.66012,327.12,1.043,0.325348
6611000,0,6.40285,335.216,0.342427,0.317
6612000,2,17.5253,329.464,2.20044,0.333
6613000,1,12.9806,334.702,0.430031,0.32
6614000,0,6.10294,310.69,0.566629,0.3006
6615000,0,5.75828,333.291,0.53263,0.328778
6616000,0,4.05076,332.4,2.18844,0.306
6617000,2,15.7963,337.783,1.48035,0.341
6618000,3,24.1812,343.07,1.63055,0.318
6619000,5,27.4533,360.106,1.93585,0.33
6620000,4,28.3448,357.615,1.27528,0.308
6621000,0,5.10696,314.452,0.237436,0.346619
6622000,0,6.69407,346.939,0.0389817,0.303
6623000,0,5.05206,341.589,1.67191,0.282
6624000,4,24.462,345.306,2.75639,0.31
6625000,1,11.7535,350.689,1.29659,0.314
6626000,0,4.4608,346.919,2.29201,0.29
6627000,1,10.0018,353.772,1.59917,0.293
6628000,0,6.2124,342.447,0.494349,0.329
6629000,0,4.79618,322.658,0.322454,0.3395
6630000,0,4.44588,321.424,2.21407,0.328562
6631000,1,11.9917,349.244,1.1514,0.324667
6632000,8,45.2525,353.735,2.94786,0.303
6633000,3,17.9621,354.568,4.98926,0.318
6634000,3,25.181,348.641,0.777355,0.341
6635000,1,11.6761,345.278,0.241928,0.329
6636000,1,12.7717,349.571,0.03902,0.312
6637000,0,6.16868,350.39,0.565778,0.291
6638000,1,12.0782,336.386,0.824375,0.29
6639000,0,6.42445,354.13,0.329417,0.285
6640000,0,6.49147,330.05,0.220346,0.28
6641000,0,4.75535,314.561,0.446972,0.34575
6642000,0,2.50102,322.503,2.69149,0.315
6643000,1,11.5996,357.073,1.15525,0.332667
6644000,2,14.5085,370.368,1.21052,0.301
6645000,2,15.0483,351.3,0.737518,0.307
6646000,1,10.6453,347.209,0.746366,0.328038
6647000,0,6.03384,325.905,0.184802,0.336
6648000,0,6.20245,343.606,0.524016,0.305
6649000,0,4.75484,329.678,0.701918,0.331857
6650000,1,10.3107,327.422,0.4771,0.333
6651000,3,22.5266,338.972,2.02809,0.324
6652000,3,21.2763,333.045,2.79423,0.343
6653000,1,9.48644,337.478,2.45613,0.315696
6654000,0,4.82457,333.536,1.21351,0.311
6655000,0,4.86918,321.004,1.15512,0.327
6656000,0,5.24512,321.205,0.784234,0.334
6657000,0,6.04366,322.432,0.517116,0.359
6658000,0,6.26596,351.286,0.446093,0.3133
6659000,1,12.7476,349.343,0.228956,0.306
6660000,1,10.554,341.956,0.836852,0.314
6661000,0,6.41719,364.364,0.330009,0.318
6662000,4,26.8397,357.907,1.65574,0.283
6663000,1,9.84881,331.311,0.615921,0.325333
6664000,1,10.113,338.693,1.73941,0.328
6665000,1,12.7329,339.164,0.399652,0.293
6666000,0,4.6858,331.095,2.02785,0.271
6667000,1,12.5907,337.322,0.3714,0.305
6668000,0,6.0711,330.784,0.608438,0.313
6669000,3,17.726,339.395,2.01694,0.315333
6670000,0,2.8667,334.634,1.00582,0.332
6671000,1,10.0391,336.67,0.529326,0.328368
6672000,2,16.5487,325.691,1.29466,0.354
6673000,0,5.3633,336.233,0.173645,0.319
6674000,0,6.11084,350.643,0.242088,0.294
6675000,0,6.28624,338.985,0.0485342,0.306
6676000,1,9.36593,335.207,0.54274,0.298375
6677000,4,23.9084,348.625,6.41865,0.305
6678000,1,12.1024,350.13,1.20421,0.296
6679000,2,13.9762,357.433,2.01672,0.304
6680000,1,9.86779,357.609,0.850364,0.306
6681000,3,20.6242,324.918,0.729985,0.349742
6682000,4,24.9044,341.664,3.13111,0.3205
6683000,4,26.4216,332.712,2.87262,0.345
6684000,0,5.67443,318.637,0.941889,0.301444
6685000,2,14.6461,340.684,1.55896,0.3595
6686000,0,6.31782,330.356,0.151411,0.316
6687000,4,21.3406,325.43,3.26089,0.3375
6688000,3,21.8852,323.166,2.11587,0.32075
6689000,0,6.46401,329.068,0.0530252,0.328333
6690000,0,6.35102,349.472,0.17344,0.284
6691000,2,16.6744,335.709,1.06897,0.33
6692000,0,5.77824,334.404,0.829957,0.33325
6693000,1,11.2503,328.15,0.260578,0.352
6694000,1,12.0423,347.094,1.11866,0.30775
6695000,2,15.8704,330.312,1.76459,0.338
6696000,0,5.81847,350.512,0.81252,0.3125
6697000,3,21.6173,357.008,3.60046,0.288
6698000,0,5.42528,330.274,1.26394,0.350667
6699000,5,27.8478,349.655,3.75353,0.329667
6700000,2,17.177,333.706,2.16012,0.320556
6701000,0,6.05207,328.662,0.500963,0.344
6702000,2,14.7792,349.126,2.8161,0.31225
6703000,0,6.53788,352.998,0.195137,0.302
6704000,0,5.1532,344.963,1.58688,0.294
6705000,0,6.5705,357.35,0.152333,0.293
6706000,1,11.2413,358.876,0.427045,0.294
6707000,0,6.43755,344.266,0.275406,0.318
6708000,3,20.314,342.381,0.944491,0.321545
6709000,3,21.3758,347.946,1.77976,0.347
6710000,4,27.8196,340.675,2.37659,0.3
6711000,3,19.4741,337.459,1.53854,0.338
6712000,1,11.909,338.275,1.11613,0.3132
6713000,3,19.0585,347.226,3.20781,0.315
6714000,0,6.58583,337.502,0.0226821,0.329
6715000,1,11.882,340.56,0.422891,0.304
6716000,0,5.19108,335.891,1.18254,0.293
6717000,0,5.79828,335.481,0.587351,0.308
6718000,2,17.8366,343.532,1.37046,0.319143
6719000,1,11.2021,344.59,0.232881,0.294
6720000,3,22.2626,352.524,1.2803,0.330762
6721000,4,26.5377,350.193,2.69503,0.33
6722000,2,15.7328,342.642,1.04401,0.375
6723000,4,26.4835,343.479,1.4953,0.322
6724000,3,16.9982,347.371,4.12551,0.346
6725000,2,12.0316,330.067,1.7271,0.341
6726000,0,6.48579,340.43,0.0847147,0.312
6727000,1,10.0878,341.586,0.581866,0.329
6728000,1,9.48824,327.592,1.14936,0.313
6729000,0,5.56317,344.813,1.0483,0.309583
6730000,1,9.80495,349.447,1.4904,0.311
6731000,0,6.57399,340.809,0.0122481,0.317
6732000,2,13.7784,337.104,2.5138,0.293
6733000,1,12.2516,343.881,0.712796,0.32
6734000,0,6.18497,333.68,0.424048,0.296
6735000,0,6.1874,347.343,0.432769,0.303
6736000,0,6.59103,342.433,0.0107569,0.283
6737000,0,5.91732,331.917,0.759433,0.315889
6738000,0,6.60139,332.279,0.120561,0.307
6739000,1,11.1252,330.627,2.11168,0.312
6740000,0,5.76483,325.504,0.834648,0.3475
6741000,0,5.65566,336.478,0.965049,0.341
6742000,0,6.0568,334.332,0.407976,0.282
6743000,0,6.04669,327.646,0.401828,0.333
6744000,0,4.98155,335.938,1.47746,0.318
6745000,0,6.2416,338.709,0.229146,0.314
6746000,0,6.01836,338.764,0.44583,0.331
6747000,0,6.2897,336.444,0.180013,0.304
6748000,0,4.77211,321.947,0.162109,0.347696
6749000,0,4.64823,314.135,0.133564,0.318
6750000,0,3.10306,335.816,1.81773,0.316
6751000,1,9.26771,333.793,0.56481,0.315
6752000,1,10.5459,323.17,0.652119,0.345
6753000,8,38.2929,334.419,9.07722,0.326577
6754000,9,47.9432,351.59,5.23166,0.354
6755000,3,22.1686,334.591,1.95325,0.31575
6756000,1,11.9982,345.02,1.02718,0.287
6757000,0,6.15373,340.119,0.338603,0.314167
6758000,5,31.1761,361.151,2.52402,0.326
6759000,3,17.1715,348.256,1.23586,0.324
6760000,5,26.1662,351.1,3.42526,0.342
6761000,3,21.7499,353.616,0.82619,0.325
6762000,5,32.0075,340.68,2.98007,0.34175
6763000,0,4.87343,320.104,0.909345,0.341727
6764000,2,12.8889,308.463,1.85039,0.3725
6765000,6,37.4132,336.679,4.66479,0.323
6766000,5,29.4254,334.036,5.26551,0.351
6767000,11,66.0637,329.281,4.98287,0.373
6768000,1,11.7415,319.53,0.385643,0.3488
6769000,2,16.8852,343.607,1.85537,0.316231
6770000,2,17.7046,336.979,0.717608,0.34
6771000,6,38.4864,330.039,1.53471,0.3365
6772000,2,12.8212,349.068,4.22671,0.337
6773000,2,17.2454,358.677,0.789415,0.316
6774000,4,26.3827,362.55,2.67235,0.311
6775000,2,18.097,355.495,0.731083,0.308
6776000,0,6.01575,333.752,0.0517328,0.328375
6777000,1,11.6978,330.515,0.397522,0.329429
6778000,1,12.4957,325.525,0.546717,0.348
6779000,1,11.4708,345.205,0.75129,0.361
6780000,0,5.43593,321.542,0.581944,0.341813
6781000,0,6.55228,329.142,0.133957,0.3125
6782000,1,12.3577,346.009,0.660626,0.305
6783000,1,9.9042,330.959,0.336388,0.33
6784000,0,4.39625,320.884,2.2956,0.314
6785000,1,10.9297,329.177,0.583467,0.334667
6786000,0,5.90696,328.718,0.048973,0.28
6787000,0,5.87072,336.434,0.235922,0.33475
6788000,1,10.9524,340.92,1.35475,0.335
6789000,2,16.0019,355.503,1.70223,0.354
6790000,3,20.8879,353.172,1.67806,0.338
6791000,4,29.2737,333.629,2.37684,0.34825
6792000,0,6.00376,332.507,0.438583,0.345
6793000,0,6.06614,339.373,0.433499,0.324
6794000,1,11.2145,346.101,1.5796,0.3213
6795000,3,23.6159,341.115,1.42824,0.325
6796000,1,11.8767,328.365,0.940785,0.346
6797000,0,5.48348,327.301,1.19378,0.314
6798000,1,10.7607,332.018,0.544429,0.336
6799000,0,6.43371,326.233,0.0586158,0.328167
6800000,0,4.95174,330.276,1.50019,0.31
6801000,3,24.133,324.954,0.713259,0.32725
6802000,4,30.1979,333.574,0.907574,0.363
6803000,0,3.46952,320.032,3.13406,0.308
6804000,0,6.49739,323.512,0.0923781,0.337
6805000,0,6.20428,325.433,0.369612,0.295
6806000,0,5.40699,323.033,1.17153,0.287
6807000,0,6.48682,337.859,0.149328,0.329667
6808000,1,10.9844,343.125,1.46757,0.301
6809000,1,11.3293,335.371,1.37223,0.285
6810000,2,17.6378,338.956,1.48369,0.306
6811000,1,8.31794,349.754,0.392236,0.3276
6812000,0,6.27437,344.171,0.131626,0.312
6813000,3,22.5996,338.619,0.432765,0.314429
6814000,0,6.44301,345.886,0.260669,0.311
6815000,1,10.449,350.473,0.340616,0.281
6816000,3,21.5265,341.527,3.07734,0.309
6817000,1,11.2441,342.136,0.35508,0.336
6818000,0,5.92755,333.684,0.360346,0.319667
6819000,0,6.19427,327.698,0.372352,0.321333
6820000,2,12.664,349.913,4.71682,0.275
6821000,0,6.5286,330.2,0.0989176,0.338
6822000,0,6.01037,320.53,0.302987,0.316333
6823000,0,6.29375,347.081,0.108545,0.321
6824000,0,5.7854,345.854,0.578974,0.261
6825000,2,19.0053,352.728,0.829175,0.3
6826000,1,12.1558,321.131,0.756311,0.351
6827000,2,14.9898,330.995,1.46766,0.349
6828000,1,10.568,329.412,1.17429,0.320143
6829000,0,4.81645,343.582,1.89773,0.305583
6830000,0,4.61484,360.346,2.15861,0.246
6831000,1,12.4757,350.28,0.884935,0.279
6832000,0,6.07115,340.392,0.670417,0.34
6833000,1,11.884,329.325,0.67388,0.329467
6834000,0,6.19307,346.195,0.296,0.283
6835000,1,9.42216,345.92,0.743959,0.308143
6836000,3,19.2846,338.817,3.73139,0.329
6837000,0,6.25868,337.687,0.340727,0.32
6838000,0,6.53656,346.04,0.201807,0.319333
6839000,1,11.2613,309.064,1.42289,0.3025
6840000,0,6.15334,320.15,0.411341,0.316
6841000,2,16.6232,348.115,1.96315,0.286
6842000,0,6.33697,336.403,0.374777,0.337
6843000,0,6.57473,323.991,0.135894,0.333
6844000,0,5.90593,348.252,0.627169,0.3281
6845000,0,6.54717,326.425,0.0993548,0.316
6846000,2,16.9128,344.583,0.927545,0.3065
6847000,2,15.0785,346.228,1.08588,0.316
6848000,0,6.49102,340.842,0.141219,0.328
6849000,0,6.2911,339.184,0.215844,0.316
6850000,1,9.496,326.671,2.23125,0.289
6851000,1,10.799,330.868,1.07125,0.318
6852000,2,16.53,347.734,1.71068,0.3
6853000,1,11.6224,335.859,1.18616,0.333808
6854000,0,6.36934,351.79,0.129154,0.309
6855000,1,11.3095,343.718,1.44575,0.303571
6856000,8,50.576,340.824,3.88831,0.294
6857000,1,11.3219,344.631,1.39255,0.3064
6858000,0,6.25077,349.601,0.141206,0.287
6859000,0,5.53946,354.464,0.840815,0.291
6860000,3,20.989,350.648,2.95264,0.323
6861000,3,22.3543,335.926,1.82207,0.321
6862000,4,29.8751,326.642,1.24317,0.358
6863000,3,20.9492,360.755,2.75411,0.337
6864000,2,12.0598,362.707,2.4265,0.299
6865000,1,9.40476,359.695,0.526876,0.297
6866000,2,16.8039,338.998,0.96208,0.303167
6867000,2,17.203,340.749,1.17633,0.314
6868000,2,16.0017,353.737,0.94413,0.319083
6869000,1,12.0253,356.707,0.0902536,0.294
6870000,3,18.0241,366.292,3.42321,0.318
6871000,3,19.4542,359.318,1.23336,0.287
6872000,0,6.16134,354.43,0.227743,0.300286
6873000,1,9.76995,339.608,1.28744,0.308
6874000,3,22.5597,345.486,1.20969,0.338
6875000,0,6.17967,359.253,0.222864,0.296
6876000,0,6.38883,357.393,0.335083,0.314286
6877000,2,15.8777,339.674,2.71333,0.308826
6878000,3,21.7981,350.964,2.92636,0.29
6879000,2,12.5917,342.882,0.448479,0.282
6880000,3,14.9895,319.809,3.13984,0.36
6881000,0,5.63049,326.843,0.270656,0.307
6882000,0,6.48507,345.761,0.172174,0.3268
6883000,1,12.4186,331.175,0.619216,0.317
6884000,0,5.46829,335.866,1.09998,0.35
6885000,0,6.162,344.526,0.0904558,0.315
6886000,0,5.54524,355.916,0.737778,0.274
6887000,1,11.358,362.481,0.315323,0.308
6888000,3,21.6111,363.574,1.93912,0.335
6889000,4,22.9659,365.29,4.30847,0.296
6890000,5,31.2975,364.582,3.01527,0.32
6891000,3,17.2655,368.94,3.80622,0.297
6892000,5,27.4502,343.787,5.28783,0.308
6893000,2,16.779,359.252,0.406392,0.318
6894000,2,13.0761,349.807,2.59221,0.3
6895000,1,11.897,351.68,1.03069,0.297
6896000,0,6.27682,328.991,0.220987,0.314762
6897000,1,11.9139,315.014,0.160781,0.315476
6898000,3,24.3299,329.836,0.484978,0.357
6899000,2,16.6194,341.045,0.835662,0.338333
6900000,0,6.42862,341.963,0.306796,0.3165
6901000,0,5.19772,327.763,0.408409,0.2915
6902000,4,24.663,342.391,1.85522,0.333
6903000,2,15.1653,345.612,2.16602,0.342
6904000,0,4.72245,336.087,1.63095,0.302
6905000,1,11.9221,336.352,0.737755,0.294
6906000,0,6.54288,316.058,0.135871,0.312167
6907000,0,5.70305,343.691,0.00719729,0.3055
6908000,1,7.45469,349.555,1.33864,0.336556
6909000,2,12.7861,353.082,2.41933,0.33
6910000,0,5.47651,322.541,0.0927254,0.308667
6911000,0,5.12322,319.147,0.650534,0.334
6912000,1,10.3956,312.758,1.82231,0.299
6913000,0,5.78115,319.568,0.563668,0.37
6914000,0,5.47797,327.528,0.591917,0.327
6915000,0,6.37913,322.806,0.337454,0.318
6916000,0,6.50856,326.094,0.00711697,0.3297
6917000,0,6.13952,315.416,0.369141,0.31925
6918000,1,12.586,347.322,0.802822,0.291
6919000,1,10.5428,334.23,2.54561,0.332
6920000,1,9.57223,343.919,1.99388,0.315
6921000,0,6.21273,328.639,0.325799,0.291
6922000,1,10.5499,333.741,0.920386,0.354
6923000,1,11.346,332.543,0.601076,0.321143
6924000,7,41.729,324.548,4.5285,0.35
6925000,5,33.5938,318.04,2.79719,0.346
6926000,1,11.8556,346.447,0.450401,0.322
6927000,3,21.4715,347.472,2.61745,0.328
6928000,4,28.7977,341.439,0.898211,0.345
6929000,3,22.2909,355.401,2.61684,0.342
6930000,5,35.0907,338.964,2.59663,0.32
6931000,4,28.8559,354.84,1.31866,0.362
6932000,2,14.1031,326.096,1.59161,0.316222
6933000,0,6.36396,334.661,0.131753,0.32
6934000,0,6.22181,334.018,0.491463,0.321
6935000,0,5.9344,317.162,0.548607,0.327
6936000,0,5.8,329.03,0.678766,0.37
6937000,0,6.34112,346.772,0.169685,0.326167
6938000,0,5.79712,333.675,0.716623,0.322
6939000,1,12.2326,341.327,0.450131,0.329
6940000,3,24.1539,336.339,2.13446,0.341
6941000,0,6.33882,329.731,0.199082,0.315778
6942000,1,12.0773,331.145,0.280023,0.309
6943000,1,10.485,337.203,0.490899,0.314
6944000,1,11.9184,319.163,0.0986,0.3405
6945000,3,21.7053,319.424,1.54814,0.383
6946000,0,5.69042,312.476,0.637436,0.357
6947000,1,12.1063,316.69,0.389025,0.319
6948000,0,5.98842,340.288,0.596491,0.318857
6949000,0,5.56787,337.795,0.763537,0.284
6950000,0,6.41725,327.546,0.0861764,0.329571
6951000,1,11.3758,321.741,0.483027,0.314
6952000,3,20.7777,337.889,2.43935,0.3222
6953000,2,16.7481,336.515,0.619795,0.344
6954000,1,11.4311,340.413,0.617159,0.298
6955000,1,9.60454,335.965,0.545032,0.319833
6956000,0,5.06458,332.982,1.20253,0.29
6957000,1,10.477,342.137,2.23097,0.314
6958000,3,23.3906,337.284,1.04376,0.317
6959000,0,5.62302,342.583,0.63488,0.313
6960000,0,6.05464,345.74,0.52168,0.283
6961000,1,10.88,351.049,1.56313,0.325185
6962000,2,17.7308,343.687,0.484559,0.334
6963000,1,12.0887,350.502,0.831682,0.296333
6964000,1,10.9763,376.038,0.853747,0.291
6965000,0,6.45213,335.417,0.146961,0.33
6966000,0,5.91343,325.423,0.634349,0.317
6967000,1,8.86062,347.742,0.805431,0.351
6968000,1,10.3521,347.22,1.48661,0.345333
6969000,1,9.49006,335.636,0.944178,0.319
6970000,0,6.09246,334.716,0.132633,0.311
6971000,0,5.12868,325.171,1.08784,0.31
6972000,0,3.92406,341.697,2.38533,0.303
6973000,0,6.14447,351.646,0.181483,0.312
6974000,1,12.04,335.022,0.493431,0.3214
6975000,0,6.40835,333.565,0.179507,0.312
6976000,0,6.15055,324.442,0.550993,0.342778
6977000,0,5.83316,345.53,0.886737,0.275
6978000,0,6.53494,336.325,0.175931,0.315
6979000,0,6.64403,340.546,0.00622039,0.28
6980000,1,12.1026,342.514,0.877813,0.277
6981000,0,6.40272,324.165,0.204709,0.327
6982000,0,6.106,333.275,0.233411,0.316
6983000,0,6.08512,333.703,0.230075,0.2975
6984000,1,10.5882,345.027,0.745339,0.31
6985000,0,5.13957,348.863,0.3418,0.2999
6986000,0,5.45985,343.295,0.254122,0.302
6987000,0,4.72696,345.385,1.52809,0.336
6988000,2,17.2637,344.495,1.17568,0.289
6989000,0,6.53094,321.843,0.13727,0.313
6990000,4,26.2625,331.556,1.49315,0.335
6991000,3,20.5331,322.353,1.77236,0.34
6992000,2,14.3688,328.753,2.11639,0.3424
6993000,0,5.66128,323.104,0.330073,0.312
6994000,1,12.0031,345.422,0.750367,0.318333
6995000,3,21.4804,337.785,2.41743,0.308
6996000,0,6.23435,335.911,0.448497,0.337
6997000,0,5.83107,324.514,0.835074,0.338
6998000,0,5.7726,341.178,0.384859,0.318429
6999000,0,4.70331,342.566,1.4648,0.284
7000000,3,18.2326,332.048,4.58293,0.299
7001000,3,20.8311,350.633,2.70057,0.335
7002000,2,17.3925,337.755,0.530795,0.3066
7003000,6,31.8114,367.323,2.06874,0.3251
7004000,3,13.8772,350.985,1.87301,0.293
7005000,2,16.37,371.232,1.92424,0.319
7006000,0,5.74787,349.663,0.987375,0.324018
7007000,4,25.4556,366.553,4.1213,0.318
7008000,4,26.0305,357.36,3.78096,0.321
7009000,1,12.9952,339.876,0.061475,0.319714
7010000,0,5.39981,355.416,1.2355,0.3215
7011000,1,9.21085,350.529,1.98501,0.28
7012000,0,5.25792,363.715,0.946372,0.288
7013000,3,20.2775,334.093,2.91979,0.296
7014000,5,30.9107,340.535,5.0773,0.329
7015000,1,12.2765,343.873,0.165817,0.302
7016000,2,16.8874,310.42,1.50185,0.314867
7017000,3,24.229,322.421,0.828914,0.349
7018000,0,4.97989,327.188,1.6146,0.37
7019000,6,37.2061,343.88,5.64702,0.342
7020000,0,5.4787,336.22,1.12043,0.323
7021000,0,5.77411,345.754,0.823933,0.33
7022000,2,17.526,344.417,1.1048,0.301
7023000,0,6.30263,341.163,0.418317,0.318
7024000,4,23.7018,348.247,3.46142,0.327
7025000,0,6.14399,349.6,0.428954,0.305
7026000,3,23.5558,328.768,1.81523,0.329333
7027000,0,5.08222,340.276,0.710786,0.361
7028000,2,16.7053,352.856,1.53819,0.352
7029000,1,12.9714,351.284,0.118954,0.305571
7030000,1,10.0613,340.299,1.5128,0.295
7031000,1,12.3899,338.995,0.79888,0.308
7032000,3,22.8779,351.219,1.75812,0.323522
7033000,0,5.80401,335.81,0.18088,0.3055
7034000,0,5.79345,347.936,0.211365,0.295
7035000,4,26.1941,367.592,1.7169,0.329333
7036000,0,5.93181,343.5,0.0423736,0.289
7037000,2,14.0349,335.418,1.58906,0.328
7038000,0,4.64499,306.739,0.74241,0.3315
7039000,3,19.5016,314.986,3.31677,0.387
7040000,0,5.46722,325.458,0.00652115,0.379
7041000,0,4.02651,336.709,1.59137,0.349
7042000,0,5.29503,332.352,0.138926,0.349
7043000,2,18.6429,356.357,0.260745,0.318125
7044000,2,18.4888,352.441,0.481283,0.332
7045000,4,26.5303,326.149,2.95351,0.334
7046000,2,14.8801,319.21,1.60722,0.345
7047000,2,18.1985,327.095,0.577211,0.355
7048000,1,9.63793,331.358,0.352443,0.305
7049000,1,9.90722,340.605,1.56071,0.321
7050000,0,5.62529,334.328,0.282631,0.318615
7051000,3,17.7394,333.756,2.30538,0.31925
7052000,5,32.5916,362.548,2.14792,0.328429
7053000,7,46.8056,350.385,1.7107,0.317
7054000,2,16.45,346.359,1.22658,0.31
7055000,2,17.2627,359.548,0.436759,0.291
7056000,5,34.7571,323.456,2.42716,0.342571
7057000,4,27.1336,330.404,1.77263,0.381
7058000,2,12.9325,326.487,1.68638,0.312857
7059000,2,12.0901,317.955,0.878138,0.363
7060000,3,18.1058,333.449,5.5396,0.34
7061000,0,5.21609,328.29,0.26118,0.354
7062000,0,5.938,331.949,0.237683,0.372
7063000,0,5.82991,318.708,0.328848,0.317
7064000,0,5.77208,313.048,0.366665,0.331
7065000,0,5.21752,309.476,0.877379,0.35
7066000,0,5.99971,351.764,0.511273,0.323937
7067000,0,6.34061,323.316,0.168576,0.321778
7068000,0,5.07696,341.264,1.32262,0.310667
7069000,0,6.09784,333.386,0.413245,0.3005
7070000,2,17.6624,347.134,0.710271,0.311
7071000,2,18.8771,350.466,0.583001,0.332
7072000,4,14.2062,334.372,5.65968,0.309333
7073000,1,11.4648,325.198,0.696122,0.345
7074000,0,5.96094,344.607,0.537448,0.315333
7075000,1,11.0891,342.206,1.34925,0.313
7076000,3,22.9548,346.073,2.50012,0.33225
7077000,4,25.1069,350.086,2.88367,0.307
7078000,0,6.30309,325.282,0.0482773,0.3184
7079000,1,12.1588,335.83,0.272289,0.313
7080000,0,6.02995,337.527,0.335623,0.322
7081000,1,9.08242,355.815,0.920498,0.336538
7082000,1,11.3926,343.463,0.474578,0.33
7083000,5,32.5618,348.741,2.46427,0.327
7084000,1,10.3472,337.55,0.784108,0.312
7085000,0,5.60976,335.202,0.403977,0.303
7086000,3,20.9963,327.398,0.167263,0.346
7087000,0,5.35402,328.507,0.606395,0.319
7088000,1,11.4787,320.224,0.849049,0.328
7089000,2,14.7136,330.093,2.40498,0.339
7090000,0,6.4734,323.82,0.142273,0.3116
7091000,0,6.62666,336.244,0.0140024,0.308
7092000,0,6.34409,332.429,0.0670213,0.332333
7093000,0,6.21834,332.559,0.190347,0.338
7094000,4,28.1698,332.051,2.31938,0.341667
7095000,1,9.77398,313.836,0.849755,0.3405
7096000,0,5.6827,344.621,0.409197,0.31
7097000,0,5.42548,332.674,0.659241,0.301
7098000,1,11.0622,336.403,1.1824,0.321
7099000,1,11.5712,339.321,1.55929,0.3189
7100000,2,15.6455,340.674,2.18767,0.352
7101000,1,11.3881,328.715,1.12166,0.325375
7102000,0,5.90702,330.282,0.453882,0.261
7103000,3,22.0083,331.513,2.84461,0.347
7104000,2,15.822,327.125,2.0535,0.351
7105000,0,5.5523,325.143,0.107088,0.34
7106000,1,11.1074,315.335,0.0332466,0.319
7107000,1,9.79544,364.391,0.339329,0.299625
7108000,4,27.0494,351.934,1.31022,0.3155
7109000,0,5.96563,317.984,0.322507,0.3376
7110000,1,10.8803,325.345,1.17023,0.292
7111000,4,26.0899,341.331,1.84087,0.328
7112000,1,9.44923,337.36,0.596572,0.29
7113000,2,16.6251,336.026,1.39861,0.331857
7114000,5,28.4155,354.316,1.31714,0.344
7115000,0,6.48411,348.483,0.265223,0.287875
7116000,0,6.03298,332.533,0.149947,0.30825
7117000,1,12.0983,326.566,0.773553,0.338
7118000,1,11.7105,333.188,0.67376,0.33175
7119000,0,6.26084,320.517,0.187446,0.309455
7120000,2,14.3725,358.238,0.917136,0.321
7121000,0,5.65476,347.069,0.833608,0.315
7122000,0,5.88074,321.067,0.594559,0.329
7123000,1,11.3583,336.206,0.637745,0.3262
7124000,0,4.83201,319.116,0.7026,0.308
7125000,0,4.56415,317.094,0.876418,0.335
7126000,2,9.16752,336.103,3.53603,0.353
7127000,4,25.0781,333.588,3.42129,0.346
7128000,2,17.5193,338.842,1.56996,0.345
7129000,2,12.4119,329.848,0.738314,0.312
7130000,1,11.6047,326.749,0.979796,0.326308
7131000,0,6.04347,333.604,0.213369,0.335
7132000,1,11.0169,326.999,0.533011,0.307941
7133000,3,19.5493,318.574,1.47798,0.334
7134000,0,6.0942,331.473,0.173705,0.326
7135000,0,6.08016,355.161,0.270873,0.323538
7136000,0,5.95335,338.65,0.417047,0.324
7137000,3,23.7541,343.349,0.594407,0.343
7138000,1,11.3265,346.297,0.635464,0.356
7139000,3,19.7119,314.471,1.37154,0.3449
7140000,4,23.814,340.949,2.58707,0.357
7141000,1,10.5355,340.108,0.646121,0.366
7142000,3,20.7847,335.043,1.84429,0.376
7143000,4,24.7248,335.671,3.24211,0.357
7144000,0,5.51261,315.842,0.730167,0.3281
7145000,1,10.4808,347.316,0.499989,0.301
7146000,0,5.64308,351.278,0.922949,0.310615
7147000,3,21.704,324.633,1.83701,0.319
7148000,1,9.33635,324.137,1.82505,0.348
7149000,0,5.90556,334.284,0.106975,0.315667
7150000,0,6.69483,327.178,0.0118629,0.3025
7151000,0,4.90787,334.01,0.130764,0.3285
7152000,2,16.123,328.03,0.650078,0.313
7153000,1,9.35143,312.393,0.709134,0.349
7154000,1,8.42551,336.898,0.871715,0.33
7155000,1,10.138,336.23,0.703045,0.361
7156000,6,30.1533,334.782,3.25483,0.335
7157000,6,38.4647,316.553,1.73734,0.343
7158000,2,17.7775,346.593,0.60793,0.334
7159000,1,11.3671,340.945,0.440624,0.328
7160000,1,11.0508,356.22,0.671934,0.298
7161000,2,14.8471,341.285,2.27328,0.343
7162000,3,21.5971,338.287,2.52899,0.35
7163000,1,11.0161,318.342,0.631338,0.360333
7164000,0,6.34974,350.008,0.165988,0.318067
7165000,1,11.0979,338.292,1.52236,0.269
7166000,2,13.4559,346.3,2.01557,0.32
7167000,1,10.5499,346.637,1.14501,0.354
7168000,1,11.3402,325.774,0.475838,0.344
7169000,2,18.0334,332.241,0.989038,0.362
7170000,3,20.78,346.443,1.33114,0.31185
7171000,1,11.3062,339.277,0.71592,0.343889
7172000,3,18.1899,350.761,3.71844,0.358
7173000,0,5.24926,345.124,0.219037,0.3085
7174000,5,28.8526,348.308,4.14371,0.308
7175000,0,5.99774,329.171,0.695718,0.3338
7176000,1,12.9012,311.365,0.582162,0.315
7177000,3,21.7373,324.831,1.34366,0.35025
7178000,1,9.88864,329.412,0.457687,0.316
7179000,0,6.00513,318.086,0.244541,0.349
7180000,0,5.70301,306.277,0.539703,0.316
7181000,0,5.29931,319.342,0.943108,0.339
7182000,0,5.68986,325.581,0.282852,0.3531
7183000,0,3.28044,349.334,1.18618,0.322444
7184000,0,6.54442,324.804,0.133842,0.330125
7185000,0,5.32778,318.434,1.40359,0.294
7186000,0,5.36052,337.149,1.31767,0.328
7187000,0,5.34042,328,1.3646,0.316
7188000,0,6.22566,346.522,0.106321,0.2932
7189000,2,15.8765,333.852,2.66665,0.330375
7190000,1,8.64709,332.48,0.44681,0.345
7191000,0,6.55079,349.405,0.181388,0.30325
7192000,0,6.6934,356.608,0.0683202,0.283
7193000,2,14.0259,313.831,2.5095,0.327
7194000,1,12.1134,321.827,0.157779,0.373
7195000,2,17.0746,319.597,1.50564,0.342
7196000,0,5.77228,342.041,0.548078,0.323
7197000,1,10.5679,341.312,0.187491,0.314
7198000,1,7.07906,349.549,1.12922,0.331
7199000,1,10.0891,356.956,1.00665,0.309
7200000,0,3.31561,359.667,0.949423,0.298833
7201000,3,14.1315,299.66,3.24963,0.339
7202000,1,9.75589,329.786,0.794787,0.376
7203000,0,6.21101,359.576,0.45512,0.299
7204000,0,6.08896,349.196,0.2323,0.3155
7205000,0,6.10041,340.418,0.202595,0.302
7206000,5,33.2717,345.585,3.54283,0.34325
7207000,1,10.3491,344.803,1.19188,0.359
7208000,3,22.2978,346.321,1.66297,0.304
7209000,2,15.0051,350.141,2.19389,0.304
7210000,2,16.1447,356.429,0.864725,0.322
7211000,0,4.16567,314.343,0.434944,0.303636
7212000,0,6.21155,331.008,0.240903,0.327
7213000,0,6.35076,341.675,0.167504,0.319
7214000,0,6.4026,333.611,0.0892285,0.276
7215000,1,9.71944,333.011,0.90493,0.329
7216000,0,6.41043,328.209,0.0350276,0.319
7217000,0,6.29243,334.361,0.325014,0.298429
7218000,0,6.49234,325.773,0.0853831,0.322
7219000,0,6.52461,336.976,0.0809986,0.324
7220000,0,6.06073,337.366,0.442839,0.3445
7221000,1,11.7388,343.487,0.425159,0.321
7222000,2,16.0436,334.135,0.598924,0.3495
7223000,0,5.94977,329.953,0.11057,0.333
7224000,1,11.9172,334.053,1.08028,0.322
7225000,0,4.50686,316.126,1.56132,0.321333
7226000,1,10.0378,311.983,0.917338,0.349
7227000,1,12.4109,313.629,0.265197,0.343
7228000,1,10.7359,302.373,0.807346,0.378
7229000,0,4.95219,332.378,0.409018,0.313
7230000,0,6.63672,351.022,0.0842016,0.295833
7231000,0,6.35978,334.562,0.360274,0.313
7232000,1,9.19184,327.959,2.13578,0.323
7233000,0,6.60085,329.694,0.0690217,0.295
7234000,3,20.1376,342.284,0.89414,0.333
7235000,0,6.43875,339.161,0.298739,0.314
7236000,1,11.1642,352.673,1.13312,0.333
7237000,0,5.61719,354.497,1.11088,0.324
7238000,0,4.87802,359.172,1.84019,0.282
7239000,0,6.59354,332.426,0.0611419,0.312
7240000,0,6.6291,325.505,0.0630365,0.328
7241000,0,5.96172,322.433,0.0542304,0.348278
7242000,0,6.20143,334.721,0.464316,0.3065
7243000,1,11.3757,334.62,1.06661,0.289
7244000,0,6.65969,336.365,0.0577946,0.323739
7245000,2,16.8537,351.15,2.08773,0.308
7246000,3,17.8723,339.985,1.42542,0.3294
7247000,3,19.9495,334.258,1.50637,0.324
7248000,0,5.55185,343.112,0.537653,0.318
7249000,0,5.02637,324.203,1.02077,0.341
7250000,3,20.3488,317.55,0.510367,0.328
7251000,0,5.91651,333.814,0.0920782,0.333
7252000,1,10.7414,356.958,1.03585,0.323571
7253000,5,25.5884,347.362,3.15939,0.3241
7254000,6,31.8568,349.467,3.11179,0.353
7255000,4,27.6761,339.533,0.93236,0.323
7256000,0,6.05225,325.483,0.575257,0.316
7257000,3,22.4254,348.431,0.880896,0.3058
7258000,1,8.95786,325.923,0.778454,0.346
7259000,0,5.94251,321.578,0.0565113,0.314
7260000,1,10.6002,341.112,1.682,0.328
7261000,3,20.7259,335.596,2.03184,0.34025
7262000,2,15.0409,343.954,1.35201,0.326
7263000,2,18.3509,337.742,0.37175,0.36325
7264000,2,16.4035,339.415,0.342049,0.366
7265000,1,12.063,331.186,0.256005,0.33
7266000,0,4.8085,325.938,1.25825,0.331
7267000,0,6.47041,326.903,0.0833367,0.3225
7268000,0,6.20343,342.679,0.204068,0.31325
7269000,1,12.5603,335.449,0.352839,0.333
7270000,0,4.92903,337.452,1.46453,0.324
7271000,3,22.724,347.076,1.0229,0.322
7272000,0,6.24197,339.205,0.162335,0.337
7273000,0,5.3974,343.182,0.244836,0.339455
7274000,0,5.7064,331.452,0.344376,0.346
7275000,1,9.96669,337.046,1.69763,0.339
7276000,0,6.0683,338.371,0.0533771,0.314
7277000,2,15.6955,339.347,1.06828,0.3152
7278000,0,5.42295,332.264,0.705883,0.3415
7279000,1,7.60192,341.335,0.909779,0.327
7280000,4,25.143,340.326,3.56182,0.359
7281000,5,26.7692,334.007,3.33632,0.335
7282000,3,19.3259,332.446,2.22038,0.316
7283000,0,5.38856,322.867,0.917125,0.336294
7284000,0,6.14936,338.259,0.179069,0.315
7285000,0,6.12655,330.562,0.192723,0.297
7286000,0,5.88288,328.958,0.355029,0.339
7287000,4,27.1192,340.893,3.51739,0.294
7288000,8,46.6607,318.64,3.83694,0.416
7289000,0,6.00144,318.645,0.0308406,0.33
7290000,0,6.03202,326.777,0.0994458,0.329
7291000,1,8.45467,321.241,1.88776,0.309
7292000,0,5.37979,319.615,0.660632,0.373
7293000,2,14.6353,325.995,2.79899,0.331154
7294000,1,11.0014,313.46,0.172892,0.358
7295000,0,5.94786,328.668,0.063265,0.331944
7296000,0,5.43619,345.285,0.560591,0.309
7297000,4,24.5445,333.747,2.42051,0.334
7298000,2,13.904,317.881,1.9134,0.334
7299000,2,14.504,360.712,1.69408,0.3472
7300000,4,28.0046,338.91,0.939638,0.3335
7301000,1,9.81152,337.953,0.74323,0.323
7302000,3,20.5668,329.977,1.45521,0.34
7303000,2,10.7602,326.806,3.32334,0.341
7304000,4,30.0645,316.569,1.7363,0.35225
7305000,0,4.81209,315.487,0.738601,0.375
7306000,7,41.8275,340.922,2.29107,0.355
7307000,1,10.4522,312.348,1.46579,0.3765
7308000,0,5.45696,327.498,0.940335,0.332667
7309000,2,16.4979,307.291,1.91233,0.3365
7310000,0,3.38124,303.524,2.08488,0.38
7311000,0,5.06987,304.709,0.667224,0.368
7312000,0,5.79859,334.366,0.000479357,0.313
7313000,1,10.3512,318.532,2.13913,0.326
7314000,0,5.73977,313.141,0.107871,0.339364
7315000,2,15.1025,321.794,1.6352,0.339444
7316000,1,10.0932,316.526,0.700141,0.365
7317000,0,5.10722,334.684,0.822933,0.331
7318000,0,5.65842,326,0.257895,0.32
7319000,0,5.09755,309.455,0.740361,0.3546
7320000,0,6.03076,330.637,0.338672,0.32525
7321000,0,5.19641,331.319,1.23592,0.319
7322000,3,17.8402,310.521,1.53619,0.346778
7323000,0,5.66913,335.28,0.277818,0.3344
7324000,2,15.2754,339.567,2.02705,0.304
7325000,0,5.47104,327.742,0.422454,0.321333
7326000,0,4.6472,304.661,1.23449,0.354
7327000,0,5.37053,308.143,0.40395,0.351
7328000,0,4.38565,317.66,0.945518,0.366
7329000,1,11.9204,332.112,0.279678,0.318
7330000,0,5.68952,333.913,0.272216,0.32175
7331000,0,5.82905,328.506,0.142911,0.334
7332000,0,4.99568,332.845,0.617942,0.336667
7333000,0,5.08241,328.636,0.996302,0.322778
7334000,0,6.51841,328.499,0.126726,0.319
7335000,0,5.41208,336.431,0.172593,0.328
7336000,0,5.49865,310.518,0.166871,0.308
7337000,1,11.7111,326.843,0.42188,0.333333
7338000,0,6.27667,314.313,0.10134,0.327
7339000,0,6.46519,329.98,0.179587,0.3046
7340000,0,5.80981,323.185,0.546676,0.31
7341000,1,9.67591,349.927,1.84584,0.326875
7342000,2,15.8299,330.316,1.29453,0.34
7343000,1,10.606,329.28,0.544289,0.351
7344000,0,6.07976,325.613,0.120251,0.323
7345000,0,6.49218,322.263,0.137859,0.3126
7346000,0,6.40726,329.922,0.199368,0.333
7347000,0,5.70909,332.522,0.915832,0.331
7348000,0,5.57794,328.345,1.04698,0.334
7349000,1,11.7078,335.39,1.04798,0.3164
7350000,2,17.3483,329.641,2.28423,0.335
7351000,0,5.54747,313.741,0.667615,0.342133
7352000,1,11.0304,307.422,1.43882,0.346
7353000,0,5.12057,304.6,1.12235,0.378
7354000,0,5.49901,310.116,0.775067,0.349
7355000,1,12.6911,332.701,0.516306,0.318
7356000,0,6.53854,343.356,0.18558,0.306412
7357000,1,10.389,322.266,1.12855,0.3195
7358000,3,17.8006,338.662,1.78184,0.343
7359000,1,10.9664,323.783,0.597258,0.347
7360000,3,21.0926,320.471,2.25124,0.376
7361000,0,4.41588,313.057,1.92712,0.361
7362000,0,6.2825,329.355,0.425728,0.3025
7363000,0,6.58059,338.492,0.158999,0.307
7364000,0,6.36939,347.87,0.0808765,0.331571
7365000,1,8.40252,345.159,2.13616,0.328333
7366000,0,6.56213,335.953,0.142932,0.34
7367000,2,15.4714,322.908,2.52543,0.358
7368000,0,6.21613,327.458,0.193427,0.3305
7369000,0,6.5125,320.843,0.199979,0.343667
7370000,2,16.2163,336.393,0.984742,0.349
7371000,0,5.80537,309.458,0.435195,0.3374
7372000,3,21.3779,330.431,1.84264,0.322333
7373000,1,11.4474,327.813,0.2268,0.355
7374000,2,16.9552,326.496,2.61855,0.345
7375000,8,45.1285,341.871,7.20291,0.36425
7376000,1,10.6848,337.834,0.30095,0.347
7377000,3,22.1429,333.878,1.61128,0.367
7378000,5,33.0266,334.875,2.19495,0.308
7379000,2,16.5206,332.001,0.444835,0.344
7380000,4,20.0696,357.839,2.48884,0.324833
7381000,1,13.1302,364.083,0.215434,0.308
7382000,1,12.639,352.163,0.813641,0.274
7383000,0,6.58375,321.992,0.0917626,0.306
7384000,1,10.8456,322.042,0.891632,0.3556
7385000,1,11.5119,340.322,0.663351,0.346
7386000,0,5.99295,332.173,0.447112,0.307
7387000,0,5.90561,351.837,0.82788,0.3225
7388000,1,12.9746,349.279,0.494627,0.319
7389000,0,5.91794,348.253,0.699476,0.323158
7390000,0,5.16809,336.201,1.36568,0.311
7391000,0,6.274,340.393,0.292267,0.336
7392000,2,17.7894,335.229,1.1472,0.317
7393000,0,5.98926,329.885,0.647452,0.3124
7394000,1,12.0532,326.234,0.779989,0.317
7395000,0,5.4577,332.64,1.19726,0.314
7396000,1,9.37803,303.356,0.598122,0.3387
7397000,1,10.457,316.429,2.39107,0.365
7398000,0,6.29094,326.298,0.0921043,0.34
7399000,0,6.62589,319.558,0.0450719,0.331375
7400000,3,23.8337,334.489,1.8787,0.350375
7401000,2,19.0481,313.999,0.509029,0.343167
7402000,4,25.5751,317.044,1.3559,0.35
7403000,1,12.5758,324.861,0.346414,0.355
7404000,1,10.8666,340.334,2.08916,0.345
7405000,4,25.5026,352.492,0.915282,0.37
7406000,2,17.0163,341.05,2.34953,0.351
7407000,0,4.65947,349.637,1.97059,0.33
7408000,1,11.0313,336.054,1.39246,0.3
7409000,0,6.08134,328.783,0.474666,0.328
7410000,3,24.3832,336.917,1.30893,0.346
7411000,1,12.4981,351.421,0.534276,0.292
7412000,0,6.36103,336.67,0.272492,0.298
7413000,2,16.6982,338.348,0.455986,0.325
7414000,1,12.1791,335.003,0.839576,0.299
7415000,1,12.623,337.904,0.353689,0.321
7416000,0,6.51125,344.386,0.11385,0.337
7417000,3,20.5918,346.102,2.23506,0.292
7418000,0,5.53544,343.886,1.15496,0.315
7419000,1,11.05,352.02,0.945275,0.334
7420000,1,13.1646,345.934,0.339746,0.315
7421000,0,4.85425,350.61,1.67572,0.311
7422000,1,9.28516,328.325,0.479059,0.325391
7423000,0,6.2411,323.515,0.399951,0.304
7424000,1,11.9521,332.683,1.01227,0.309
7425000,0,6.34573,320.003,0.293961,0.329
7426000,0,6.25855,334.324,0.429875,0.321
7427000,1,10.4694,345.508,1.10579,0.315143
7428000,0,6.70604,350.583,0.00338891,0.3175
7429000,2,18.4051,327.843,0.858308,0.307125
7430000,0,5.13378,337.369,1.19213,0.321
7431000,0,6.24915,334.018,0.111067,0.331697
7432000,0,4.17409,315.107,2.16425,0.29
7433000,0,5.94972,331.254,0.557597,0.361
7434000,0,6.29637,341.523,0.246494,0.32725
7435000,0,6.53645,336.403,0.116704,0.309
7436000,1,13.2026,328.509,0.402242,0.314333
7437000,2,16.0217,331.514,1.33639,0.289
7438000,1,11.1006,339.441,1.53491,0.301667
7439000,2,10.3216,341.302,2.51893,0.35
7440000,0,6.528,334.767,0.0412468,0.3295
7441000,0,6.16595,342.89,0.542039,0.3035
7442000,1,9.65453,335.465,1.37129,0.298
7443000,0,5.49901,344.314,0.604097,0.302333
7444000,1,12.1752,334.746,0.388038,0.3138
7445000,2,17.2933,324.591,0.101626,0.372
7446000,0,6.25587,317.088,0.388061,0.298
7447000,0,6.48225,311.838,0.126237,0.33
7448000,1,9.99862,322.323,1.77821,0.336
7449000,3,17.8462,330.241,1.76725,0.369
7450000,0,6.07247,327.913,0.614752,0.314
7451000,0,6.41321,323.961,0.276918,0.314
7452000,0,6.53181,345.454,0.0228262,0.311632
7453000,2,14.8196,327.123,0.274544,0.319091
7454000,2,15.9368,341.143,0.701316,0.318
7455000,5,27.8075,349.836,4.26576,0.337
7456000,0,6.1409,343.899,0.592583,0.295
7457000,3,22.1185,352.248,1.77585,0.314833
7458000,5,27.8942,342.782,5.64076,0.311
7459000,2,17.7835,340.113,1.37168,0.303667
7460000,2,16.0292,349.574,1.39784,0.341
7461000,3,21.5528,365.49,2.71157,0.328
7462000,2,17.8878,354.354,1.54093,0.337571
7463000,2,15.5157,338.485,3.51904,0.327
7464000,2,17.6237,356.097,1.40656,0.317
7465000,4,25.0418,344.875,4.3794,0.319
7466000,1,11.0056,339.508,1.60958,0.331
7467000,0,5.38443,311.316,1.04908,0.327083
7468000,0,5.75087,317.651,0.721867,0.322
7469000,0,5.79779,325.507,0.64542,0.332
7470000,1,9.80674,350.09,0.892064,0.311111
7471000,3,18.9943,353.783,2.4493,0.328625
7472000,4,26.504,352.103,1.34149,0.304
7473000,0,5.78219,305.732,0.138942,0.317571
7474000,0,4.80193,339.939,1.70276,0.31
7475000,1,11.1542,335.218,1.06939,0.3408
7476000,2,13.4634,354.988,1.96944,0.35
7477000,4,24.254,343.604,2.64746,0.318
7478000,1,9.46122,372.877,1.09792,0.337
7479000,0,5.91045,348.788,0.758047,0.297
7480000,1,12.6612,343.468,0.655406,0.304
7481000,0,4.95669,327.685,1.70892,0.349
7482000,0,6.28787,332.966,0.175625,0.319875
7483000,0,6.60205,322.076,0.00255037,0.327
7484000,0,6.54336,312.889,0.0280247,0.327
7485000,2,14.4709,312.28,3.76819,0.371
7486000,0,6.53815,311.201,0.0308754,0.347
7487000,0,6.46709,344.42,0.0195681,0.3342
7488000,0,6.3254,324.378,0.00254204,0.3476
7489000,0,6.22178,338.367,0.138079,0.309
7490000,1,10.6617,345.699,2.08042,0.312889
7491000,1,9.12813,340.569,1.43658,0.315
7492000,0,6.64644,322.777,0.000483439,0.3325
7493000,0,6.6167,320.967,0.000431747,0.316
7494000,0,5.47974,337.312,1.23016,0.317
7495000,0,6.05287,343.488,0.348111,0.3165
7496000,1,12.0355,338.02,1.24762,0.316
7497000,4,23.3371,315.221,2.3343,0.363
7498000,1,11.8385,322.096,0.967566,0.362
7499000,0,6.1143,333.346,0.497021,0.344
7500000,0,6.49495,322.075,0.114875,0.311
7501000,1,11.6643,333.821,0.115229,0.338
7502000,0,6.54624,322.652,0.0767761,0.325
7503000,4,24.7821,317.713,2.06889,0.333
7504000,2,15.6079,326.615,1.54012,0.3259
7505000,7,37.6157,331.281,7.35607,0.334
7506000,4,24.5227,360.53,3.29773,0.344
7507000,5,34.0176,356.496,1.35437,0.3228
7508000,0,6.26137,331.482,0.413627,0.3322
7509000,6,31.3209,343.22,4.44214,0.328333
7510000,1,8.39622,340.713,0.704963,0.347467
7511000,3,19.4059,333.199,1.50429,0.341
7512000,0,6.16563,339.536,0.0261955,0.354
7513000,0,5.73722,308.793,0.672611,0.336
7514000,6,40.3428,319.158,3.96448,0.333
7515000,1,9.84947,339.539,2.33079,0.334
7516000,0,6.5553,325.854,0.0613305,0.340143
7517000,2,15.4458,343.494,2.11423,0.299
7518000,3,20.0275,334.156,3.04074,0.344
7519000,0,5.81485,327.142,0.584823,0.325667
7520000,2,14.3079,339.45,2.10459,0.322
7521000,4,26.1779,336.666,1.2942,0.325
7522000,9,44.6725,348.251,4.74842,0.337143
7523000,1,10.0831,309.026,0.500831,0.3472
7524000,1,11.7478,327.662,0.725294,0.398
7525000,2,14.4373,308.917,1.20295,0.383
7526000,0,6.47319,328.695,0.245473,0.325889
7527000,0,5.89271,337.208,0.547852,0.335
7528000,0,6.18723,331.088,0.197918,0.279
7529000,0,6.05201,329.423,0.385238,0.342
7530000,3,23.3715,331.596,1.17968,0.3355
7531000,1,11.5576,342.101,1.20401,0.311
7532000,0,6.03241,336.677,0.405254,0.335
7533000,3,22.7547,332.853,0.447271,0.34
7534000,1,11.0063,336.373,1.12569,0.353
7535000,2,17.8608,332.137,1.85103,0.320444
7536000,2,17.3921,342.851,0.631128,0.316
7537000,0,6.56388,333.391,0.186892,0.333
7538000,0,6.22437,362.235,0.526423,0.302
7539000,0,5.41944,348.431,1.03322,0.331
7540000,0,5.39677,342.382,1.05832,0.305
7541000,0,6.30926,335.335,0.11645,0.318
7542000,0,6.17564,335.541,0.359977,0.305
7543000,4,24.1397,338.759,0.722171,0.332357
7544000,4,27.1289,342.151,2.80225,0.354
7545000,0,5.93951,337.157,0.217349,0.324875
7546000,1,10.2531,343.727,1.15054,0.3285
7547000,0,5.72033,325.34,0.515134,0.335
7548000,0,6.30054,330.072,0.215994,0.308
7549000,0,6.54496,337.461,0.0335458,0.342
7550000,0,6.30538,334.176,0.324896,0.3142
7551000,0,5.77171,326.165,0.872255,0.311
7552000,0,4.51175,335.124,2.12489,0.307
7553000,3,23.0199,324.92,2.33168,0.32875
7554000,1,11.1603,330.934,0.695808,0.336143
7555000,0,6.45212,336.021,0.128309,0.287
7556000,1,12.1556,326.043,0.657637,0.348
7557000,0,6.33737,349.684,0.259167,0.323
7558000,0,6.13725,346.511,0.464238,0.285
7559000,1,11.0512,346.237,1.23075,0.292
7560000,1,10.0603,339.892,0.116149,0.309273
7561000,1,11.3214,332.332,1.71705,0.322
7562000,0,6.56024,338.179,0.053181,0.305889
7563000,1,11.5587,340.236,0.77977,0.309364
7564000,1,11.7642,328.762,1.19684,0.324
7565000,1,11.1778,351.156,1.56199,0.322333
7566000,2,16.1667,345.607,1.94861,0.332
7567000,3,15.7124,341.304,2.69909,0.3145
7568000,3,19.5036,372.41,1.80577,0.3175
7569000,8,48.735,358.852,3.62541,0.328
7570000,1,11.7292,350.696,0.771788,0.310556
7571000,0,6.58498,330.085,0.0899882,0.295
7572000,5,29.1707,314.853,1.76947,0.35
7573000,1,11.4661,330.666,0.973928,0.367
7574000,2,16.4266,330.778,1.55464,0.352
7575000,2,14.754,333.491,0.782465,0.346091
7576000,2,12.4393,329.892,3.37513,0.325
7577000,0,5.3773,336.075,1.08818,0.356
7578000,0,6.08493,317.249,0.447456,0.323778
7579000,0,6.39076,332.718,0.14713,0.335
7580000,2,15.0756,340.552,3.21367,0.349
7581000,1,10.029,342.504,1.4946,0.318
7582000,0,5.7314,323.941,0.825458,0.322
7583000,0,6.68889,316.493,0.00698193,0.330062
7584000,0,6.32828,323.993,0.3853,0.311
7585000,1,10.9352,318.38,0.462984,0.331818
7586000,0,5.96936,351.644,0.144462,0.351
7587000,1,12.3229,335.557,0.239362,0.3298
7588000,0,6.4764,330.175,0.234992,0.29975
7589000,0,5.92913,329.742,0.751203,0.324286
7590000,1,10.6959,350.585,0.444973,0.30225
7591000,0,5.91533,340.726,0.078947,0.268
7592000,0,5.66519,351.289,0.318419,0.272
7593000,1,11.2138,328.502,0.820746,0.29
7594000,0,5.87975,342.961,0.101253,0.356
7595000,0,6.08259,325.753,0.0382725,0.279
7596000,2,12.2283,348.586,1.42032,0.313429
7597000,1,11.1174,334.899,1.50357,0.329
7598000,0,5.45698,322.103,0.875502,0.316
7599000,1,11.4883,323.069,1.45624,0.321273
7600000,1,7.66735,343.859,1.68115,0.296
7601000,0,6.68194,332.63,0.0214601,0.298
7602000,0,6.63573,334.462,0.00206393,0.316429
7603000,0,6.67197,335.56,0.0634413,0.3195
7604000,0,5.9831,325.014,0.689227,0.312
7605000,4,27.7801,337.252,2.40131,0.288
7606000,0,6.39542,319.679,0.0235843,0.315
7607000,0,5.45452,335.409,0.95672,0.301
7608000,0,5.84381,326.68,0.635755,0.346
7609000,0,6.34791,337.48,0.150629,0.335
7610000,0,4.93417,321.796,1.75622,0.334
7611000,1,9.88898,347.223,2.30061,0.315
7612000,0,6.50881,333.94,0.205676,0.284
7613000,3,22.2682,345.13,1.2335,0.318
7614000,2,16.4781,311.257,1.13898,0.33237
7615000,0,5.99846,328.21,0.0516267,0.351
7616000,1,10.4688,308.092,0.447153,0.371
7617000,1,8.79585,326.445,0.61842,0.339737
7618000,0,6.65395,337.255,0.0252224,0.330571
7619000,0,6.09174,342.438,0.155943,0.331
7620000,1,11.6006,322.498,0.229563,0.322
7621000,0,5.89874,341.259,0.355581,0.36
7622000,1,7.19337,349.634,1.57524,0.333
7623000,1,10.6273,343.081,0.328846,0.322
7624000,2,12.5719,341.558,1.5476,0.348
7625000,0,5.2447,307.762,0.138511,0.362556
7626000,0,5.56382,328.135,0.0116725,0.341
7627000,1,11.6729,319.029,0.440619,0.311
7628000,0,5.49398,326.886,0.0878553,0.34
7629000,0,5.03099,311.746,0.452663,0.331
7630000,0,4.97059,312.705,0.485851,0.379
7631000,0,6.59699,340.452,0.112821,0.313615
7632000,6,38.7331,311.975,2.86057,0.327
7633000,3,22.1693,323.115,3.09255,0.351
7634000,0,5.16203,334.399,0.546159,0.36
7635000,0,5.44912,330.833,0.247437,0.315
7636000,0,4.88596,337.688,0.837164,0.321
7637000,1,8.48921,346.873,1.76649,0.317125
7638000,0,5.70478,332.558,0.87588,0.311
7639000,0,6.30114,338.565,0.31818,0.277
7640000,0,6.19405,348.992,0.431237,0.308
7641000,0,6.53359,353.266,0.0757005,0.259
7642000,0,5.68653,332.031,0.590661,0.311182
7643000,0,6.36909,336.115,0.1408,0.327947
7644000,4,24.3742,333.106,3.10488,0.341
7645000,0,6.51788,340.274,0.0350045,0.333
7646000,0,6.39778,333.205,0.06279,0.32
7647000,2,14.323,352.412,2.31014,0.328727
7648000,0,6.27767,330.937,0.0662082,0.322429
7649000,1,12.4133,341.57,0.781544,0.302
7650000,2,13.5062,335.291,2.5388,0.303
7651000,4,29.6854,327.659,1.12399,0.33
7652000,1,11.3007,324.498,0.510773,0.3234
7653000,1,11.4805,316.948,1.26518,0.352
7654000,2,18.2364,334.319,0.509973,0.345
7655000,4,30.1915,335.953,1.75062,0.368
7656000,2,15.7815,342.93,1.26554,0.335
7657000,2,12.8574,336.722,0.205992,0.338
7658000,2,11.0027,337.04,1.91841,0.342
7659000,0,5.01664,322.546,0.209015,0.327882
7660000,1,11.6563,324.468,0.779234,0.3368
7661000,0,6.14573,337.156,0.26164,0.33
7662000,1,10.8476,330.933,1.22106,0.336
7663000,0,5.79715,331.797,0.66255,0.317
7664000,2,16.2253,324.901,1.75524,0.303
7665000,0,5.49676,337.676,1.20711,0.328833
7666000,2,16.8697,323.155,0.485342,0.324375
7667000,0,3.88847,331.558,2.57594,0.343
7668000,0,6.12014,323.536,0.388816,0.326
7669000,0,5.55566,341.2,1.0033,0.30425
7670000,0,6.05624,345.922,0.508694,0.285
7671000,0,6.20638,338.871,0.310445,0.327
7672000,1,10.8994,332.237,1.13137,0.3285
7673000,0,6.1375,340.961,0.284955,0.321889
7674000,2,15.3509,350.408,1.16112,0.333
7675000,6,37.6837,346.859,1.0786,0.358
7676000,4,25.9274,346.942,2.06516,0.337
7677000,6,34.3186,331.696,4.4787,0.339
7678000,6,37.2188,337.425,3.66367,0.335
7679000,4,26.0437,355.522,1.26613,0.319
7680000,5,30.0035,334.047,4.18083,0.310906
7681000,3,21.2731,357.687,1.67397,0.3175
7682000,7,44.407,347.703,3.04058,0.308
7683000,3,22.1546,343.636,1.78006,0.363
7684000,0,6.15329,349.084,0.495594,0.314167
7685000,0,6.43271,348.677,0.214739,0.297
7686000,0,6.60761,351.282,0.0828082,0.28
7687000,1,11.7284,343.952,1.2161,0.28
7688000,1,9.32267,337.56,2.14682,0.363
7689000,2,17.0019,331.416,0.851288,0.319
7690000,2,15.7413,349.478,3.84157,0.3263
7691000,1,11.4418,342.187,1.46602,0.32605
7692000,0,6.44131,329.077,0.212166,0.3075
7693000,0,6.28173,326.187,0.426962,0.3219
7694000,6,36.6995,323.024,2.59416,0.3305
7695000,0,6.23887,347.282,0.176899,0.319
7696000,0,6.57956,333.369,0.152381,0.325
7697000,0,5.45597,319.874,1.26832,0.307
7698000,0,6.61773,328.568,0.0964273,0.308
7699000,0,6.25832,318.397,0.265785,0.32675
7700000,0,5.43175,323.457,1.1051,0.344
7701000,0,5.79831,329.174,0.727538,0.311
7702000,0,5.7592,336.547,0.765822,0.288
7703000,2,16.5397,331.745,0.971394,0.283
7704000,0,6.4493,317.418,0.237833,0.357
7705000,1,12.5258,327.367,0.557325,0.318
7706000,0,6.56346,310.488,0.0309801,0.325692
7707000,1,11.0762,332.783,1.24603,0.37
7708000,0,6.12782,335.805,0.562002,0.298333
7709000,0,4.7352,334.354,1.93388,0.339
7710000,0,6.02847,328.147,0.60624,0.343
7711000,1,13.0794,361.365,0.504947,0.296
7712000,3,22.7485,360.86,1.79952,0.324
7713000,3,21.7665,347.118,1.78923,0.330955
7714000,3,21.8622,369.782,0.426309,0.312
7715000,0,6.65083,336.416,0.0954295,0.307824
7716000,1,11.4718,342.377,0.1771,0.305
7717000,2,17.7771,329.396,1.72717,0.314
7718000,1,10.1373,327.935,1.11748,0.313
7719000,1,12.5367,323.381,0.0827106,0.297
7720000,0,6.26433,326.033,0.411351,0.319
7721000,1,11.8871,332.722,1.17795,0.32
7722000,1,12.367,326.717,0.500852,0.296
7723000,3,19.835,335.63,1.78234,0.338
7724000,1,12.3978,348.654,1.122,0.3222
7725000,0,6.46443,333.994,0.219058,0.324
7726000,2,18.4759,351.347,0.603876,0.325
7727000,0,6.16114,332.409,0.504632,0.293
7728000,0,6.4017,335.65,0.272458,0.301
7729000,0,6.41414,328.334,0.216287,0.326
7730000,0,6.36822,332.87,0.299217,0.291
7731000,0,5.3637,344.872,1.10116,0.3255
7732000,2,18.3638,339.585,1.17643,0.282
7733000,1,11.6942,337.723,0.197814,0.298
7734000,0,6.39917,325.573,0.129796,0.344
7735000,0,5.95653,349.41,0.011599,0.314115
7736000,0,6.02777,323.116,0.482997,0.359
7737000,2,15.9711,343.487,0.284435,0.339
7738000,1,11.1193,342.816,1.52604,0.334
7739000,2,17.155,353.131,0.516426,0.339
7740000,0,5.84232,348.759,0.738392,0.306
7741000,0,4.95884,348.863,1.60318,0.287
7742000,2,17.0968,344.718,2.01374,0.302
7743000,0,3.31855,338.538,0.0369255,0.297375
7744000,2,14.9385,332.233,1.93312,0.303
7745000,0,5.59731,325.949,1.02388,0.332867
7746000,0,6.5194,329.876,0.0726117,0.269
7747000,0,6.58107,340.879,0.0484671,0.282
7748000,1,12.1186,330.738,0.261136,0.346
7749000,0,6.51842,355.626,0.137821,0.299
7750000,2,16.2532,340.914,2.31991,0.309
7751000,2,14.0603,329.678,0.751013,0.354
7752000,0,6.69822,351.027,0.0676461,0.297625
7753000,1,12.3339,351.017,1.1866,0.29
7754000,0,6.03129,347.195,0.485534,0.316083
7755000,1,11.1459,352.66,1.75258,0.338
7756000,2,14.168,354.359,0.868453,0.313111
7757000,1,11.7512,324.722,1.59113,0.329
7758000,1,11.448,327.104,0.555155,0.318
7759000,4,27.518,350.751,2.07221,0.358
7760000,6,38.5818,351.443,2.47887,0.313
7761000,2,15.8583,341.831,0.998042,0.319
7762000,2,14.7057,334.012,3.77672,0.321778
7763000,1,10.7978,346.473,1.78315,0.322917
7764000,1,10.2353,335.648,1.76496,0.319
7765000,1,9.73738,331.931,1.20219,0.303
7766000,1,12.186,335.495,0.422313,0.336
7767000,0,6.42506,350.382,0.256445,0.331
7768000,0,6.23764,351.054,0.397608,0.323
7769000,1,13.1166,320.353,0.124833,0.32925
7770000,0,6.62774,313.542,0.05211,0.33875
7771000,2,18.5543,307.743,1.31875,0.3695
7772000,0,6.13775,336.953,0.473644,0.3024
7773000,0,6.64462,350.607,0.0451221,0.285
7774000,0,5.60717,344.911,0.157479,0.292
7775000,0,4.93987,348.106,0.814915,0.307
7776000,4,23.439,353.837,4.30072,0.307
7777000,2,14.7806,361.8,0.85818,0.312
7778000,0,5.93603,341.781,0.644438,0.32325
7779000,0,5.43126,351.279,0.34597,0.293
7780000,1,7.53292,327.355,1.00882,0.303
7781000,0,5.8835,330.436,0.371608,0.31
7782000,0,5.66019,341.115,1.00975,0.309727
7783000,0,6.60988,341.745,0.0314858,0.2947
7784000,1,11.2288,343.122,0.835223,0.324
7785000,0,5.06661,338.774,1.58684,0.302
7786000,0,6.37228,342.294,0.275872,0.29225
7787000,2,15.8899,352.354,1.39023,0.277
7788000,0,6.48869,323.096,0.13149,0.332
7789000,0,6.08372,338.208,0.543686,0.289
7790000,0,6.58617,342.819,0.0629742,0.314
7791000,0,6.4937,351.252,0.113305,0.315
7792000,1,12.3838,329.466,0.630939,0.318
7793000,2,12.8031,345.466,1.07985,0.315364
7794000,0,5.56946,340.003,0.621489,0.298857
7795000,0,6.23918,332.409,0.473837,0.314
7796000,1,11.4697,340.09,0.0763541,0.319
7797000,1,12.6758,316.367,0.658637,0.3305
7798000,2,18.4892,331.431,1.49159,0.341
7799000,2,17.2165,315.759,0.638397,0.325
7800000,0,6.26516,334.218,0.434794,0.33
7801000,0,6.34072,341.162,0.367118,0.279
7802000,0,6.28847,346.54,0.422224,0.318476
7803000,2,14.9281,328.249,0.383165,0.313
7804000,4,28.4207,338.641,2.15603,0.297
7805000,4,25.7269,325.135,1.42468,0.30425
7806000,2,15.7167,324.938,1.25246,0.328714
7807000,6,37.1767,321.535,2.1707,0.392
7808000,2,14.6832,317.602,0.516449,0.359
7809000,1,9.57598,329.654,0.254056,0.35
7810000,2,14.3779,344.123,1.73521,0.334
7811000,0,6.00735,353.502,0.724739,0.307571
7812000,0,6.01904,354.294,0.693374,0.296
7813000,0,6.21676,346.428,0.472614,0.29
7814000,2,16.5596,333.141,0.98921,0.329
7815000,1,11.0916,335.926,0.546259,0.306
7816000,0,5.76474,324.853,0.727991,0.352
7817000,0,2.60233,350.346,3.74292,0.316571
7818000,2,13.5878,366.928,3.23766,0.2995
7819000,1,11.192,333.273,1.26921,0.312261
7820000,1,12.4256,348.698,0.472189,0.3075
7821000,0,6.44017,342.454,0.0466186,0.328
7822000,0,6.14027,342.781,0.343438,0.305
7823000,1,11.7671,346.957,0.834757,0.313
7824000,0,5.08369,333.17,1.38866,0.332143
7825000,1,11.5662,326.165,1.78134,0.325
7826000,0,6.24975,333.172,0.294326,0.2805
7827000,1,9.92162,336.387,2.49754,0.302
7828000,1,12.1416,333.215,1.23024,0.315778
7829000,1,11.5658,326.771,1.3933,0.301
7830000,1,11.4816,348.534,1.03981,0.298571
7831000,5,36.3561,336.933,2.46172,0.32
7832000,8,47.7646,335.5,5.14682,0.326
7833000,0,6.11755,328.126,0.530338,0.3016
7834000,2,17.092,327.682,2.02526,0.3325
7835000,3,20.9932,340.659,3.23736,0.346
7836000,0,5.86256,334.892,0.782028,0.298
7837000,0,4.03557,336.618,2.58713,0.303
7838000,0,6.20454,335.283,0.442744,0.317
7839000,1,12.0192,332.575,0.432029,0.301
7840000,2,16.6162,363.404,1.6167,0.311667
7841000,4,28.1978,370.637,3.33054,0.314
7842000,3,18.8254,343.181,6.06169,0.311
7843000,0,6.60398,342,0.0195337,0.329
7844000,0,6.05744,339.549,0.548631,0.278
7845000,0,6.25172,339.459,0.3169,0.303
7846000,1,8.56553,340.889,0.577173,0.289
7847000,1,11.4517,325.304,0.910011,0.310833
7848000,0,5.64672,337.129,0.955349,0.353
7849000,0,6.51534,340.493,0.0594642,0.325
7850000,11,62.6035,352.197,5.31623,0.311091
7851000,7,42.78,356.249,3.9409,0.319
7852000,0,5.74254,334.17,0.840429,0.301333
7853000,3,23.7912,313.48,0.589615,0.358
7854000,1,10.4669,339.246,0.771719,0.348
7855000,1,8.69221,334.184,1.22392,0.3115
7856000,2,17.7559,354.92,1.31288,0.35
7857000,2,14.6464,348.612,1.4146,0.3279
7858000,1,10.8269,340.154,1.00644,0.304
7859000,0,5.54489,326.774,0.660167,0.319367
7860000,1,11.5329,328.413,0.111679,0.285
7861000,0,6.45224,343.017,0.00766836,0.309143
7862000,0,5.06934,336.758,0.788889,0.3215
7863000,0,5.69606,322.87,0.107755,0.332
7864000,0,5.05103,323.617,1.42661,0.303333
7865000,1,10.5029,327.941,1.45139,0.355
7866000,0,5.6944,327.389,0.192508,0.344333
7867000,0,5.4224,344.744,0.4482,0.319
7868000,1,10.682,352.691,0.590236,0.323
7869000,0,5.78734,327.693,0.622469,0.3385
7870000,1,11.1884,354.712,0.730957,0.310786
7871000,2,13.5277,350.433,1.11523,0.29
7872000,3,20.5855,357.505,2.15858,0.313
7873000,2,16.7369,329.978,0.565596,0.313
7874000,1,9.21374,334.907,2.11747,0.3425
7875000,0,5.31613,317.957,0.481257,0.342
7876000,0,6.09509,331.325,0.540966,0.321
7877000,3,18.8842,316.478,1.94921,0.323158
7878000,0,6.29425,323.836,0.34744,0.38
7879000,0,5.72218,311.41,0.0129321,0.35325
7880000,2,15.0244,342.021,1.10939,0.32625
7881000,0,5.99183,322.339,0.733336,0.285
7882000,1,10.6664,323.583,0.942584,0.328769
7883000,0,5.60976,333.083,0.312254,0.31425
7884000,0,5.41897,342.314,0.509536,0.339
7885000,0,5.90054,336.841,0.0228565,0.326
7886000,1,10.3963,331.921,2.30657,0.315
7887000,1,11.3913,336.791,0.299855,0.321
7888000,0,5.92015,343.819,0.797042,0.320833
7889000,1,11.0635,318.257,2.25722,0.346875
7890000,2,16.2895,332.428,2.36497,0.353
7891000,3,20.3444,352.748,4.3002,0.329
7892000,2,15.9587,345.118,0.900585,0.3246
7893000,0,6.26769,337.276,0.461898,0.3322
7894000,0,6.21336,319.766,0.475941,0.314
7895000,0,5.98444,318.721,0.689737,0.32975
7896000,0,6.36125,334.184,0.0329617,0.3135
7897000,1,11.9796,337.733,0.14106,0.281
7898000,0,5.98893,340.636,0.220562,0.348
7899000,3,24.212,336.061,1.40174,0.327
7900000,0,6.11542,330.682,0.0874429,0.329
7901000,0,6.49374,348.082,0.214229,0.317913
7902000,1,13.2299,355.057,0.298862,0.301
7903000,3,21.1088,346.47,1.90298,0.299
7904000,0,6.61074,344.571,0.0662174,0.3171
7905000,0,6.56228,348.576,0.111154,0.275
7906000,0,5.65458,331.022,1.00505,0.341
7907000,0,5.21686,344.145,0.709706,0.315857
7908000,0,6.56106,345.043,0.182679,0.3026
7909000,0,6.42724,336.654,0.290126,0.286
7910000,0,6.64094,332.421,0.061377,0.3
7911000,1,10.582,339.348,0.375942,0.33975
7912000,2,19.5532,338.319,0.578253,0.32
7913000,0,6.09697,308.931,0.0198829,0.3195
7914000,0,5.70624,324.779,0.423286,0.313
7915000,0,6.50823,332.828,0.139902,0.326222
7916000,0,5.99865,324.712,0.0808689,0.339
7917000,1,10.0041,312.042,1.74168,0.338
7918000,2,15.2216,358.128,2.69646,0.311833
7919000,1,11.7278,344.716,0.712879,0.329
7920000,0,6.41228,348.012,0.151404,0.325
7921000,2,18.3405,358.822,1.06865,0.298
7922000,1,10.2004,324.552,0.982903,0.3402
7923000,1,11.2535,330.16,1.00137,0.3235
7924000,0,4.71035,330.263,1.65549,0.359
7925000,2,18.3147,324.629,1.842,0.3374
7926000,0,5.55075,321.56,0.551596,0.3445
7927000,0,6.00818,328.187,0.0632859,0.356
7928000,1,12.1241,335.397,0.129002,0.302
7929000,0,5.81746,331.891,0.360154,0.317
7930000,0,5.75329,309.785,0.206925,0.33
7931000,3,23.6943,308.22,0.320991,0.354
7932000,1,11.7931,318.523,0.766519,0.349
7933000,0,6.29094,328.001,0.346055,0.341222
7934000,1,9.89296,331.999,0.835135,0.324
7935000,1,13.2398,334.112,0.153094,0.331
7936000,0,4.21542,348.945,0.570476,0.3152
7937000,0,3.67793,351.759,1.0919,0.316
7938000,1,9.46976,339.915,2.19082,0.326833
7939000,3,22.8756,356.519,2.16662,0.325
7940000,1,11.7352,353.038,1.0694,0.305
7941000,1,11.0669,339.91,1.4615,0.325
7942000,5,29.62,332.032,4.87737,0.356
7943000,4,22.1562,356.192,2.46391,0.304333
7944000,4,23.3157,365.479,2.3239,0.318
7945000,5,27.3887,359.166,1.17266,0.336
7946000,3,21.5983,341.299,2.05451,0.36725
7947000,2,16.7591,347.432,1.26827,0.339
7948000,3,22.5112,327.478,0.916074,0.365
7949000,3,18.8985,328.95,3.34122,0.344
7950000,6,35.4501,326.582,5.3311,0.351
7951000,3,21.0307,338.443,2.39294,0.321
7952000,3,20.8542,344.005,0.952005,0.337
7953000,1,11.7964,337.045,0.884945,0.322
7954000,2,14.1276,330.63,1.46037,0.316
7955000,0,6.33989,335.502,0.408954,0.3217
7956000,0,6.35691,355.559,0.406447,0.26
7957000,4,30.1027,355.688,1.1001,0.326
7958000,0,6.13883,345.673,0.587944,0.321
7959000,1,13.0498,365.52,0.452171,0.313
7960000,1,10.7727,331.991,0.513001,0.315111
7961000,2,17.6503,323.788,1.28789,0.322
7962000,0,6.05373,333.118,0.0615885,0.330125
7963000,2,15.6009,343.755,1.50695,0.322
7964000,0,5.8124,334.406,0.365839,0.308
7965000,0,5.56405,347.238,0.583191,0.285
7966000,0,5.28173,336.591,0.845317,0.288
7967000,4,25.4547,353.194,4.04557,0.311
7968000,0,6.54086,344.104,0.077665,0.316286
7969000,0,6.57172,351.255,0.0539728,0.296
7970000,0,6.27926,341.034,0.0260008,0.327667
7971000,1,11.3225,336.682,0.407554,0.288
7972000,0,6.08436,340.013,0.232811,0.317
7973000,1,11.5379,349.328,1.68925,0.3
7974000,0,5.08222,336.011,1.18038,0.35
7975000,0,5.30413,339.798,0.0486876,0.321825
7976000,0,6.15256,329.476,0.0142215,0.305
7977000,0,5.62051,314.574,0.534637,0.307
7978000,0,6.22239,332.45,0.166138,0.290474
7979000,2,11.1694,324.021,4.35195,0.3402
7980000,2,15.2289,346.383,1.92099,0.315
7981000,1,9.36014,335.787,2.15356,0.323
7982000,0,4.97935,346.707,0.928462,0.3172
7983000,2,14.5276,351.437,1.63289,0.3082
7984000,3,23.2883,346.2,2.21262,0.339
7985000,0,5.67846,346.606,0.931139,0.298
7986000,0,6.4294,342.099,0.23478,0.336
7987000,1,12.1222,339.465,0.861435,0.323
7988000,0,6.4414,336.215,0.253113,0.287
7989000,0,2.49651,314.4,0.888966,0.315
7990000,2,11.8158,333.387,1.80587,0.35
7991000,0,6.70279,339.691,0.0322142,0.323
7992000,0,6.6702,347.027,0.0626143,0.278
7993000,0,6.19234,338.222,0.534708,0.31675
7994000,0,4.93297,333.404,0.856295,0.31725
7995000,3,15.7808,348.487,2.82961,0.319769
7996000,1,10.3736,343.887,0.472721,0.346
7997000,0,5.25106,334.634,0.00831484,0.296
7998000,1,11.5767,333.054,0.547007,0.288
7999000,0,4.48695,344.681,0.79313,0.307
